session_id	app_id	timestamp	event_name	event_data	event_source	app_version	app_branch	log_version	offset	user_id	user_data	game_state	index
"26080215511567606"	"AQUALAB"	"2026-08-02T20:51:48.717000+00:00"	"select_language"	{"language": "SPANISH", "server_time": "2026-08-02T15:51:49+00:00"}	"GAME"	"120"	""	"6"	"UTC-05:00"	""	{}	{"job_name": "no-active-job", "money": 0, "region": "no-active-region", "scene_type": "menu", "science_level": 0, "science_points": 0, "site": "no-active-site", "time_since_launch": 33.27}	0
"26080215550082537"	"AQUALAB"	"2026-08-02T20:55:28.534000+00:00"	"select_language"	{"language": "SPANISH", "server_time": "2026-08-02T15:55:28+00:00"}	"GAME"	"120"	""	"6"	"UTC-05:00"	""	{}	{"job_name": "no-active-job", "money": 0, "region": "no-active-region", "scene_type": "menu", "science_level": 0, "science_points": 0, "site": "no-active-site", "time_since_launch": 28.44}	0
"26080218000501304"	"AQUALAB"	"2026-08-02T22:09:23.255000+00:00"	"load_error"	{"server_time": "2026-08-02T17:10:23+00:00", "url": "https://fieldday-web.wcer.wisc.edu/wsgi-bin/opengamedata.wsgi/player/RebelTag/game/AQUALAB/state"}	"GAME"	"120"	""	"6"	"UTC-04:00"	""	{}	{"job_name": "no-active-job", "money": 0, "region": null, "scene_type": null, "science_level": 0, "science_points": 0, "site": null, "time_since_launch": 560.05}	0
"26080218154471252"	"AQUALAB"	"2026-08-03T01:17:31.144000+00:00"	"load_error"	{"server_time": "2026-08-02T20:18:31+00:00", "url": "https://fieldday-web.wcer.wisc.edu/wsgi-bin/opengamedata.wsgi/player/AnnualCall/game/AQUALAB/state"}	"GAME"	"120"	""	"6"	"UTC-07:00"	""	{}	{"job_name": "no-active-job", "money": 0, "region": null, "scene_type": null, "science_level": 0, "science_points": 0, "site": null, "time_since_launch": 113.61}	0
"26080223015279498"	"AQUALAB"	"2026-08-03T03:02:22.539000+00:00"	"load_error"	{"server_time": "2026-08-02T22:01:49+00:00", "url": "https://fieldday-web.wcer.wisc.edu/wsgi-bin/opengamedata.wsgi/player/"}	"GAME"	"120"	""	"6"	"UTC-04:00"	""	{}	{"job_name": "no-active-job", "money": 0, "region": "no-active-region", "scene_type": "menu", "science_level": 0, "science_points": 0, "site": "no-active-site", "time_since_launch": 29.92}	0
"26080223015279498"	"AQUALAB"	"2026-08-03T03:02:27.583000+00:00"	"load_error"	{"server_time": "2026-08-02T22:01:54+00:00", "url": "https://fieldday-web.wcer.wisc.edu/wsgi-bin/opengamedata.wsgi/player/"}	"GAME"	"120"	""	"6"	"UTC-04:00"	""	{}	{"job_name": "no-active-job", "money": 0, "region": "no-active-region", "scene_type": "menu", "science_level": 0, "science_points": 0, "site": "no-active-site", "time_since_launch": 34.96}	1
"26080315050417437"	"AQUALAB"	"2026-08-03T05:14:59.404000+00:00"	"load_error"	{"server_time": "2026-08-03T00:20:02+00:00", "url": "https://fieldday-web.wcer.wisc.edu/wsgi-bin/opengamedata.wsgi/player/?player_id=BruisedJewel&name="}	"GAME"	"120"	""	"6"	"UTC+10:00"	""	{}	{"job_name": "no-active-job", "money": 0, "region": "no-active-region", "scene_type": "menu", "science_level": 0, "science_points": 0, "site": "no-active-site", "time_since_launch": 595.09}	0
"26080315050417437"	"AQUALAB"	"2026-08-03T05:20:53.596000+00:00"	"load_error"	{"server_time": "2026-08-03T00:20:54+00:00", "url": "https://fieldday-web.wcer.wisc.edu/wsgi-bin/opengamedata.wsgi/player/?player_id=BruisedJewel&name="}	"GAME"	"120"	""	"6"	"UTC+10:00"	""	{}	{"job_name": "no-active-job", "money": 0, "region": "no-active-region", "scene_type": "menu", "science_level": 0, "science_points": 0, "site": "no-active-site", "time_since_launch": 949.29}	1
"26080410551265532"	"AQUALAB"	"2026-08-04T03:55:56.681000+00:00"	"load_error"	{"server_time": "2026-08-03T22:56:10+00:00", "url": "https://fieldday-web.wcer.wisc.edu/wsgi-bin/opengamedata.wsgi/player/2998374/game/AQUALAB/state"}	"GAME"	"120"	""	"6"	"UTC+07:00"	""	{}	{"job_name": "no-active-job", "money": 0, "region": "no-active-region", "scene_type": "menu", "science_level": 0, "science_points": 0, "site": "no-active-site", "time_since_launch": 44.82}	0
"26080410551265532"	"AQUALAB"	"2026-08-04T03:56:04.261000+00:00"	"load_error"	{"server_time": "2026-08-03T22:56:16+00:00", "url": "https://fieldday-web.wcer.wisc.edu/wsgi-bin/opengamedata.wsgi/player/12345/game/AQUALAB/state"}	"GAME"	"120"	""	"6"	"UTC+07:00"	""	{}	{"job_name": "no-active-job", "money": 0, "region": "no-active-region", "scene_type": "menu", "science_level": 0, "science_points": 0, "site": "no-active-site", "time_since_launch": 52.4}	1
"26080410551265532"	"AQUALAB"	"2026-08-04T03:56:15.010000+00:00"	"load_error"	{"server_time": "2026-08-03T22:56:27+00:00", "url": "https://fieldday-web.wcer.wisc.edu/wsgi-bin/opengamedata.wsgi/player/27381/game/AQUALAB/state"}	"GAME"	"120"	""	"6"	"UTC+07:00"	""	{}	{"job_name": "no-active-job", "money": 0, "region": "no-active-region", "scene_type": "menu", "science_level": 0, "science_points": 0, "site": "no-active-site", "time_since_launch": 63.15}	2
"26080413321140094"	"AQUALAB"	"2026-08-04T20:32:56.987000+00:00"	"load_error"	{"server_time": "2026-08-04T15:32:58+00:00", "url": "https://fieldday-web.wcer.wisc.edu/wsgi-bin/opengamedata.wsgi/player/jj/game/AQUALAB/state"}	"GAME"	"120"	""	"6"	"UTC-07:00"	""	{}	{"job_name": "no-active-job", "money": 0, "region": "no-active-region", "scene_type": "menu", "science_level": 0, "science_points": 0, "site": "no-active-site", "time_since_launch": 46.77}	0
"26080413321140094"	"AQUALAB"	"2026-08-04T20:33:14.981000+00:00"	"load_error"	{"server_time": "2026-08-04T15:33:16+00:00", "url": "https://fieldday-web.wcer.wisc.edu/wsgi-bin/opengamedata.wsgi/player/persaya/game/AQUALAB/state"}	"GAME"	"120"	""	"6"	"UTC-07:00"	""	{}	{"job_name": "no-active-job", "money": 0, "region": "no-active-region", "scene_type": "menu", "science_level": 0, "science_points": 0, "site": "no-active-site", "time_since_launch": 64.76}	1
"26080413434939152"	"AQUALAB"	"2026-08-04T20:45:18.868000+00:00"	"load_error"	{"server_time": "2026-08-04T15:45:19+00:00", "url": "https://fieldday-web.wcer.wisc.edu/wsgi-bin/opengamedata.wsgi/player/odin%20din%20dune%20why%20u%20bulleh%20me+/game/AQUALAB/state"}	"GAME"	"120"	""	"6"	"UTC-07:00"	""	{}	{"job_name": "no-active-job", "money": 0, "region": "no-active-region", "scene_type": "menu", "science_level": 0, "science_points": 0, "site": "no-active-site", "time_since_launch": 90.1}	0
"26080413434939152"	"AQUALAB"	"2026-08-04T20:45:41.655000+00:00"	"load_error"	{"server_time": "2026-08-04T15:45:42+00:00", "url": "https://fieldday-web.wcer.wisc.edu/wsgi-bin/opengamedata.wsgi/player/curiouspoetry/game/AQUALAB/state"}	"GAME"	"120"	""	"6"	"UTC-07:00"	""	{}	{"job_name": "no-active-job", "money": 0, "region": "no-active-region", "scene_type": "menu", "science_level": 0, "science_points": 0, "site": "no-active-site", "time_since_launch": 112.89}	1
"26080414055290581"	"AQUALAB"	"2026-08-04T21:06:38.121000+00:00"	"select_language"	{"language": "SPANISH", "server_time": "2026-08-04T16:06:38+00:00"}	"GAME"	"120"	""	"6"	"UTC-07:00"	""	{}	{"job_name": "no-active-job", "money": 0, "region": "no-active-region", "scene_type": "menu", "science_level": 0, "science_points": 0, "site": "no-active-site", "time_since_launch": 47.2}	0
"26080414055290581"	"AQUALAB"	"2026-08-04T21:06:39.717000+00:00"	"select_language"	{"language": "ENGLISH", "server_time": "2026-08-04T16:06:40+00:00"}	"GAME"	"120"	""	"6"	"UTC-07:00"	""	{}	{"job_name": "no-active-job", "money": 0, "region": "no-active-region", "scene_type": "menu", "science_level": 0, "science_points": 0, "site": "no-active-site", "time_since_launch": 48.8}	1
"26080414305364535"	"AQUALAB"	"2026-08-04T21:32:03.039000+00:00"	"load_error"	{"server_time": "2026-08-04T16:33:04+00:00", "url": "https://fielddaylab.org/play/wake/ci/production/StreamingAssets/Textures/Title/WAKE_noEffects.png"}	"GAME"	"120"	""	"6"	"UTC-07:00"	""	{}	{"job_name": "no-active-job", "money": 0, "region": "no-active-region", "scene_type": "menu", "science_level": 0, "science_points": 0, "site": "no-active-site", "time_since_launch": 70.8}	0
"26080414305364535"	"AQUALAB"	"2026-08-04T21:32:03.048000+00:00"	"load_error"	{"server_time": "2026-08-04T16:33:04+00:00", "url": "https://fielddaylab.org/play/wake/ci/production/StreamingAssets/Textures/Title/FieldDaySmall.png"}	"GAME"	"120"	""	"6"	"UTC-07:00"	""	{}	{"job_name": "no-active-job", "money": 0, "region": "no-active-region", "scene_type": "menu", "science_level": 0, "science_points": 0, "site": "no-active-site", "time_since_launch": 70.81}	1
"26080414305364535"	"AQUALAB"	"2026-08-04T21:32:03.050000+00:00"	"load_error"	{"server_time": "2026-08-04T16:33:04+00:00", "url": "https://fielddaylab.org/play/wake/ci/production/StreamingAssets/Textures/Title/nsf-logo-national-science-foundation-1.png"}	"GAME"	"120"	""	"6"	"UTC-07:00"	""	{}	{"job_name": "no-active-job", "money": 0, "region": "no-active-region", "scene_type": "menu", "science_level": 0, "science_points": 0, "site": "no-active-site", "time_since_launch": 70.81}	2
"26080514415155617"	"AQUALAB"	"2026-08-05T04:42:27.334000+00:00"	"select_language"	{"language": "ENGLISH", "server_time": "2026-08-04T23:39:36+00:00"}	"GAME"	"120"	""	"6"	"UTC+10:00"	""	{}	{"job_name": "no-active-job", "money": 0, "region": "no-active-region", "scene_type": "menu", "science_level": 0, "science_points": 0, "site": "no-active-site", "time_since_launch": 35.73}	0
"26080517521124861"	"AQUALAB"	"2026-08-05T07:55:28.908000+00:00"	"load_error"	{"server_time": "2026-08-05T02:55:32+00:00", "url": "https://fieldday-web.wcer.wisc.edu/wsgi-bin/opengamedata.wsgi/player/qqwd/game/AQUALAB/state"}	"GAME"	"120"	""	"6"	"UTC+10:00"	""	{}	{"job_name": "no-active-job", "money": 0, "region": "no-active-region", "scene_type": "menu", "science_level": 0, "science_points": 0, "site": "no-active-site", "time_since_launch": 197.91}	0
"26080618302817295"	"AQUALAB"	"2026-08-07T01:30:49.568000+00:00"	"load_error"	{"server_time": "2026-08-06T20:30:48+00:00", "url": "https://fieldday-web.wcer.wisc.edu/wsgi-bin/opengamedata.wsgi/player/DarkMage/game/AQUALAB/state"}	"GAME"	"120"	""	"6"	"UTC-07:00"	""	{}	{"job_name": "no-active-job", "money": 0, "region": "no-active-region", "scene_type": "menu", "science_level": 0, "science_points": 0, "site": "no-active-site", "time_since_launch": 22.64}	0
"26080618302817295"	"AQUALAB"	"2026-08-07T01:30:56.417000+00:00"	"load_error"	{"server_time": "2026-08-06T20:30:55+00:00", "url": "https://fieldday-web.wcer.wisc.edu/wsgi-bin/opengamedata.wsgi/player/DarkSage/game/AQUALAB/state"}	"GAME"	"120"	""	"6"	"UTC-07:00"	""	{}	{"job_name": "no-active-job", "money": 0, "region": "no-active-region", "scene_type": "menu", "science_level": 0, "science_points": 0, "site": "no-active-site", "time_since_launch": 29.49}	1
"26080708170301490"	"AQUALAB"	"2026-08-07T01:17:14.256000+00:00"	"load_error"	{"server_time": "2026-08-06T20:17:17+00:00", "url": "https://fielddaylab.org/play/wake/ci/production/StreamingAssets/Textures/Title/WAKE_noEffects.png"}	"GAME"	"120"	""	"6"	"UTC+07:00"	""	{}	{"job_name": "no-active-job", "money": 0, "region": "no-active-region", "scene_type": "menu", "science_level": 0, "science_points": 0, "site": "no-active-site", "time_since_launch": 12.07}	0
"26080708170301490"	"AQUALAB"	"2026-08-07T01:17:14.274000+00:00"	"load_error"	{"server_time": "2026-08-06T20:17:17+00:00", "url": "https://fielddaylab.org/play/wake/ci/production/StreamingAssets/Textures/Title/FieldDaySmall.png"}	"GAME"	"120"	""	"6"	"UTC+07:00"	""	{}	{"job_name": "no-active-job", "money": 0, "region": "no-active-region", "scene_type": "menu", "science_level": 0, "science_points": 0, "site": "no-active-site", "time_since_launch": 12.09}	1
"26080708170301490"	"AQUALAB"	"2026-08-07T01:17:14.275000+00:00"	"load_error"	{"server_time": "2026-08-06T20:17:17+00:00", "url": "https://fielddaylab.org/play/wake/ci/production/StreamingAssets/Textures/Title/nsf-logo-national-science-foundation-1.png"}	"GAME"	"120"	""	"6"	"UTC+07:00"	""	{}	{"job_name": "no-active-job", "money": 0, "region": "no-active-region", "scene_type": "menu", "science_level": 0, "science_points": 0, "site": "no-active-site", "time_since_launch": 12.09}	2
"26080708170301490"	"AQUALAB"	"2026-08-07T01:17:23.290000+00:00"	"load_error"	{"server_time": "2026-08-06T20:17:28+00:00", "url": "https://fielddaylab.org/play/wake/ci/production/StreamingAssets/Textures/Title/WAKE_noEffects.png"}	"GAME"	"120"	""	"6"	"UTC+07:00"	""	{}	{"job_name": "no-active-job", "money": 0, "region": "no-active-region", "scene_type": "menu", "science_level": 0, "science_points": 0, "site": "no-active-site", "time_since_launch": 21.1}	3
"26080708170301490"	"AQUALAB"	"2026-08-07T01:17:23.307000+00:00"	"load_error"	{"server_time": "2026-08-06T20:17:28+00:00", "url": "https://fielddaylab.org/play/wake/ci/production/StreamingAssets/Textures/Title/FieldDaySmall.png"}	"GAME"	"120"	""	"6"	"UTC+07:00"	""	{}	{"job_name": "no-active-job", "money": 0, "region": "no-active-region", "scene_type": "menu", "science_level": 0, "science_points": 0, "site": "no-active-site", "time_since_launch": 21.12}	4
"26080708170301490"	"AQUALAB"	"2026-08-07T01:17:23.308000+00:00"	"load_error"	{"server_time": "2026-08-06T20:17:28+00:00", "url": "https://fielddaylab.org/play/wake/ci/production/StreamingAssets/Textures/Title/nsf-logo-national-science-foundation-1.png"}	"GAME"	"120"	""	"6"	"UTC+07:00"	""	{}	{"job_name": "no-active-job", "money": 0, "region": "no-active-region", "scene_type": "menu", "science_level": 0, "science_points": 0, "site": "no-active-site", "time_since_launch": 21.12}	5
"26081010262797313"	"AQUALAB"	"2026-08-10T03:27:45.269000+00:00"	"load_error"	{"server_time": "2026-08-09T22:27:43+00:00", "url": "https://fieldday-web.wcer.wisc.edu/wsgi-bin/opengamedata.wsgi/player/taichi/game/AQUALAB/state"}	"GAME"	"120"	""	"6"	"UTC+07:00"	""	{}	{"job_name": "no-active-job", "money": 0, "region": "no-active-region", "scene_type": "menu", "science_level": 0, "science_points": 0, "site": "no-active-site", "time_since_launch": 79.14}	0
"26081010262797313"	"AQUALAB"	"2026-08-10T03:28:09.736000+00:00"	"load_error"	{"server_time": "2026-08-09T22:28:08+00:00", "url": "https://fieldday-web.wcer.wisc.edu/wsgi-bin/opengamedata.wsgi/player/taichi/game/AQUALAB/state"}	"GAME"	"120"	""	"6"	"UTC+07:00"	""	{}	{"job_name": "no-active-job", "money": 0, "region": "no-active-region", "scene_type": "menu", "science_level": 0, "science_points": 0, "site": "no-active-site", "time_since_launch": 103.6}	1
"26081010373917325"	"AQUALAB"	"2026-08-10T03:38:25.499000+00:00"	"load_error"	{"server_time": "2026-08-09T22:38:21+00:00", "url": "https://fieldday-web.wcer.wisc.edu/wsgi-bin/opengamedata.wsgi/player/sherlyn/game/AQUALAB/state"}	"GAME"	"120"	""	"6"	"UTC+07:00"	""	{}	{"job_name": "no-active-job", "money": 0, "region": "no-active-region", "scene_type": "menu", "science_level": 0, "science_points": 0, "site": "no-active-site", "time_since_launch": 47.23}	0
"26081010373917325"	"AQUALAB"	"2026-08-10T03:38:37.064000+00:00"	"load_error"	{"server_time": "2026-08-09T22:38:32+00:00", "url": "https://fieldday-web.wcer.wisc.edu/wsgi-bin/opengamedata.wsgi/player/sherlyn/game/AQUALAB/state"}	"GAME"	"120"	""	"6"	"UTC+07:00"	""	{}	{"job_name": "no-active-job", "money": 0, "region": "no-active-region", "scene_type": "menu", "science_level": 0, "science_points": 0, "site": "no-active-site", "time_since_launch": 58.8}	1
"26081010373917325"	"AQUALAB"	"2026-08-10T03:38:41.714000+00:00"	"select_language"	{"language": "ENGLISH", "server_time": "2026-08-09T22:38:36+00:00"}	"GAME"	"120"	""	"6"	"UTC+07:00"	""	{}	{"job_name": "no-active-job", "money": 0, "region": "no-active-region", "scene_type": "menu", "science_level": 0, "science_points": 0, "site": "no-active-site", "time_since_launch": 63.45}	2
"26081010373917325"	"AQUALAB"	"2026-08-10T03:38:44.233000+00:00"	"load_error"	{"server_time": "2026-08-09T22:38:39+00:00", "url": "https://fieldday-web.wcer.wisc.edu/wsgi-bin/opengamedata.wsgi/player/sherlyn/game/AQUALAB/state"}	"GAME"	"120"	""	"6"	"UTC+07:00"	""	{}	{"job_name": "no-active-job", "money": 0, "region": "no-active-region", "scene_type": "menu", "science_level": 0, "science_points": 0, "site": "no-active-site", "time_since_launch": 65.97}	3
"26081010470105303"	"AQUALAB"	"2026-08-10T03:47:34.872000+00:00"	"select_language"	{"language": "SPANISH", "server_time": "2026-08-09T22:47:31+00:00"}	"GAME"	"120"	""	"6"	"UTC+07:00"	""	{}	{"job_name": "no-active-job", "money": 0, "region": "no-active-region", "scene_type": "menu", "science_level": 0, "science_points": 0, "site": "no-active-site", "time_since_launch": 34.82}	0
"26081010470105303"	"AQUALAB"	"2026-08-10T03:47:36.776000+00:00"	"select_language"	{"language": "ENGLISH", "server_time": "2026-08-09T22:47:33+00:00"}	"GAME"	"120"	""	"6"	"UTC+07:00"	""	{}	{"job_name": "no-active-job", "money": 0, "region": "no-active-region", "scene_type": "menu", "science_level": 0, "science_points": 0, "site": "no-active-site", "time_since_launch": 36.73}	1
"26081011022369946"	"AQUALAB"	"2026-08-10T04:03:12.992000+00:00"	"load_error"	{"server_time": "2026-08-09T23:03:08+00:00", "url": "https://fieldday-web.wcer.wisc.edu/wsgi-bin/opengamedata.wsgi/player/yyu/game/AQUALAB/state"}	"GAME"	"120"	""	"6"	"UTC+07:00"	""	{}	{"job_name": "no-active-job", "money": 0, "region": "no-active-region", "scene_type": "menu", "science_level": 0, "science_points": 0, "site": "no-active-site", "time_since_launch": 50.57}	0
"26081011140016996"	"AQUALAB"	"2026-08-10T04:14:30.883000+00:00"	"load_error"	{"server_time": "2026-08-09T23:14:29+00:00", "url": "https://fieldday-web.wcer.wisc.edu/wsgi-bin/opengamedata.wsgi/player/%20/game/AQUALAB/state"}	"GAME"	"120"	""	"6"	"UTC+07:00"	""	{}	{"job_name": "no-active-job", "money": 0, "region": "no-active-region", "scene_type": "menu", "science_level": 0, "science_points": 0, "site": "no-active-site", "time_since_launch": 31.91}	0
"26081011185763844"	"AQUALAB"	"2026-08-10T04:20:18.805000+00:00"	"load_error"	{"server_time": "2026-08-09T23:20:16+00:00", "url": "https://fieldday-web.wcer.wisc.edu/wsgi-bin/opengamedata.wsgi/player/fdhbhdbf/game/AQUALAB/state"}	"GAME"	"120"	""	"6"	"UTC+07:00"	""	{}	{"job_name": "no-active-job", "money": 0, "region": "no-active-region", "scene_type": "menu", "science_level": 0, "science_points": 0, "site": "no-active-site", "time_since_launch": 82.32}	0
"26081011185763844"	"AQUALAB"	"2026-08-10T04:21:12.761000+00:00"	"load_error"	{"server_time": "2026-08-09T23:21:10+00:00", "url": "https://fieldday-web.wcer.wisc.edu/wsgi-bin/opengamedata.wsgi/player/computerlab/game/AQUALAB/state"}	"GAME"	"120"	""	"6"	"UTC+07:00"	""	{}	{"job_name": "no-active-job", "money": 0, "region": "no-active-region", "scene_type": "menu", "science_level": 0, "science_points": 0, "site": "no-active-site", "time_since_launch": 136.28}	1
"26081011185763844"	"AQUALAB"	"2026-08-10T04:22:41.025000+00:00"	"load_error"	{"server_time": "2026-08-09T23:22:38+00:00", "url": "https://fieldday-web.wcer.wisc.edu/wsgi-bin/opengamedata.wsgi/player/computerlab/game/AQUALAB/state"}	"GAME"	"120"	""	"6"	"UTC+07:00"	""	{}	{"job_name": "no-active-job", "money": 0, "region": "no-active-region", "scene_type": "menu", "science_level": 0, "science_points": 0, "site": "no-active-site", "time_since_launch": 224.54}	2
"26081012460241377"	"AQUALAB"	"2026-08-10T16:46:53.697000+00:00"	"load_error"	{"server_time": "2026-08-10T11:46:55+00:00", "url": "https://fieldday-web.wcer.wisc.edu/wsgi-bin/opengamedata.wsgi/player/speratetrophy/game/AQUALAB/state"}	"GAME"	"120"	""	"6"	"UTC-04:00"	""	{}	{"job_name": "no-active-job", "money": 0, "region": "no-active-region", "scene_type": "menu", "science_level": 0, "science_points": 0, "site": "no-active-site", "time_since_launch": 53.5}	0
"26081012460241377"	"AQUALAB"	"2026-08-10T16:47:11.492000+00:00"	"load_error"	{"server_time": "2026-08-10T11:47:12+00:00", "url": "https://fieldday-web.wcer.wisc.edu/wsgi-bin/opengamedata.wsgi/player/SperateTrophy/game/AQUALAB/state"}	"GAME"	"120"	""	"6"	"UTC-04:00"	""	{}	{"job_name": "no-active-job", "money": 0, "region": "no-active-region", "scene_type": "menu", "science_level": 0, "science_points": 0, "site": "no-active-site", "time_since_launch": 71.3}	1
"26081012460241377"	"AQUALAB"	"2026-08-10T16:47:21.547000+00:00"	"load_error"	{"server_time": "2026-08-10T11:47:22+00:00", "url": "https://fieldday-web.wcer.wisc.edu/wsgi-bin/opengamedata.wsgi/player/Sperate%20Trophy/game/AQUALAB/state"}	"GAME"	"120"	""	"6"	"UTC-04:00"	""	{}	{"job_name": "no-active-job", "money": 0, "region": "no-active-region", "scene_type": "menu", "science_level": 0, "science_points": 0, "site": "no-active-site", "time_since_launch": 81.35}	2
"26081211483429375"	"AQUALAB"	"2026-08-12T20:49:07.813000+00:00"	"select_language"	{"language": "SPANISH", "server_time": "2026-08-12T15:49:18+00:00"}	"GAME"	"120"	""	"6"	"UTC-04:00"	""	{}	{"job_name": "no-active-job", "money": 0, "region": "no-active-region", "scene_type": "menu", "science_level": 0, "science_points": 0, "site": "no-active-site", "time_since_launch": 4937.79}	0
"26081211483429375"	"AQUALAB"	"2026-08-13T13:35:50.996000+00:00"	"select_language"	{"language": "ENGLISH", "server_time": "2026-08-13T08:35:52+00:00"}	"GAME"	"120"	""	"6"	"UTC-04:00"	""	{}	{"job_name": "no-active-job", "money": 0, "region": "no-active-region", "scene_type": "menu", "science_level": 0, "science_points": 0, "site": "no-active-site", "time_since_launch": 6568.98}	1
"26081218404589699"	"AQUALAB"	"2026-08-12T11:42:07.399000+00:00"	"load_error"	{"server_time": "2026-08-12T06:42:46+00:00", "url": "https://fieldday-web.wcer.wisc.edu/wsgi-bin/opengamedata.wsgi/player/CoolestDrum/game/AQUALAB/state"}	"GAME"	"120"	""	"6"	"UTC+07:00"	""	{}	{"job_name": "no-active-job", "money": 0, "region": "no-active-region", "scene_type": "menu", "science_level": 0, "science_points": 0, "site": "no-active-site", "time_since_launch": 82.7}	0
"26081218404589699"	"AQUALAB"	"2026-08-12T11:42:28.007000+00:00"	"load_error"	{"server_time": "2026-08-12T06:42:46+00:00", "url": "https://fieldday-web.wcer.wisc.edu/wsgi-bin/opengamedata.wsgi/player/CoolestDrum/game/AQUALAB/state"}	"GAME"	"120"	""	"6"	"UTC+07:00"	""	{}	{"job_name": "no-active-job", "money": 0, "region": "no-active-region", "scene_type": "menu", "science_level": 0, "science_points": 0, "site": "no-active-site", "time_since_launch": 103.31}	1
"26081409195367419"	"AQUALAB"	"2026-08-14T14:20:34.232000+00:00"	"load_error"	{"server_time": "2026-08-14T09:20:35+00:00", "url": "https://fieldday-web.wcer.wisc.edu/wsgi-bin/opengamedata.wsgi/player/7/game/AQUALAB/state"}	"GAME"	"120"	""	"6"	"UTC-05:00"	""	{}	{"job_name": "no-active-job", "money": 0, "region": "no-active-region", "scene_type": "menu", "science_level": 0, "science_points": 0, "site": "no-active-site", "time_since_launch": 42.3}	0
"26081409195367419"	"AQUALAB"	"2026-08-14T14:20:41.979000+00:00"	"load_error"	{"server_time": "2026-08-14T09:20:43+00:00", "url": "https://fieldday-web.wcer.wisc.edu/wsgi-bin/opengamedata.wsgi/player/1234567/game/AQUALAB/state"}	"GAME"	"120"	""	"6"	"UTC-05:00"	""	{}	{"job_name": "no-active-job", "money": 0, "region": "no-active-region", "scene_type": "menu", "science_level": 0, "science_points": 0, "site": "no-active-site", "time_since_launch": 50.05}	1
"26081409195367419"	"AQUALAB"	"2026-08-14T14:20:50.762000+00:00"	"load_error"	{"server_time": "2026-08-14T09:20:51+00:00", "url": "https://fieldday-web.wcer.wisc.edu/wsgi-bin/opengamedata.wsgi/player/catie/game/AQUALAB/state"}	"GAME"	"120"	""	"6"	"UTC-05:00"	""	{}	{"job_name": "no-active-job", "money": 0, "region": "no-active-region", "scene_type": "menu", "science_level": 0, "science_points": 0, "site": "no-active-site", "time_since_launch": 58.83}	2
"26081410442169853"	"AQUALAB"	"2026-08-14T17:45:30.148000+00:00"	"load_error"	{"server_time": "2026-08-14T12:45:28+00:00", "url": "https://fieldday-web.wcer.wisc.edu/wsgi-bin/opengamedata.wsgi/player/1234/game/AQUALAB/state"}	"GAME"	"120"	""	"6"	"UTC-07:00"	""	{}	{"job_name": "no-active-job", "money": 0, "region": "no-active-region", "scene_type": "menu", "science_level": 0, "science_points": 0, "site": "no-active-site", "time_since_launch": 71.1}	0
"26081414215709256"	"AQUALAB"	"2026-08-14T18:23:08.636000+00:00"	"load_error"	{"server_time": "2026-08-14T13:23:08+00:00", "url": "https://fieldday-web.wcer.wisc.edu/wsgi-bin/opengamedata.wsgi/player/767/game/AQUALAB/state"}	"GAME"	"120"	""	"6"	"UTC-04:00"	""	{}	{"job_name": "no-active-job", "money": 0, "region": "no-active-region", "scene_type": "menu", "science_level": 0, "science_points": 0, "site": "no-active-site", "time_since_launch": 72.86}	0
"26081514041247753"	"AQUALAB"	"2026-08-15T07:04:59.951000+00:00"	"load_error"	{"server_time": "2026-08-15T02:05:00+00:00", "url": "https://fieldday-web.wcer.wisc.edu/wsgi-bin/opengamedata.wsgi/player/1/game/AQUALAB/state"}	"GAME"	"120"	""	"6"	"UTC+07:00"	""	{}	{"job_name": "no-active-job", "money": 0, "region": "no-active-region", "scene_type": "menu", "science_level": 0, "science_points": 0, "site": "no-active-site", "time_since_launch": 47.96}	0
"26081710571566407"	"AQUALAB"	"2026-08-17T15:57:34.845000+00:00"	"game_error"	{"error_message": "NullReferenceException: Object reference not set to an instance of an object.", "scene": "Title", "server_time": "2026-08-17T10:57:35+00:00", "time_since_launch": 20.51}	"GAME"	"120"	""	"6"	"UTC-05:00"	""	{}	{"job_id": "no-active-job", "money": 0, "region": "no-active-region", "scene_type": "menu", "science_level": 0, "science_points": 0, "site": "no-active-site", "time_since_launch": 20.51}	0
"26081810524676254"	"AQUALAB"	"2026-08-18T18:17:10.954000+00:00"	"load_error"	{"server_time": "2026-08-19T09:15:33+00:00", "url": "https://fielddaylab.org/play/wake/ci/production/StreamingAssets/Textures/Title/FieldDaySmall.png"}	"GAME"	"120"	""	"6"	"UTC-04:00"	""	{}	{"job_name": "no-active-job", "money": 0, "region": "no-active-region", "scene_type": "menu", "science_level": 0, "science_points": 0, "site": "no-active-site", "time_since_launch": 31.54}	0
"26081810524676254"	"AQUALAB"	"2026-08-18T18:17:11.034000+00:00"	"load_error"	{"server_time": "2026-08-19T09:15:33+00:00", "url": "https://fielddaylab.org/play/wake/ci/production/StreamingAssets/Textures/Title/WAKE_noEffects.png"}	"GAME"	"120"	""	"6"	"UTC-04:00"	""	{}	{"job_name": "no-active-job", "money": 0, "region": "no-active-region", "scene_type": "menu", "science_level": 0, "science_points": 0, "site": "no-active-site", "time_since_launch": 31.62}	1
"26081810524676254"	"AQUALAB"	"2026-08-18T18:17:11.034000+00:00"	"load_error"	{"server_time": "2026-08-19T09:15:33+00:00", "url": "https://fielddaylab.org/play/wake/ci/production/StreamingAssets/Textures/Title/nsf-logo-national-science-foundation-1.png"}	"GAME"	"120"	""	"6"	"UTC-04:00"	""	{}	{"job_name": "no-active-job", "money": 0, "region": "no-active-region", "scene_type": "menu", "science_level": 0, "science_points": 0, "site": "no-active-site", "time_since_launch": 31.62}	2
"26081810524676254"	"AQUALAB"	"2026-08-18T18:17:13.953000+00:00"	"load_error"	{"server_time": "2026-08-19T09:15:33+00:00", "url": "https://fielddaylab.org/play/wake/ci/production/StreamingAssets/Textures/Title/WAKE_noEffects.png"}	"GAME"	"120"	""	"6"	"UTC-04:00"	""	{}	{"job_name": "no-active-job", "money": 0, "region": "no-active-region", "scene_type": "menu", "science_level": 0, "science_points": 0, "site": "no-active-site", "time_since_launch": 34.54}	3
"26081810524676254"	"AQUALAB"	"2026-08-18T18:17:13.954000+00:00"	"load_error"	{"server_time": "2026-08-19T09:15:33+00:00", "url": "https://fielddaylab.org/play/wake/ci/production/StreamingAssets/Textures/Title/nsf-logo-national-science-foundation-1.png"}	"GAME"	"120"	""	"6"	"UTC-04:00"	""	{}	{"job_name": "no-active-job", "money": 0, "region": "no-active-region", "scene_type": "menu", "science_level": 0, "science_points": 0, "site": "no-active-site", "time_since_launch": 34.54}	4
"26081810524676254"	"AQUALAB"	"2026-08-18T18:17:13.954000+00:00"	"load_error"	{"server_time": "2026-08-19T09:15:33+00:00", "url": "https://fielddaylab.org/play/wake/ci/production/StreamingAssets/Textures/Title/FieldDaySmall.png"}	"GAME"	"120"	""	"6"	"UTC-04:00"	""	{}	{"job_name": "no-active-job", "money": 0, "region": "no-active-region", "scene_type": "menu", "science_level": 0, "science_points": 0, "site": "no-active-site", "time_since_launch": 34.54}	5
"26081810524676254"	"AQUALAB"	"2026-08-18T18:17:16.991000+00:00"	"load_error"	{"server_time": "2026-08-19T09:15:33+00:00", "url": "https://fielddaylab.org/play/wake/ci/production/StreamingAssets/Textures/Title/WAKE_noEffects.png"}	"GAME"	"120"	""	"6"	"UTC-04:00"	""	{}	{"job_name": "no-active-job", "money": 0, "region": "no-active-region", "scene_type": "menu", "science_level": 0, "science_points": 0, "site": "no-active-site", "time_since_launch": 37.57}	6
"26081810524676254"	"AQUALAB"	"2026-08-18T18:17:16.992000+00:00"	"load_error"	{"server_time": "2026-08-19T09:15:33+00:00", "url": "https://fielddaylab.org/play/wake/ci/production/StreamingAssets/Textures/Title/nsf-logo-national-science-foundation-1.png"}	"GAME"	"120"	""	"6"	"UTC-04:00"	""	{}	{"job_name": "no-active-job", "money": 0, "region": "no-active-region", "scene_type": "menu", "science_level": 0, "science_points": 0, "site": "no-active-site", "time_since_launch": 37.57}	7
"26081810524676254"	"AQUALAB"	"2026-08-18T18:17:16.992000+00:00"	"load_error"	{"server_time": "2026-08-19T09:15:33+00:00", "url": "https://fielddaylab.org/play/wake/ci/production/StreamingAssets/Textures/Title/FieldDaySmall.png"}	"GAME"	"120"	""	"6"	"UTC-04:00"	""	{}	{"job_name": "no-active-job", "money": 0, "region": "no-active-region", "scene_type": "menu", "science_level": 0, "science_points": 0, "site": "no-active-site", "time_since_launch": 37.57}	8
"26081810524676254"	"AQUALAB"	"2026-08-18T18:17:19.954000+00:00"	"load_error"	{"server_time": "2026-08-19T09:15:33+00:00", "url": "https://fielddaylab.org/play/wake/ci/production/StreamingAssets/Textures/Title/WAKE_noEffects.png"}	"GAME"	"120"	""	"6"	"UTC-04:00"	""	{}	{"job_name": "no-active-job", "money": 0, "region": "no-active-region", "scene_type": "menu", "science_level": 0, "science_points": 0, "site": "no-active-site", "time_since_launch": 40.54}	9
"26081810524676254"	"AQUALAB"	"2026-08-18T18:17:19.954000+00:00"	"load_error"	{"server_time": "2026-08-19T09:15:33+00:00", "url": "https://fielddaylab.org/play/wake/ci/production/StreamingAssets/Textures/Title/FieldDaySmall.png"}	"GAME"	"120"	""	"6"	"UTC-04:00"	""	{}	{"job_name": "no-active-job", "money": 0, "region": "no-active-region", "scene_type": "menu", "science_level": 0, "science_points": 0, "site": "no-active-site", "time_since_launch": 40.54}	10
"26081810524676254"	"AQUALAB"	"2026-08-18T18:17:19.955000+00:00"	"load_error"	{"server_time": "2026-08-19T09:15:33+00:00", "url": "https://fielddaylab.org/play/wake/ci/production/StreamingAssets/Textures/Title/nsf-logo-national-science-foundation-1.png"}	"GAME"	"120"	""	"6"	"UTC-04:00"	""	{}	{"job_name": "no-active-job", "money": 0, "region": "no-active-region", "scene_type": "menu", "science_level": 0, "science_points": 0, "site": "no-active-site", "time_since_launch": 40.54}	11
"26081810524676254"	"AQUALAB"	"2026-08-18T18:17:22.985000+00:00"	"load_error"	{"server_time": "2026-08-19T09:15:33+00:00", "url": "https://fielddaylab.org/play/wake/ci/production/StreamingAssets/Textures/Title/FieldDaySmall.png"}	"GAME"	"120"	""	"6"	"UTC-04:00"	""	{}	{"job_name": "no-active-job", "money": 0, "region": "no-active-region", "scene_type": "menu", "science_level": 0, "science_points": 0, "site": "no-active-site", "time_since_launch": 43.57}	12
"26081810524676254"	"AQUALAB"	"2026-08-18T18:17:22.985000+00:00"	"load_error"	{"server_time": "2026-08-19T09:15:33+00:00", "url": "https://fielddaylab.org/play/wake/ci/production/StreamingAssets/Textures/Title/WAKE_noEffects.png"}	"GAME"	"120"	""	"6"	"UTC-04:00"	""	{}	{"job_name": "no-active-job", "money": 0, "region": "no-active-region", "scene_type": "menu", "science_level": 0, "science_points": 0, "site": "no-active-site", "time_since_launch": 43.57}	13
"26081810524676254"	"AQUALAB"	"2026-08-18T18:17:22.985000+00:00"	"load_error"	{"server_time": "2026-08-19T09:15:33+00:00", "url": "https://fielddaylab.org/play/wake/ci/production/StreamingAssets/Textures/Title/nsf-logo-national-science-foundation-1.png"}	"GAME"	"120"	""	"6"	"UTC-04:00"	""	{}	{"job_name": "no-active-job", "money": 0, "region": "no-active-region", "scene_type": "menu", "science_level": 0, "science_points": 0, "site": "no-active-site", "time_since_launch": 43.57}	14
"26081810524676254"	"AQUALAB"	"2026-08-18T18:17:25.954000+00:00"	"load_error"	{"server_time": "2026-08-19T09:15:33+00:00", "url": "https://fielddaylab.org/play/wake/ci/production/StreamingAssets/Textures/Title/WAKE_noEffects.png"}	"GAME"	"120"	""	"6"	"UTC-04:00"	""	{}	{"job_name": "no-active-job", "money": 0, "region": "no-active-region", "scene_type": "menu", "science_level": 0, "science_points": 0, "site": "no-active-site", "time_since_launch": 46.54}	15
"26081810524676254"	"AQUALAB"	"2026-08-18T18:17:25.954000+00:00"	"load_error"	{"server_time": "2026-08-19T09:15:33+00:00", "url": "https://fielddaylab.org/play/wake/ci/production/StreamingAssets/Textures/Title/FieldDaySmall.png"}	"GAME"	"120"	""	"6"	"UTC-04:00"	""	{}	{"job_name": "no-active-job", "money": 0, "region": "no-active-region", "scene_type": "menu", "science_level": 0, "science_points": 0, "site": "no-active-site", "time_since_launch": 46.54}	16
"26081810524676254"	"AQUALAB"	"2026-08-18T18:17:25.954000+00:00"	"load_error"	{"server_time": "2026-08-19T09:15:33+00:00", "url": "https://fielddaylab.org/play/wake/ci/production/StreamingAssets/Textures/Title/nsf-logo-national-science-foundation-1.png"}	"GAME"	"120"	""	"6"	"UTC-04:00"	""	{}	{"job_name": "no-active-job", "money": 0, "region": "no-active-region", "scene_type": "menu", "science_level": 0, "science_points": 0, "site": "no-active-site", "time_since_launch": 46.54}	17
"26081810524676254"	"AQUALAB"	"2026-08-18T18:17:28.954000+00:00"	"load_error"	{"server_time": "2026-08-19T09:15:33+00:00", "url": "https://fielddaylab.org/play/wake/ci/production/StreamingAssets/Textures/Title/FieldDaySmall.png"}	"GAME"	"120"	""	"6"	"UTC-04:00"	""	{}	{"job_name": "no-active-job", "money": 0, "region": "no-active-region", "scene_type": "menu", "science_level": 0, "science_points": 0, "site": "no-active-site", "time_since_launch": 49.54}	18
"26081810524676254"	"AQUALAB"	"2026-08-18T18:17:28.955000+00:00"	"load_error"	{"server_time": "2026-08-19T09:15:33+00:00", "url": "https://fielddaylab.org/play/wake/ci/production/StreamingAssets/Textures/Title/WAKE_noEffects.png"}	"GAME"	"120"	""	"6"	"UTC-04:00"	""	{}	{"job_name": "no-active-job", "money": 0, "region": "no-active-region", "scene_type": "menu", "science_level": 0, "science_points": 0, "site": "no-active-site", "time_since_launch": 49.54}	19
"26081810524676254"	"AQUALAB"	"2026-08-18T18:17:28.955000+00:00"	"load_error"	{"server_time": "2026-08-19T09:15:33+00:00", "url": "https://fielddaylab.org/play/wake/ci/production/StreamingAssets/Textures/Title/nsf-logo-national-science-foundation-1.png"}	"GAME"	"120"	""	"6"	"UTC-04:00"	""	{}	{"job_name": "no-active-job", "money": 0, "region": "no-active-region", "scene_type": "menu", "science_level": 0, "science_points": 0, "site": "no-active-site", "time_since_launch": 49.54}	20
"26081810524676254"	"AQUALAB"	"2026-08-18T18:17:31.954000+00:00"	"load_error"	{"server_time": "2026-08-19T09:15:33+00:00", "url": "https://fielddaylab.org/play/wake/ci/production/StreamingAssets/Textures/Title/WAKE_noEffects.png"}	"GAME"	"120"	""	"6"	"UTC-04:00"	""	{}	{"job_name": "no-active-job", "money": 0, "region": "no-active-region", "scene_type": "menu", "science_level": 0, "science_points": 0, "site": "no-active-site", "time_since_launch": 52.54}	21
"26081810524676254"	"AQUALAB"	"2026-08-18T18:17:31.956000+00:00"	"load_error"	{"server_time": "2026-08-19T09:15:33+00:00", "url": "https://fielddaylab.org/play/wake/ci/production/StreamingAssets/Textures/Title/FieldDaySmall.png"}	"GAME"	"120"	""	"6"	"UTC-04:00"	""	{}	{"job_name": "no-active-job", "money": 0, "region": "no-active-region", "scene_type": "menu", "science_level": 0, "science_points": 0, "site": "no-active-site", "time_since_launch": 52.54}	22
"26081810524676254"	"AQUALAB"	"2026-08-18T18:17:31.957000+00:00"	"load_error"	{"server_time": "2026-08-19T09:15:33+00:00", "url": "https://fielddaylab.org/play/wake/ci/production/StreamingAssets/Textures/Title/nsf-logo-national-science-foundation-1.png"}	"GAME"	"120"	""	"6"	"UTC-04:00"	""	{}	{"job_name": "no-active-job", "money": 0, "region": "no-active-region", "scene_type": "menu", "science_level": 0, "science_points": 0, "site": "no-active-site", "time_since_launch": 52.54}	23
"26081810524676254"	"AQUALAB"	"2026-08-18T18:17:34.960000+00:00"	"load_error"	{"server_time": "2026-08-19T09:15:33+00:00", "url": "https://fielddaylab.org/play/wake/ci/production/StreamingAssets/Textures/Title/WAKE_noEffects.png"}	"GAME"	"120"	""	"6"	"UTC-04:00"	""	{}	{"job_name": "no-active-job", "money": 0, "region": "no-active-region", "scene_type": "menu", "science_level": 0, "science_points": 0, "site": "no-active-site", "time_since_launch": 55.54}	24
"26081810524676254"	"AQUALAB"	"2026-08-18T18:17:34.962000+00:00"	"load_error"	{"server_time": "2026-08-19T09:15:33+00:00", "url": "https://fielddaylab.org/play/wake/ci/production/StreamingAssets/Textures/Title/FieldDaySmall.png"}	"GAME"	"120"	""	"6"	"UTC-04:00"	""	{}	{"job_name": "no-active-job", "money": 0, "region": "no-active-region", "scene_type": "menu", "science_level": 0, "science_points": 0, "site": "no-active-site", "time_since_launch": 55.54}	25
"26081810524676254"	"AQUALAB"	"2026-08-18T18:17:34.964000+00:00"	"load_error"	{"server_time": "2026-08-19T09:15:33+00:00", "url": "https://fielddaylab.org/play/wake/ci/production/StreamingAssets/Textures/Title/nsf-logo-national-science-foundation-1.png"}	"GAME"	"120"	""	"6"	"UTC-04:00"	""	{}	{"job_name": "no-active-job", "money": 0, "region": "no-active-region", "scene_type": "menu", "science_level": 0, "science_points": 0, "site": "no-active-site", "time_since_launch": 55.55}	26
"26081810524676254"	"AQUALAB"	"2026-08-18T18:17:37.954000+00:00"	"load_error"	{"server_time": "2026-08-19T09:15:33+00:00", "url": "https://fielddaylab.org/play/wake/ci/production/StreamingAssets/Textures/Title/FieldDaySmall.png"}	"GAME"	"120"	""	"6"	"UTC-04:00"	""	{}	{"job_name": "no-active-job", "money": 0, "region": "no-active-region", "scene_type": "menu", "science_level": 0, "science_points": 0, "site": "no-active-site", "time_since_launch": 58.54}	27
"26081810524676254"	"AQUALAB"	"2026-08-18T18:17:37.955000+00:00"	"load_error"	{"server_time": "2026-08-19T09:15:33+00:00", "url": "https://fielddaylab.org/play/wake/ci/production/StreamingAssets/Textures/Title/WAKE_noEffects.png"}	"GAME"	"120"	""	"6"	"UTC-04:00"	""	{}	{"job_name": "no-active-job", "money": 0, "region": "no-active-region", "scene_type": "menu", "science_level": 0, "science_points": 0, "site": "no-active-site", "time_since_launch": 58.54}	28
"26081810524676254"	"AQUALAB"	"2026-08-18T18:17:37.960000+00:00"	"load_error"	{"server_time": "2026-08-19T09:15:33+00:00", "url": "https://fielddaylab.org/play/wake/ci/production/StreamingAssets/Textures/Title/nsf-logo-national-science-foundation-1.png"}	"GAME"	"120"	""	"6"	"UTC-04:00"	""	{}	{"job_name": "no-active-job", "money": 0, "region": "no-active-region", "scene_type": "menu", "science_level": 0, "science_points": 0, "site": "no-active-site", "time_since_launch": 58.54}	29
"26081810524676254"	"AQUALAB"	"2026-08-18T18:17:40.955000+00:00"	"load_error"	{"server_time": "2026-08-19T09:15:33+00:00", "url": "https://fielddaylab.org/play/wake/ci/production/StreamingAssets/Textures/Title/WAKE_noEffects.png"}	"GAME"	"120"	""	"6"	"UTC-04:00"	""	{}	{"job_name": "no-active-job", "money": 0, "region": "no-active-region", "scene_type": "menu", "science_level": 0, "science_points": 0, "site": "no-active-site", "time_since_launch": 61.54}	30
"26081810524676254"	"AQUALAB"	"2026-08-18T18:17:40.959000+00:00"	"load_error"	{"server_time": "2026-08-19T09:15:33+00:00", "url": "https://fielddaylab.org/play/wake/ci/production/StreamingAssets/Textures/Title/FieldDaySmall.png"}	"GAME"	"120"	""	"6"	"UTC-04:00"	""	{}	{"job_name": "no-active-job", "money": 0, "region": "no-active-region", "scene_type": "menu", "science_level": 0, "science_points": 0, "site": "no-active-site", "time_since_launch": 61.54}	31
"26081810524676254"	"AQUALAB"	"2026-08-18T18:17:40.959000+00:00"	"load_error"	{"server_time": "2026-08-19T09:15:33+00:00", "url": "https://fielddaylab.org/play/wake/ci/production/StreamingAssets/Textures/Title/nsf-logo-national-science-foundation-1.png"}	"GAME"	"120"	""	"6"	"UTC-04:00"	""	{}	{"job_name": "no-active-job", "money": 0, "region": "no-active-region", "scene_type": "menu", "science_level": 0, "science_points": 0, "site": "no-active-site", "time_since_launch": 61.54}	32
"26081810524676254"	"AQUALAB"	"2026-08-18T18:17:42.953000+00:00"	"load_error"	{"server_time": "2026-08-19T09:15:33+00:00", "url": "https://fielddaylab.org/play/wake/ci/production/StreamingAssets/Textures/Title/WAKE_noEffects.png"}	"GAME"	"120"	""	"6"	"UTC-04:00"	""	{}	{"job_name": "no-active-job", "money": 0, "region": "no-active-region", "scene_type": "menu", "science_level": 0, "science_points": 0, "site": "no-active-site", "time_since_launch": 63.53}	33
"26081810524676254"	"AQUALAB"	"2026-08-18T18:17:42.953000+00:00"	"load_error"	{"server_time": "2026-08-19T09:15:33+00:00", "url": "https://fielddaylab.org/play/wake/ci/production/StreamingAssets/Textures/Title/FieldDaySmall.png"}	"GAME"	"120"	""	"6"	"UTC-04:00"	""	{}	{"job_name": "no-active-job", "money": 0, "region": "no-active-region", "scene_type": "menu", "science_level": 0, "science_points": 0, "site": "no-active-site", "time_since_launch": 63.54}	34
"26081810524676254"	"AQUALAB"	"2026-08-18T18:17:42.954000+00:00"	"load_error"	{"server_time": "2026-08-19T09:15:33+00:00", "url": "https://fielddaylab.org/play/wake/ci/production/StreamingAssets/Textures/Title/nsf-logo-national-science-foundation-1.png"}	"GAME"	"120"	""	"6"	"UTC-04:00"	""	{}	{"job_name": "no-active-job", "money": 0, "region": "no-active-region", "scene_type": "menu", "science_level": 0, "science_points": 0, "site": "no-active-site", "time_since_launch": 63.54}	35
"26081810524676254"	"AQUALAB"	"2026-08-18T18:17:44.953000+00:00"	"load_error"	{"server_time": "2026-08-19T09:15:33+00:00", "url": "https://fielddaylab.org/play/wake/ci/production/StreamingAssets/Textures/Title/WAKE_noEffects.png"}	"GAME"	"120"	""	"6"	"UTC-04:00"	""	{}	{"job_name": "no-active-job", "money": 0, "region": "no-active-region", "scene_type": "menu", "science_level": 0, "science_points": 0, "site": "no-active-site", "time_since_launch": 65.54}	36
"26081810524676254"	"AQUALAB"	"2026-08-18T18:18:34.981000+00:00"	"load_error"	{"server_time": "2026-08-19T09:15:33+00:00", "url": "https://fielddaylab.org/play/wake/ci/production/StreamingAssets/Textures/Title/FieldDaySmall.png"}	"GAME"	"120"	""	"6"	"UTC-04:00"	""	{}	{"job_name": "no-active-job", "money": 0, "region": "no-active-region", "scene_type": "menu", "science_level": 0, "science_points": 0, "site": "no-active-site", "time_since_launch": 115.56}	37
"26081810524676254"	"AQUALAB"	"2026-08-18T18:18:34.982000+00:00"	"load_error"	{"server_time": "2026-08-19T09:15:33+00:00", "url": "https://fielddaylab.org/play/wake/ci/production/StreamingAssets/Textures/Title/nsf-logo-national-science-foundation-1.png"}	"GAME"	"120"	""	"6"	"UTC-04:00"	""	{}	{"job_name": "no-active-job", "money": 0, "region": "no-active-region", "scene_type": "menu", "science_level": 0, "science_points": 0, "site": "no-active-site", "time_since_launch": 115.56}	38
"26081810524676254"	"AQUALAB"	"2026-08-18T18:19:37.748000+00:00"	"load_error"	{"server_time": "2026-08-19T09:15:33+00:00", "url": "https://fielddaylab.org/play/wake/ci/production/StreamingAssets/Textures/Title/WAKE_noEffects.png"}	"GAME"	"120"	""	"6"	"UTC-04:00"	""	{}	{"job_name": "no-active-job", "money": 0, "region": "no-active-region", "scene_type": "menu", "science_level": 0, "science_points": 0, "site": "no-active-site", "time_since_launch": 175.59}	39
"26081810524676254"	"AQUALAB"	"2026-08-19T14:15:35.127000+00:00"	"load_error"	{"server_time": "2026-08-19T09:15:33+00:00", "url": "https://fielddaylab.org/play/wake/ci/production/StreamingAssets/Textures/Title/FieldDaySmall.png"}	"GAME"	"120"	""	"6"	"UTC-04:00"	""	{}	{"job_name": "no-active-job", "money": 0, "region": "no-active-region", "scene_type": "menu", "science_level": 0, "science_points": 0, "site": "no-active-site", "time_since_launch": 235.81}	40
"26081810524676254"	"AQUALAB"	"2026-08-19T14:15:35.149000+00:00"	"load_error"	{"server_time": "2026-08-19T09:15:33+00:00", "url": "https://fielddaylab.org/play/wake/ci/production/StreamingAssets/Textures/Title/nsf-logo-national-science-foundation-1.png"}	"GAME"	"120"	""	"6"	"UTC-04:00"	""	{}	{"job_name": "no-active-job", "money": 0, "region": "no-active-region", "scene_type": "menu", "science_level": 0, "science_points": 0, "site": "no-active-site", "time_since_launch": 235.83}	41
"26081811474060684"	"AQUALAB"	"2026-08-18T15:48:27.435000+00:00"	"load_error"	{"server_time": "2026-08-18T10:48:45+00:00", "url": "https://fieldday-web.wcer.wisc.edu/wsgi-bin/opengamedata.wsgi/player/CroppedTrick/game/AQUALAB/state"}	"GAME"	"120"	""	"6"	"UTC-04:00"	""	{}	{"job_name": "no-active-job", "money": 0, "region": "no-active-region", "scene_type": "menu", "science_level": 0, "science_points": 0, "site": "no-active-site", "time_since_launch": 48.85}	0
"26081811474060684"	"AQUALAB"	"2026-08-18T15:49:26.680000+00:00"	"load_error"	{"server_time": "2026-08-18T10:49:47+00:00", "url": "https://fieldday-web.wcer.wisc.edu/wsgi-bin/opengamedata.wsgi/player/CroppedTrick/game/AQUALAB/state"}	"GAME"	"120"	""	"6"	"UTC-04:00"	""	{}	{"job_name": "no-active-job", "money": 0, "region": "no-active-region", "scene_type": "menu", "science_level": 0, "science_points": 0, "site": "no-active-site", "time_since_launch": 108.09}	1
"26081821313339502"	"AQUALAB"	"2026-08-19T04:32:07.384000+00:00"	"select_language"	{"language": "ENGLISH", "server_time": "2026-08-18T23:32:07+00:00"}	"GAME"	"120"	""	"6"	"UTC-07:00"	""	{}	{"job_name": "no-active-job", "money": 0, "region": "no-active-region", "scene_type": "menu", "science_level": 0, "science_points": 0, "site": "no-active-site", "time_since_launch": 34.14}	0
"26081821313339502"	"AQUALAB"	"2026-08-19T04:32:07.548000+00:00"	"select_language"	{"language": "ENGLISH", "server_time": "2026-08-18T23:32:07+00:00"}	"GAME"	"120"	""	"6"	"UTC-07:00"	""	{}	{"job_name": "no-active-job", "money": 0, "region": "no-active-region", "scene_type": "menu", "science_level": 0, "science_points": 0, "site": "no-active-site", "time_since_launch": 34.31}	1
"26081821313339502"	"AQUALAB"	"2026-08-19T04:32:07.688000+00:00"	"select_language"	{"language": "ENGLISH", "server_time": "2026-08-18T23:32:08+00:00"}	"GAME"	"120"	""	"6"	"UTC-07:00"	""	{}	{"job_name": "no-active-job", "money": 0, "region": "no-active-region", "scene_type": "menu", "science_level": 0, "science_points": 0, "site": "no-active-site", "time_since_launch": 34.45}	2
"26081821313339502"	"AQUALAB"	"2026-08-19T04:32:07.817000+00:00"	"select_language"	{"language": "ENGLISH", "server_time": "2026-08-18T23:32:08+00:00"}	"GAME"	"120"	""	"6"	"UTC-07:00"	""	{}	{"job_name": "no-active-job", "money": 0, "region": "no-active-region", "scene_type": "menu", "science_level": 0, "science_points": 0, "site": "no-active-site", "time_since_launch": 34.58}	3
"26081909184918246"	"AQUALAB"	"2026-08-19T14:20:33.977000+00:00"	"load_error"	{"server_time": "2026-08-19T09:20:35+00:00", "url": "https://fieldday-web.wcer.wisc.edu/wsgi-bin/opengamedata.wsgi/player/crnvioet/game/AQUALAB/state"}	"GAME"	"120"	""	"6"	"UTC-05:00"	""	{}	{"job_name": "no-active-job", "money": 0, "region": "no-active-region", "scene_type": "menu", "science_level": 0, "science_points": 0, "site": "no-active-site", "time_since_launch": 105.99}	0
"26081912265074271"	"AQUALAB"	"2026-08-19T17:27:34.938000+00:00"	"load_error"	{"server_time": "2026-08-19T12:27:35+00:00", "url": "https://fieldday-web.wcer.wisc.edu/wsgi-bin/opengamedata.wsgi/player/1/game/AQUALAB/state"}	"GAME"	"120"	""	"6"	"UTC-05:00"	""	{}	{"job_name": "no-active-job", "money": 0, "region": "no-active-region", "scene_type": "menu", "science_level": 0, "science_points": 0, "site": "no-active-site", "time_since_launch": 44.94}	0
"26081919454070748"	"AQUALAB"	"2026-08-19T17:46:35.476000+00:00"	"load_error"	{"server_time": "2026-08-19T12:46:37+00:00", "url": "https://fieldday-web.wcer.wisc.edu/wsgi-bin/opengamedata.wsgi/player/"}	"GAME"	"120"	""	"6"	"UTC+02:00"	""	{}	{"job_name": "no-active-job", "money": 0, "region": "no-active-region", "scene_type": "menu", "science_level": 0, "science_points": 0, "site": "no-active-site", "time_since_launch": 55.48}	0
"26082006535263325"	"AQUALAB"	"2026-08-20T10:55:01.116000+00:00"	"load_error"	{"server_time": "2026-08-20T05:55:02+00:00", "url": "https://fieldday-web.wcer.wisc.edu/wsgi-bin/opengamedata.wsgi/player/s/game/AQUALAB/state"}	"GAME"	"120"	""	"6"	"UTC-04:00"	""	{}	{"job_name": "no-active-job", "money": 0, "region": "no-active-region", "scene_type": "menu", "science_level": 0, "science_points": 0, "site": "no-active-site", "time_since_launch": 68.88}	0
"26082008525437666"	"AQUALAB"	"2026-08-20T12:53:24.053000+00:00"	"select_language"	{"language": "ENGLISH", "server_time": "2026-08-20T07:53:24+00:00"}	"GAME"	"120"	""	"6"	"UTC-04:00"	""	{}	{"job_name": "no-active-job", "money": 0, "region": "no-active-region", "scene_type": "menu", "science_level": 0, "science_points": 0, "site": "no-active-site", "time_since_launch": 30.86}	0
"26082017404119773"	"AQUALAB"	"2026-08-20T21:41:46.097000+00:00"	"load_error"	{"server_time": "2026-08-20T16:42:47+00:00", "url": "https://fielddaylab.org/play/wake/ci/production/StreamingAssets/Textures/Title/WAKE_noEffects.png"}	"GAME"	"120"	""	"6"	"UTC-04:00"	""	{}	{"job_name": "no-active-job", "money": 0, "region": "no-active-region", "scene_type": "menu", "science_level": 0, "science_points": 0, "site": "no-active-site", "time_since_launch": 67.45}	0
"26082017404119773"	"AQUALAB"	"2026-08-20T21:41:46.119000+00:00"	"load_error"	{"server_time": "2026-08-20T16:42:47+00:00", "url": "https://fielddaylab.org/play/wake/ci/production/StreamingAssets/Textures/Title/FieldDaySmall.png"}	"GAME"	"120"	""	"6"	"UTC-04:00"	""	{}	{"job_name": "no-active-job", "money": 0, "region": "no-active-region", "scene_type": "menu", "science_level": 0, "science_points": 0, "site": "no-active-site", "time_since_launch": 67.48}	1
"26082017404119773"	"AQUALAB"	"2026-08-20T21:41:46.123000+00:00"	"load_error"	{"server_time": "2026-08-20T16:42:47+00:00", "url": "https://fielddaylab.org/play/wake/ci/production/StreamingAssets/Textures/Title/nsf-logo-national-science-foundation-1.png"}	"GAME"	"120"	""	"6"	"UTC-04:00"	""	{}	{"job_name": "no-active-job", "money": 0, "region": "no-active-region", "scene_type": "menu", "science_level": 0, "science_points": 0, "site": "no-active-site", "time_since_launch": 67.48}	2
"26082110175345077"	"AQUALAB"	"2026-08-21T15:20:09.336000+00:00"	"load_error"	{"server_time": "2026-08-21T10:20:10+00:00", "url": "https://fieldday-web.wcer.wisc.edu/wsgi-bin/opengamedata.wsgi/player/SpriteWafer/game/AQUALAB/state"}	"GAME"	"120"	""	"6"	"UTC-05:00"	""	{}	{"job_name": "no-active-job", "money": 0, "region": "no-active-region", "scene_type": "menu", "science_level": 0, "science_points": 0, "site": "no-active-site", "time_since_launch": 138.6}	0
"26082119353344501"	"AQUALAB"	"2026-08-22T00:36:12.883000+00:00"	"select_language"	{"language": "ENGLISH", "server_time": "2026-08-21T19:36:12+00:00"}	"GAME"	"120"	""	"6"	"UTC-05:00"	""	{}	{"job_name": "no-active-job", "money": 0, "region": "no-active-region", "scene_type": "menu", "science_level": 0, "science_points": 0, "site": "no-active-site", "time_since_launch": 39.76}	0
"26082122210941973"	"AQUALAB"	"2026-08-22T05:21:36.090000+00:00"	"load_error"	{"server_time": "2026-08-22T00:21:39+00:00", "url": "https://fielddaylab.org/play/wake/ci/production/StreamingAssets/Textures/Title/WAKE_noEffects.png"}	"GAME"	"120"	""	"6"	"UTC-07:00"	""	{}	{"job_name": "no-active-job", "money": 0, "region": "no-active-region", "scene_type": "menu", "science_level": 0, "science_points": 0, "site": "no-active-site", "time_since_launch": 29.28}	0
"26082122210941973"	"AQUALAB"	"2026-08-22T05:21:36.095000+00:00"	"load_error"	{"server_time": "2026-08-22T00:21:39+00:00", "url": "https://fielddaylab.org/play/wake/ci/production/StreamingAssets/Textures/Title/FieldDaySmall.png"}	"GAME"	"120"	""	"6"	"UTC-07:00"	""	{}	{"job_name": "no-active-job", "money": 0, "region": "no-active-region", "scene_type": "menu", "science_level": 0, "science_points": 0, "site": "no-active-site", "time_since_launch": 29.29}	1
"26082122210941973"	"AQUALAB"	"2026-08-22T05:21:36.185000+00:00"	"load_error"	{"server_time": "2026-08-22T00:21:39+00:00", "url": "https://fielddaylab.org/play/wake/ci/production/StreamingAssets/Textures/Title/nsf-logo-national-science-foundation-1.png"}	"GAME"	"120"	""	"6"	"UTC-07:00"	""	{}	{"job_name": "no-active-job", "money": 0, "region": "no-active-region", "scene_type": "menu", "science_level": 0, "science_points": 0, "site": "no-active-site", "time_since_launch": 29.38}	2
"26082200594503396"	"AQUALAB"	"2026-08-22T06:01:15.586000+00:00"	"select_language"	{"language": "ENGLISH", "server_time": "2026-08-22T01:01:15+00:00"}	"GAME"	"120"	""	"6"	"UTC-05:00"	""	{}	{"job_name": "no-active-job", "money": 0, "region": "no-active-region", "scene_type": "menu", "science_level": 0, "science_points": 0, "site": "no-active-site", "time_since_launch": 90.86}	0
"26082202233157444"	"AQUALAB"	"2026-08-22T07:28:58.909000+00:00"	"select_language"	{"language": "ENGLISH", "server_time": "2026-08-22T02:28:59+00:00"}	"GAME"	"120"	""	"6"	"UTC-05:00"	""	{}	{"job_name": "no-active-job", "money": 0, "region": "no-active-region", "scene_type": "menu", "science_level": 0, "science_points": 0, "site": "no-active-site", "time_since_launch": 328.05}	0
"26082204144281873"	"AQUALAB"	"2026-08-22T09:16:10.685000+00:00"	"select_language"	{"language": "ENGLISH", "server_time": "2026-08-22T04:16:10+00:00"}	"GAME"	"120"	""	"6"	"UTC-05:00"	""	{}	{"job_name": "no-active-job", "money": 0, "region": "no-active-region", "scene_type": "menu", "science_level": 0, "science_points": 0, "site": "no-active-site", "time_since_launch": 89.11}	0
"26082204144281873"	"AQUALAB"	"2026-08-22T09:16:34.149000+00:00"	"select_language"	{"language": "SPANISH", "server_time": "2026-08-22T04:16:34+00:00"}	"GAME"	"120"	""	"6"	"UTC-05:00"	""	{}	{"job_name": "no-active-job", "money": 0, "region": "no-active-region", "scene_type": "menu", "science_level": 0, "science_points": 0, "site": "no-active-site", "time_since_launch": 112.57}	1
"26082210381296694"	"AQUALAB"	"2026-08-22T15:39:34.715000+00:00"	"select_language"	{"language": "ENGLISH", "server_time": "2026-08-22T10:39:34+00:00"}	"GAME"	"120"	""	"6"	"UTC-05:00"	""	{}	{"job_name": "no-active-job", "money": 0, "region": "no-active-region", "scene_type": "menu", "science_level": 0, "science_points": 0, "site": "no-active-site", "time_since_launch": 82.41}	0
"26082214163537076"	"AQUALAB"	"2026-08-22T19:18:13.809000+00:00"	"load_error"	{"server_time": "2026-08-22T14:18:14+00:00", "url": "https://fieldday-web.wcer.wisc.edu/wsgi-bin/opengamedata.wsgi/player/moveablepark/game/AQUALAB/state"}	"GAME"	"120"	""	"6"	"UTC-05:00"	""	{}	{"job_name": "no-active-job", "money": 0, "region": "no-active-region", "scene_type": "menu", "science_level": 0, "science_points": 0, "site": "no-active-site", "time_since_launch": 98.95}	0
"26082214163537076"	"AQUALAB"	"2026-08-22T19:20:53.268000+00:00"	"load_error"	{"server_time": "2026-08-22T14:20:53+00:00", "url": "https://fieldday-web.wcer.wisc.edu/wsgi-bin/opengamedata.wsgi/player/MoveablePark/game/AQUALAB/state"}	"GAME"	"120"	""	"6"	"UTC-05:00"	""	{}	{"job_name": "no-active-job", "money": 0, "region": "no-active-region", "scene_type": "menu", "science_level": 0, "science_points": 0, "site": "no-active-site", "time_since_launch": 258.42}	1
"26082214163537076"	"AQUALAB"	"2026-08-22T19:21:19.264000+00:00"	"load_error"	{"server_time": "2026-08-22T14:21:19+00:00", "url": "https://fieldday-web.wcer.wisc.edu/wsgi-bin/opengamedata.wsgi/player/MoveablePArk/game/AQUALAB/state"}	"GAME"	"120"	""	"6"	"UTC-05:00"	""	{}	{"job_name": "no-active-job", "money": 0, "region": "no-active-region", "scene_type": "menu", "science_level": 0, "science_points": 0, "site": "no-active-site", "time_since_launch": 284.42}	2
"26082215065772565"	"AQUALAB"	"2026-08-22T20:09:56.021000+00:00"	"select_language"	{"language": "SPANISH", "server_time": "2026-08-22T15:09:56+00:00"}	"GAME"	"120"	""	"6"	"UTC-05:00"	""	{}	{"job_name": "no-active-job", "money": 0, "region": "no-active-region", "scene_type": "menu", "science_level": 0, "science_points": 0, "site": "no-active-site", "time_since_launch": 179.26}	0
"26082215500138552"	"AQUALAB"	"2026-08-22T20:52:08.815000+00:00"	"select_language"	{"language": "SPANISH", "server_time": "2026-08-22T15:52:09+00:00"}	"GAME"	"120"	""	"6"	"UTC-05:00"	""	{}	{"job_name": "no-active-job", "money": 0, "region": "no-active-region", "scene_type": "menu", "science_level": 0, "science_points": 0, "site": "no-active-site", "time_since_launch": 127.58}	0
"26082218194602220"	"AQUALAB"	"2026-08-22T23:21:14.473000+00:00"	"select_language"	{"language": "SPANISH", "server_time": "2026-08-22T18:21:14+00:00"}	"GAME"	"120"	""	"6"	"UTC-05:00"	""	{}	{"job_name": "no-active-job", "money": 0, "region": "no-active-region", "scene_type": "menu", "science_level": 0, "science_points": 0, "site": "no-active-site", "time_since_launch": 88.5}	0
"26082218194602220"	"AQUALAB"	"2026-08-22T23:23:01.105000+00:00"	"select_language"	{"language": "SPANISH", "server_time": "2026-08-22T18:23:01+00:00"}	"GAME"	"120"	""	"6"	"UTC-05:00"	""	{}	{"job_name": "no-active-job", "money": 0, "region": "no-active-region", "scene_type": "menu", "science_level": 0, "science_points": 0, "site": "no-active-site", "time_since_launch": 195.13}	1
"26082219413608292"	"AQUALAB"	"2026-08-23T00:44:21.309000+00:00"	"select_language"	{"language": "SPANISH", "server_time": "2026-08-22T19:44:21+00:00"}	"GAME"	"120"	""	"6"	"UTC-05:00"	""	{}	{"job_name": "no-active-job", "money": 0, "region": "no-active-region", "scene_type": "menu", "science_level": 0, "science_points": 0, "site": "no-active-site", "time_since_launch": 164.88}	0
"26082222131069485"	"AQUALAB"	"2026-08-23T03:15:45.566000+00:00"	"select_language"	{"language": "SPANISH", "server_time": "2026-08-22T22:15:45+00:00"}	"GAME"	"120"	""	"6"	"UTC-05:00"	""	{}	{"job_name": "no-active-job", "money": 0, "region": "no-active-region", "scene_type": "menu", "science_level": 0, "science_points": 0, "site": "no-active-site", "time_since_launch": 155.43}	0
"26082222513421829"	"AQUALAB"	"2026-08-23T03:55:45.717000+00:00"	"select_language"	{"language": "SPANISH", "server_time": "2026-08-22T22:55:45+00:00"}	"GAME"	"120"	""	"6"	"UTC-05:00"	""	{}	{"job_name": "no-active-job", "money": 0, "region": "no-active-region", "scene_type": "menu", "science_level": 0, "science_points": 0, "site": "no-active-site", "time_since_launch": 251.77}	0
"26082300102437926"	"AQUALAB"	"2026-08-23T05:11:37.149000+00:00"	"select_language"	{"language": "SPANISH", "server_time": "2026-08-23T00:11:37+00:00"}	"GAME"	"120"	""	"6"	"UTC-05:00"	""	{}	{"job_name": "no-active-job", "money": 0, "region": "no-active-region", "scene_type": "menu", "science_level": 0, "science_points": 0, "site": "no-active-site", "time_since_launch": 73.48}	0
"26082300490629208"	"AQUALAB"	"2026-08-23T05:50:27.589000+00:00"	"select_language"	{"language": "SPANISH", "server_time": "2026-08-23T00:50:27+00:00"}	"GAME"	"120"	""	"6"	"UTC-05:00"	""	{}	{"job_name": "no-active-job", "money": 0, "region": "no-active-region", "scene_type": "menu", "science_level": 0, "science_points": 0, "site": "no-active-site", "time_since_launch": 81.19}	0
"26082302073339057"	"AQUALAB"	"2026-08-23T07:08:38.785000+00:00"	"select_language"	{"language": "SPANISH", "server_time": "2026-08-23T02:08:39+00:00"}	"GAME"	"120"	""	"6"	"UTC-05:00"	""	{}	{"job_name": "no-active-job", "money": 0, "region": "no-active-region", "scene_type": "menu", "science_level": 0, "science_points": 0, "site": "no-active-site", "time_since_launch": 65.85}	0
"26082302455737205"	"AQUALAB"	"2026-08-23T07:47:40.591000+00:00"	"select_language"	{"language": "SPANISH", "server_time": "2026-08-23T02:47:40+00:00"}	"GAME"	"120"	""	"6"	"UTC-05:00"	""	{}	{"job_name": "no-active-job", "money": 0, "region": "no-active-region", "scene_type": "menu", "science_level": 0, "science_points": 0, "site": "no-active-site", "time_since_launch": 103.75}	0
"26082303300228683"	"AQUALAB"	"2026-08-23T08:32:22.917000+00:00"	"select_language"	{"language": "SPANISH", "server_time": "2026-08-23T03:32:23+00:00"}	"GAME"	"120"	""	"6"	"UTC-05:00"	""	{}	{"job_name": "no-active-job", "money": 0, "region": "no-active-region", "scene_type": "menu", "science_level": 0, "science_points": 0, "site": "no-active-site", "time_since_launch": 141.21}	0
"26082304084875623"	"AQUALAB"	"2026-08-23T09:12:42.022000+00:00"	"select_language"	{"language": "SPANISH", "server_time": "2026-08-23T04:12:42+00:00"}	"GAME"	"120"	""	"6"	"UTC-05:00"	""	{}	{"job_name": "no-active-job", "money": 0, "region": "no-active-region", "scene_type": "menu", "science_level": 0, "science_points": 0, "site": "no-active-site", "time_since_launch": 233.56}	0
"26082319072298220"	"AQUALAB"	"2026-08-24T00:07:30.687000+00:00"	"load_error"	{"server_time": "2026-08-23T19:07:30+00:00", "url": "https://fielddaylab.org/play/wake/ci/production/StreamingAssets/Textures/Title/WAKE_noEffects.png"}	"GAME"	"120"	""	"6"	"UTC-05:00"	""	{}	{"job_name": "no-active-job", "money": 0, "region": "no-active-region", "scene_type": "menu", "science_level": 0, "science_points": 0, "site": "no-active-site", "time_since_launch": 9.14}	0
"26082319072298220"	"AQUALAB"	"2026-08-24T00:07:30.688000+00:00"	"load_error"	{"server_time": "2026-08-23T19:07:30+00:00", "url": "https://fielddaylab.org/play/wake/ci/production/StreamingAssets/Textures/Title/FieldDaySmall.png"}	"GAME"	"120"	""	"6"	"UTC-05:00"	""	{}	{"job_name": "no-active-job", "money": 0, "region": "no-active-region", "scene_type": "menu", "science_level": 0, "science_points": 0, "site": "no-active-site", "time_since_launch": 9.14}	1
"26082319072298220"	"AQUALAB"	"2026-08-24T00:07:30.689000+00:00"	"load_error"	{"server_time": "2026-08-23T19:07:30+00:00", "url": "https://fielddaylab.org/play/wake/ci/production/StreamingAssets/Textures/Title/nsf-logo-national-science-foundation-1.png"}	"GAME"	"120"	""	"6"	"UTC-05:00"	""	{}	{"job_name": "no-active-job", "money": 0, "region": "no-active-region", "scene_type": "menu", "science_level": 0, "science_points": 0, "site": "no-active-site", "time_since_launch": 9.14}	2
"26082321105169520"	"AQUALAB"	"2026-08-24T02:13:15.421000+00:00"	"select_language"	{"language": "SPANISH", "server_time": "2026-08-23T21:13:15+00:00"}	"GAME"	"120"	""	"6"	"UTC-05:00"	""	{}	{"job_name": "no-active-job", "money": 0, "region": "no-active-region", "scene_type": "menu", "science_level": 0, "science_points": 0, "site": "no-active-site", "time_since_launch": 144.42}	0
"26082322114568577"	"AQUALAB"	"2026-08-24T03:12:31.629000+00:00"	"select_language"	{"language": "SPANISH", "server_time": "2026-08-23T22:12:31+00:00"}	"GAME"	"120"	""	"6"	"UTC-05:00"	""	{}	{"job_name": "no-active-job", "money": 0, "region": "no-active-region", "scene_type": "menu", "science_level": 0, "science_points": 0, "site": "no-active-site", "time_since_launch": 46.51}	0
"26082322361501890"	"AQUALAB"	"2026-08-24T03:38:22.915000+00:00"	"load_error"	{"server_time": "2026-08-23T22:38:23+00:00", "url": "https://fieldday-web.wcer.wisc.edu/wsgi-bin/opengamedata.wsgi/player/A/game/AQUALAB/state"}	"GAME"	"120"	""	"6"	"UTC-05:00"	""	{}	{"job_name": "no-active-job", "money": 0, "region": "no-active-region", "scene_type": "menu", "science_level": 0, "science_points": 0, "site": "no-active-site", "time_since_launch": 127.51}	0
"26082322573871212"	"AQUALAB"	"2026-08-24T03:59:42.815000+00:00"	"load_error"	{"server_time": "2026-08-23T22:59:43+00:00", "url": "https://fieldday-web.wcer.wisc.edu/wsgi-bin/opengamedata.wsgi/player/A/game/AQUALAB/state"}	"GAME"	"120"	""	"6"	"UTC-05:00"	""	{}	{"job_name": "no-active-job", "money": 0, "region": "no-active-region", "scene_type": "menu", "science_level": 0, "science_points": 0, "site": "no-active-site", "time_since_launch": 124.54}	0
"26082411183959444"	"AQUALAB"	"2026-08-24T18:20:09.995000+00:00"	"load_error"	{"server_time": "2026-08-24T13:20:10+00:00", "url": "https://fieldday-web.wcer.wisc.edu/wsgi-bin/opengamedata.wsgi/player/t65945j3rewd/game/AQUALAB/state"}	"GAME"	"120"	""	"6"	"UTC-07:00"	""	{}	{"job_name": "no-active-job", "money": 0, "region": "no-active-region", "scene_type": "menu", "science_level": 0, "science_points": 0, "site": "no-active-site", "time_since_launch": 92.06}	0
"26082411183959444"	"AQUALAB"	"2026-08-24T18:20:17.333000+00:00"	"load_error"	{"server_time": "2026-08-24T13:20:17+00:00", "url": "https://fieldday-web.wcer.wisc.edu/wsgi-bin/opengamedata.wsgi/player/a/game/AQUALAB/state"}	"GAME"	"120"	""	"6"	"UTC-07:00"	""	{}	{"job_name": "no-active-job", "money": 0, "region": "no-active-region", "scene_type": "menu", "science_level": 0, "science_points": 0, "site": "no-active-site", "time_since_launch": 99.4}	1
"26082413445259471"	"AQUALAB"	"2026-08-24T18:45:36.786000+00:00"	"select_language"	{"language": "SPANISH", "server_time": "2026-08-24T13:45:37+00:00"}	"GAME"	"120"	""	"6"	"UTC-05:00"	""	{}	{"job_name": "no-active-job", "money": 0, "region": "no-active-region", "scene_type": "menu", "science_level": 0, "science_points": 0, "site": "no-active-site", "time_since_launch": 45.28}	0
"26082413445259471"	"AQUALAB"	"2026-08-24T18:45:37.836000+00:00"	"select_language"	{"language": "ENGLISH", "server_time": "2026-08-24T13:45:38+00:00"}	"GAME"	"120"	""	"6"	"UTC-05:00"	""	{}	{"job_name": "no-active-job", "money": 0, "region": "no-active-region", "scene_type": "menu", "science_level": 0, "science_points": 0, "site": "no-active-site", "time_since_launch": 46.32}	1
"26082414010891479"	"AQUALAB"	"2026-08-24T18:01:51.873000+00:00"	"load_error"	{"server_time": "2026-08-24T13:01:53+00:00", "url": "https://fieldday-web.wcer.wisc.edu/wsgi-bin/opengamedata.wsgi/player/Kim/game/AQUALAB/state"}	"GAME"	"120"	""	"6"	"UTC-04:00"	""	{}	{"job_name": "no-active-job", "money": 0, "region": "no-active-region", "scene_type": "menu", "science_level": 0, "science_points": 0, "site": "no-active-site", "time_since_launch": 43.58}	0
"26082415592164632"	"AQUALAB"	"2026-08-24T21:01:21.828000+00:00"	"load_error"	{"server_time": "2026-08-24T16:01:22+00:00", "url": "https://fieldday-web.wcer.wisc.edu/wsgi-bin/opengamedata.wsgi/player/A/game/AQUALAB/state"}	"GAME"	"120"	""	"6"	"UTC-05:00"	""	{}	{"job_name": "no-active-job", "money": 0, "region": "no-active-region", "scene_type": "menu", "science_level": 0, "science_points": 0, "site": "no-active-site", "time_since_launch": 121.18}	0
"26082415592164632"	"AQUALAB"	"2026-08-24T21:02:05.576000+00:00"	"load_error"	{"server_time": "2026-08-24T16:02:05+00:00", "url": "https://fieldday-web.wcer.wisc.edu/wsgi-bin/opengamedata.wsgi/player/A/game/AQUALAB/state"}	"GAME"	"120"	""	"6"	"UTC-05:00"	""	{}	{"job_name": "no-active-job", "money": 0, "region": "no-active-region", "scene_type": "menu", "science_level": 0, "science_points": 0, "site": "no-active-site", "time_since_launch": 164.93}	1
"26082415592164632"	"AQUALAB"	"2026-08-24T21:02:13.878000+00:00"	"select_language"	{"language": "SPANISH", "server_time": "2026-08-24T16:02:14+00:00"}	"GAME"	"120"	""	"6"	"UTC-05:00"	""	{}	{"job_name": "no-active-job", "money": 0, "region": "no-active-region", "scene_type": "menu", "science_level": 0, "science_points": 0, "site": "no-active-site", "time_since_launch": 173.23}	2
"26082416445412855"	"AQUALAB"	"2026-08-24T21:46:35.770000+00:00"	"load_error"	{"server_time": "2026-08-24T16:46:36+00:00", "url": "https://fieldday-web.wcer.wisc.edu/wsgi-bin/opengamedata.wsgi/player/A/game/AQUALAB/state"}	"GAME"	"120"	""	"6"	"UTC-05:00"	""	{}	{"job_name": "no-active-job", "money": 0, "region": "no-active-region", "scene_type": "menu", "science_level": 0, "science_points": 0, "site": "no-active-site", "time_since_launch": 101.84}	0
"26082416445412855"	"AQUALAB"	"2026-08-24T21:47:12.651000+00:00"	"load_error"	{"server_time": "2026-08-24T16:47:12+00:00", "url": "https://fieldday-web.wcer.wisc.edu/wsgi-bin/opengamedata.wsgi/player/A/game/AQUALAB/state"}	"GAME"	"120"	""	"6"	"UTC-05:00"	""	{}	{"job_name": "no-active-job", "money": 0, "region": "no-active-region", "scene_type": "menu", "science_level": 0, "science_points": 0, "site": "no-active-site", "time_since_launch": 138.72}	1
"26082416445412855"	"AQUALAB"	"2026-08-24T21:47:20.920000+00:00"	"select_language"	{"language": "SPANISH", "server_time": "2026-08-24T16:47:21+00:00"}	"GAME"	"120"	""	"6"	"UTC-05:00"	""	{}	{"job_name": "no-active-job", "money": 0, "region": "no-active-region", "scene_type": "menu", "science_level": 0, "science_points": 0, "site": "no-active-site", "time_since_launch": 146.99}	2
"26082418340299780"	"AQUALAB"	"2026-08-24T23:35:18.894000+00:00"	"select_language"	{"language": "SPANISH", "server_time": "2026-08-24T18:35:19+00:00"}	"GAME"	"120"	""	"6"	"UTC-05:00"	""	{}	{"job_name": "no-active-job", "money": 0, "region": "no-active-region", "scene_type": "menu", "science_level": 0, "science_points": 0, "site": "no-active-site", "time_since_launch": 77.34}	0
"26082419505721750"	"AQUALAB"	"2026-08-25T00:53:09.822000+00:00"	"load_error"	{"server_time": "2026-08-24T19:53:10+00:00", "url": "https://fieldday-web.wcer.wisc.edu/wsgi-bin/opengamedata.wsgi/player/A/game/AQUALAB/state"}	"GAME"	"120"	""	"6"	"UTC-05:00"	""	{}	{"job_name": "no-active-job", "money": 0, "region": "no-active-region", "scene_type": "menu", "science_level": 0, "science_points": 0, "site": "no-active-site", "time_since_launch": 133.17}	0
"26082419505721750"	"AQUALAB"	"2026-08-25T00:53:58.936000+00:00"	"load_error"	{"server_time": "2026-08-24T19:53:59+00:00", "url": "https://fieldday-web.wcer.wisc.edu/wsgi-bin/opengamedata.wsgi/player/A/game/AQUALAB/state"}	"GAME"	"120"	""	"6"	"UTC-05:00"	""	{}	{"job_name": "no-active-job", "money": 0, "region": "no-active-region", "scene_type": "menu", "science_level": 0, "science_points": 0, "site": "no-active-site", "time_since_launch": 182.28}	1
"26082419505721750"	"AQUALAB"	"2026-08-25T00:54:07.204000+00:00"	"select_language"	{"language": "SPANISH", "server_time": "2026-08-24T19:54:07+00:00"}	"GAME"	"120"	""	"6"	"UTC-05:00"	""	{}	{"job_name": "no-active-job", "money": 0, "region": "no-active-region", "scene_type": "menu", "science_level": 0, "science_points": 0, "site": "no-active-site", "time_since_launch": 190.55}	2
"26082420294284255"	"AQUALAB"	"2026-08-25T01:34:47.872000+00:00"	"load_error"	{"server_time": "2026-08-24T20:34:48+00:00", "url": "https://fieldday-web.wcer.wisc.edu/wsgi-bin/opengamedata.wsgi/player/A/game/AQUALAB/state"}	"GAME"	"120"	""	"6"	"UTC-05:00"	""	{}	{"job_name": "no-active-job", "money": 0, "region": "no-active-region", "scene_type": "menu", "science_level": 0, "science_points": 0, "site": "no-active-site", "time_since_launch": 306.02}	0
"26082420355198884"	"AQUALAB"	"2026-08-25T01:36:34.803000+00:00"	"select_language"	{"language": "SPANISH", "server_time": "2026-08-24T20:36:35+00:00"}	"GAME"	"120"	""	"6"	"UTC-05:00"	""	{}	{"job_name": "no-active-job", "money": 0, "region": "no-active-region", "scene_type": "menu", "science_level": 0, "science_points": 0, "site": "no-active-site", "time_since_launch": 43.78}	0
"26082421082912135"	"AQUALAB"	"2026-08-25T02:10:36.936000+00:00"	"load_error"	{"server_time": "2026-08-24T21:10:37+00:00", "url": "https://fieldday-web.wcer.wisc.edu/wsgi-bin/opengamedata.wsgi/player/A/game/AQUALAB/state"}	"GAME"	"120"	""	"6"	"UTC-05:00"	""	{}	{"job_name": "no-active-job", "money": 0, "region": "no-active-region", "scene_type": "menu", "science_level": 0, "science_points": 0, "site": "no-active-site", "time_since_launch": 127.75}	0
"26082421082912135"	"AQUALAB"	"2026-08-25T02:11:19.101000+00:00"	"load_error"	{"server_time": "2026-08-24T21:11:19+00:00", "url": "https://fieldday-web.wcer.wisc.edu/wsgi-bin/opengamedata.wsgi/player/A/game/AQUALAB/state"}	"GAME"	"120"	""	"6"	"UTC-05:00"	""	{}	{"job_name": "no-active-job", "money": 0, "region": "no-active-region", "scene_type": "menu", "science_level": 0, "science_points": 0, "site": "no-active-site", "time_since_launch": 169.92}	1
"26082421082912135"	"AQUALAB"	"2026-08-25T02:11:27.386000+00:00"	"select_language"	{"language": "SPANISH", "server_time": "2026-08-24T21:11:27+00:00"}	"GAME"	"120"	""	"6"	"UTC-05:00"	""	{}	{"job_name": "no-active-job", "money": 0, "region": "no-active-region", "scene_type": "menu", "science_level": 0, "science_points": 0, "site": "no-active-site", "time_since_launch": 178.2}	2
"26082500591265945"	"AQUALAB"	"2026-08-25T06:01:51.848000+00:00"	"load_error"	{"server_time": "2026-08-25T01:01:52+00:00", "url": "https://fieldday-web.wcer.wisc.edu/wsgi-bin/opengamedata.wsgi/player/A/game/AQUALAB/state"}	"GAME"	"120"	""	"6"	"UTC-05:00"	""	{}	{"job_name": "no-active-job", "money": 0, "region": "no-active-region", "scene_type": "menu", "science_level": 0, "science_points": 0, "site": "no-active-site", "time_since_launch": 159.97}	0
"26082500591265945"	"AQUALAB"	"2026-08-25T06:02:36.712000+00:00"	"load_error"	{"server_time": "2026-08-25T01:02:36+00:00", "url": "https://fieldday-web.wcer.wisc.edu/wsgi-bin/opengamedata.wsgi/player/A/game/AQUALAB/state"}	"GAME"	"120"	""	"6"	"UTC-05:00"	""	{}	{"job_name": "no-active-job", "money": 0, "region": "no-active-region", "scene_type": "menu", "science_level": 0, "science_points": 0, "site": "no-active-site", "time_since_launch": 204.84}	1
"26082500591265945"	"AQUALAB"	"2026-08-25T06:02:44.964000+00:00"	"select_language"	{"language": "SPANISH", "server_time": "2026-08-25T01:02:45+00:00"}	"GAME"	"120"	""	"6"	"UTC-05:00"	""	{}	{"job_name": "no-active-job", "money": 0, "region": "no-active-region", "scene_type": "menu", "science_level": 0, "science_points": 0, "site": "no-active-site", "time_since_launch": 213.09}	2
"26082502220659712"	"AQUALAB"	"2026-08-25T07:26:13.751000+00:00"	"select_language"	{"language": "SPANISH", "server_time": "2026-08-25T02:26:13+00:00"}	"GAME"	"120"	""	"6"	"UTC-05:00"	""	{}	{"job_name": "no-active-job", "money": 0, "region": "no-active-region", "scene_type": "menu", "science_level": 0, "science_points": 0, "site": "no-active-site", "time_since_launch": 247.87}	0
"26082510301124073"	"AQUALAB"	"2026-08-25T15:32:27.362000+00:00"	"load_error"	{"server_time": "2026-08-25T10:32:27+00:00", "url": "https://fieldday-web.wcer.wisc.edu/wsgi-bin/opengamedata.wsgi/player/A/game/AQUALAB/state"}	"GAME"	"120"	""	"6"	"UTC-05:00"	""	{}	{"job_name": "no-active-job", "money": 0, "region": "no-active-region", "scene_type": "menu", "science_level": 0, "science_points": 0, "site": "no-active-site", "time_since_launch": 136.34}	0
"26082510301124073"	"AQUALAB"	"2026-08-25T15:33:12.709000+00:00"	"load_error"	{"server_time": "2026-08-25T10:33:12+00:00", "url": "https://fieldday-web.wcer.wisc.edu/wsgi-bin/opengamedata.wsgi/player/A/game/AQUALAB/state"}	"GAME"	"120"	""	"6"	"UTC-05:00"	""	{}	{"job_name": "no-active-job", "money": 0, "region": "no-active-region", "scene_type": "menu", "science_level": 0, "science_points": 0, "site": "no-active-site", "time_since_launch": 181.69}	1
"26082510301124073"	"AQUALAB"	"2026-08-25T15:33:20.961000+00:00"	"select_language"	{"language": "SPANISH", "server_time": "2026-08-25T10:33:21+00:00"}	"GAME"	"120"	""	"6"	"UTC-05:00"	""	{}	{"job_name": "no-active-job", "money": 0, "region": "no-active-region", "scene_type": "menu", "science_level": 0, "science_points": 0, "site": "no-active-site", "time_since_launch": 189.94}	2
"26082511454007132"	"AQUALAB"	"2026-08-25T16:47:49.414000+00:00"	"load_error"	{"server_time": "2026-08-25T11:47:49+00:00", "url": "https://fieldday-web.wcer.wisc.edu/wsgi-bin/opengamedata.wsgi/player/A/game/AQUALAB/state"}	"GAME"	"120"	""	"6"	"UTC-05:00"	""	{}	{"job_name": "no-active-job", "money": 0, "region": "no-active-region", "scene_type": "menu", "science_level": 0, "science_points": 0, "site": "no-active-site", "time_since_launch": 129.85}	0
"26082511454007132"	"AQUALAB"	"2026-08-25T16:48:37.428000+00:00"	"load_error"	{"server_time": "2026-08-25T11:48:37+00:00", "url": "https://fieldday-web.wcer.wisc.edu/wsgi-bin/opengamedata.wsgi/player/A/game/AQUALAB/state"}	"GAME"	"120"	""	"6"	"UTC-05:00"	""	{}	{"job_name": "no-active-job", "money": 0, "region": "no-active-region", "scene_type": "menu", "science_level": 0, "science_points": 0, "site": "no-active-site", "time_since_launch": 177.87}	1
"26082511454007132"	"AQUALAB"	"2026-08-25T16:48:45.696000+00:00"	"select_language"	{"language": "SPANISH", "server_time": "2026-08-25T11:48:45+00:00"}	"GAME"	"120"	""	"6"	"UTC-05:00"	""	{}	{"job_name": "no-active-job", "money": 0, "region": "no-active-region", "scene_type": "menu", "science_level": 0, "science_points": 0, "site": "no-active-site", "time_since_launch": 186.14}	2
"26082512531126975"	"AQUALAB"	"2026-08-25T17:57:06.632000+00:00"	"load_error"	{"server_time": "2026-08-25T12:57:06+00:00", "url": "https://fieldday-web.wcer.wisc.edu/wsgi-bin/opengamedata.wsgi/player/A/game/AQUALAB/state"}	"GAME"	"120"	""	"6"	"UTC-05:00"	""	{}	{"job_name": "no-active-job", "money": 0, "region": "no-active-region", "scene_type": "menu", "science_level": 0, "science_points": 0, "site": "no-active-site", "time_since_launch": 235.83}	0
"26082512531126975"	"AQUALAB"	"2026-08-25T17:58:11.795000+00:00"	"load_error"	{"server_time": "2026-08-25T12:58:12+00:00", "url": "https://fieldday-web.wcer.wisc.edu/wsgi-bin/opengamedata.wsgi/player/A/game/AQUALAB/state"}	"GAME"	"120"	""	"6"	"UTC-05:00"	""	{}	{"job_name": "no-active-job", "money": 0, "region": "no-active-region", "scene_type": "menu", "science_level": 0, "science_points": 0, "site": "no-active-site", "time_since_launch": 300.99}	1
"26082513190142972"	"AQUALAB"	"2026-08-25T18:24:51.183000+00:00"	"load_error"	{"server_time": "2026-08-25T13:24:51+00:00", "url": "https://fieldday-web.wcer.wisc.edu/wsgi-bin/opengamedata.wsgi/player/AA/game/AQUALAB/state"}	"GAME"	"120"	""	"6"	"UTC-05:00"	""	{}	{"job_name": "no-active-job", "money": 0, "region": "no-active-region", "scene_type": "menu", "science_level": 0, "science_points": 0, "site": "no-active-site", "time_since_launch": 350.29}	0
"26082514450146747"	"AQUALAB"	"2026-08-25T19:45:37.042000+00:00"	"load_error"	{"server_time": "2026-08-25T14:45:37+00:00", "url": "https://fieldday-web.wcer.wisc.edu/wsgi-bin/opengamedata.wsgi/player/playercode/game/AQUALAB/state"}	"GAME"	"120"	""	"6"	"UTC-05:00"	""	{}	{"job_name": "no-active-job", "money": 0, "region": "no-active-region", "scene_type": "menu", "science_level": 0, "science_points": 0, "site": "no-active-site", "time_since_launch": 36.56}	0
"26082514524374512"	"AQUALAB"	"2026-08-25T19:54:51.599000+00:00"	"load_error"	{"server_time": "2026-08-25T14:54:51+00:00", "url": "https://fieldday-web.wcer.wisc.edu/wsgi-bin/opengamedata.wsgi/player/A/game/AQUALAB/state"}	"GAME"	"120"	""	"6"	"UTC-05:00"	""	{}	{"job_name": "no-active-job", "money": 0, "region": "no-active-region", "scene_type": "menu", "science_level": 0, "science_points": 0, "site": "no-active-site", "time_since_launch": 129.01}	0
"26082514524374512"	"AQUALAB"	"2026-08-25T19:55:06.581000+00:00"	"load_error"	{"server_time": "2026-08-25T14:55:06+00:00", "url": "https://fieldday-web.wcer.wisc.edu/wsgi-bin/opengamedata.wsgi/player/A/game/AQUALAB/state"}	"GAME"	"120"	""	"6"	"UTC-05:00"	""	{}	{"job_name": "no-active-job", "money": 0, "region": "no-active-region", "scene_type": "menu", "science_level": 0, "science_points": 0, "site": "no-active-site", "time_since_launch": 143.99}	1
"26082514524374512"	"AQUALAB"	"2026-08-25T19:55:14.866000+00:00"	"select_language"	{"language": "SPANISH", "server_time": "2026-08-25T14:55:15+00:00"}	"GAME"	"120"	""	"6"	"UTC-05:00"	""	{}	{"job_name": "no-active-job", "money": 0, "region": "no-active-region", "scene_type": "menu", "science_level": 0, "science_points": 0, "site": "no-active-site", "time_since_launch": 152.28}	2
"26082515245455827"	"AQUALAB"	"2026-08-25T20:27:47.737000+00:00"	"load_error"	{"server_time": "2026-08-25T15:27:47+00:00", "url": "https://fieldday-web.wcer.wisc.edu/wsgi-bin/opengamedata.wsgi/player/A/game/AQUALAB/state"}	"GAME"	"120"	""	"6"	"UTC-05:00"	""	{}	{"job_name": "no-active-job", "money": 0, "region": "no-active-region", "scene_type": "menu", "science_level": 0, "science_points": 0, "site": "no-active-site", "time_since_launch": 173.86}	0
"26082515245455827"	"AQUALAB"	"2026-08-25T20:28:07.135000+00:00"	"load_error"	{"server_time": "2026-08-25T15:28:07+00:00", "url": "https://fieldday-web.wcer.wisc.edu/wsgi-bin/opengamedata.wsgi/player/A/game/AQUALAB/state"}	"GAME"	"120"	""	"6"	"UTC-05:00"	""	{}	{"job_name": "no-active-job", "money": 0, "region": "no-active-region", "scene_type": "menu", "science_level": 0, "science_points": 0, "site": "no-active-site", "time_since_launch": 193.25}	1
"26082515245455827"	"AQUALAB"	"2026-08-25T20:28:15.403000+00:00"	"select_language"	{"language": "SPANISH", "server_time": "2026-08-25T15:28:15+00:00"}	"GAME"	"120"	""	"6"	"UTC-05:00"	""	{}	{"job_name": "no-active-job", "money": 0, "region": "no-active-region", "scene_type": "menu", "science_level": 0, "science_points": 0, "site": "no-active-site", "time_since_launch": 201.52}	2
"26082515245455827"	"AQUALAB"	"2026-08-25T20:31:04.444000+00:00"	"load_error"	{"server_time": "2026-08-25T15:31:04+00:00", "url": "https://fieldday-web.wcer.wisc.edu/wsgi-bin/opengamedata.wsgi/player/A/game/AQUALAB/state"}	"GAME"	"120"	""	"6"	"UTC-05:00"	""	{}	{"job_name": "no-active-job", "money": 0, "region": "no-active-region", "scene_type": "menu", "science_level": 0, "science_points": 0, "site": "no-active-site", "time_since_launch": 370.56}	3
"26082516114017546"	"AQUALAB"	"2026-08-25T21:11:50.486000+00:00"	"load_error"	{"server_time": "2026-08-25T16:11:51+00:00", "url": "https://fieldday-web.wcer.wisc.edu/wsgi-bin/opengamedata.wsgi/player/NationalLeg/game/AQUALAB/state"}	"GAME"	"120"	""	"6"	"UTC-05:00"	""	{}	{"job_name": "no-active-job", "money": 0, "region": "no-active-region", "scene_type": "menu", "science_level": 0, "science_points": 0, "site": "no-active-site", "time_since_launch": 11.2}	0
"26082516452403556"	"AQUALAB"	"2026-08-25T21:49:55.958000+00:00"	"select_language"	{"language": "SPANISH", "server_time": "2026-08-25T16:49:56+00:00"}	"GAME"	"120"	""	"6"	"UTC-05:00"	""	{}	{"job_name": "no-active-job", "money": 0, "region": "no-active-region", "scene_type": "menu", "science_level": 0, "science_points": 0, "site": "no-active-site", "time_since_launch": 271.8}	0
"26082516452403556"	"AQUALAB"	"2026-08-25T21:51:00.905000+00:00"	"select_language"	{"language": "SPANISH", "server_time": "2026-08-25T16:51:01+00:00"}	"GAME"	"120"	""	"6"	"UTC-05:00"	""	{}	{"job_name": "no-active-job", "money": 0, "region": "no-active-region", "scene_type": "menu", "science_level": 0, "science_points": 0, "site": "no-active-site", "time_since_launch": 336.75}	1
"26082518012555322"	"AQUALAB"	"2026-08-25T23:05:19.613000+00:00"	"select_language"	{"language": "ENGLISH", "server_time": "2026-08-25T18:05:19+00:00"}	"GAME"	"120"	""	"6"	"UTC-05:00"	""	{}	{"job_name": "no-active-job", "money": 0, "region": "no-active-region", "scene_type": "menu", "science_level": 0, "science_points": 0, "site": "no-active-site", "time_since_launch": 234.68}	0
"26082518012555322"	"AQUALAB"	"2026-08-25T23:05:31.425000+00:00"	"select_language"	{"language": "ENGLISH", "server_time": "2026-08-25T18:05:31+00:00"}	"GAME"	"120"	""	"6"	"UTC-05:00"	""	{}	{"job_name": "no-active-job", "money": 0, "region": "no-active-region", "scene_type": "menu", "science_level": 0, "science_points": 0, "site": "no-active-site", "time_since_launch": 246.5}	1
"26082518012555322"	"AQUALAB"	"2026-08-25T23:06:08.241000+00:00"	"load_error"	{"server_time": "2026-08-25T18:06:08+00:00", "url": "https://fieldday-web.wcer.wisc.edu/wsgi-bin/opengamedata.wsgi/player/A/game/AQUALAB/state"}	"GAME"	"120"	""	"6"	"UTC-05:00"	""	{}	{"job_name": "no-active-job", "money": 0, "region": "no-active-region", "scene_type": "menu", "science_level": 0, "science_points": 0, "site": "no-active-site", "time_since_launch": 283.31}	2
"26082518012555322"	"AQUALAB"	"2026-08-25T23:06:24.772000+00:00"	"load_error"	{"server_time": "2026-08-25T18:06:24+00:00", "url": "https://fieldday-web.wcer.wisc.edu/wsgi-bin/opengamedata.wsgi/player/A/game/AQUALAB/state"}	"GAME"	"120"	""	"6"	"UTC-05:00"	""	{}	{"job_name": "no-active-job", "money": 0, "region": "no-active-region", "scene_type": "menu", "science_level": 0, "science_points": 0, "site": "no-active-site", "time_since_launch": 299.84}	3
"26082518012555322"	"AQUALAB"	"2026-08-25T23:06:33.022000+00:00"	"select_language"	{"language": "SPANISH", "server_time": "2026-08-25T18:06:32+00:00"}	"GAME"	"120"	""	"6"	"UTC-05:00"	""	{}	{"job_name": "no-active-job", "money": 0, "region": "no-active-region", "scene_type": "menu", "science_level": 0, "science_points": 0, "site": "no-active-site", "time_since_launch": 308.09}	4
"26082519021012501"	"AQUALAB"	"2026-08-26T00:05:03.533000+00:00"	"select_language"	{"language": "ENGLISH", "server_time": "2026-08-25T19:05:03+00:00"}	"GAME"	"120"	""	"6"	"UTC-05:00"	""	{}	{"job_name": "no-active-job", "money": 0, "region": "no-active-region", "scene_type": "menu", "science_level": 0, "science_points": 0, "site": "no-active-site", "time_since_launch": 173.43}	0
"26082519233468831"	"AQUALAB"	"2026-08-26T00:27:56.660000+00:00"	"load_error"	{"server_time": "2026-08-25T19:27:56+00:00", "url": "https://fieldday-web.wcer.wisc.edu/wsgi-bin/opengamedata.wsgi/player/A/game/AQUALAB/state"}	"GAME"	"120"	""	"6"	"UTC-05:00"	""	{}	{"job_name": "no-active-job", "money": 0, "region": "no-active-region", "scene_type": "menu", "science_level": 0, "science_points": 0, "site": "no-active-site", "time_since_launch": 262.97}	0
"26082521083882235"	"AQUALAB"	"2026-08-26T02:13:03.642000+00:00"	"select_language"	{"language": "ENGLISH", "server_time": "2026-08-25T21:13:03+00:00"}	"GAME"	"120"	""	"6"	"UTC-05:00"	""	{}	{"job_name": "no-active-job", "money": 0, "region": "no-active-region", "scene_type": "menu", "science_level": 0, "science_points": 0, "site": "no-active-site", "time_since_launch": 265.81}	0
"26082603512826269"	"AQUALAB"	"2026-08-26T08:52:57.750000+00:00"	"select_language"	{"language": "ENGLISH", "server_time": "2026-08-26T03:52:57+00:00"}	"GAME"	"120"	""	"6"	"UTC-05:00"	""	{}	{"job_name": "no-active-job", "money": 0, "region": "no-active-region", "scene_type": "menu", "science_level": 0, "science_points": 0, "site": "no-active-site", "time_since_launch": 90.06}	0
"26082604171946704"	"AQUALAB"	"2026-08-26T09:24:32.290000+00:00"	"select_language"	{"language": "ENGLISH", "server_time": "2026-08-26T04:24:32+00:00"}	"GAME"	"120"	""	"6"	"UTC-05:00"	""	{}	{"job_name": "no-active-job", "money": 0, "region": "no-active-region", "scene_type": "menu", "science_level": 0, "science_points": 0, "site": "no-active-site", "time_since_launch": 432.88}	0
"26082605193625492"	"AQUALAB"	"2026-08-26T10:22:36.083000+00:00"	"load_error"	{"server_time": "2026-08-26T05:22:36+00:00", "url": "https://fieldday-web.wcer.wisc.edu/wsgi-bin/opengamedata.wsgi/player/A/game/AQUALAB/state"}	"GAME"	"120"	""	"6"	"UTC-05:00"	""	{}	{"job_name": "no-active-job", "money": 0, "region": "no-active-region", "scene_type": "menu", "science_level": 0, "science_points": 0, "site": "no-active-site", "time_since_launch": 179.95}	0
"26082605193625492"	"AQUALAB"	"2026-08-26T10:22:55.698000+00:00"	"load_error"	{"server_time": "2026-08-26T05:22:55+00:00", "url": "https://fieldday-web.wcer.wisc.edu/wsgi-bin/opengamedata.wsgi/player/A/game/AQUALAB/state"}	"GAME"	"120"	""	"6"	"UTC-05:00"	""	{}	{"job_name": "no-active-job", "money": 0, "region": "no-active-region", "scene_type": "menu", "science_level": 0, "science_points": 0, "site": "no-active-site", "time_since_launch": 199.57}	1
"26082605193625492"	"AQUALAB"	"2026-08-26T10:23:03.967000+00:00"	"select_language"	{"language": "SPANISH", "server_time": "2026-08-26T05:23:04+00:00"}	"GAME"	"120"	""	"6"	"UTC-05:00"	""	{}	{"job_name": "no-active-job", "money": 0, "region": "no-active-region", "scene_type": "menu", "science_level": 0, "science_points": 0, "site": "no-active-site", "time_since_launch": 207.84}	2
"26082605193625492"	"AQUALAB"	"2026-08-26T10:28:27.653000+00:00"	"load_error"	{"server_time": "2026-08-26T05:28:27+00:00", "url": "https://fieldday-web.wcer.wisc.edu/wsgi-bin/opengamedata.wsgi/player/A/game/AQUALAB/state"}	"GAME"	"120"	""	"6"	"UTC-05:00"	""	{}	{"job_name": "no-active-job", "money": 0, "region": "no-active-region", "scene_type": "menu", "science_level": 0, "science_points": 0, "site": "no-active-site", "time_since_launch": 531.52}	3
"26082607303298260"	"AQUALAB"	"2026-08-26T11:31:16.712000+00:00"	"select_language"	{"language": "SPANISH", "server_time": "2026-08-26T06:31:17+00:00"}	"GAME"	"120"	""	"6"	"UTC-04:00"	""	{}	{"job_name": "no-active-job", "money": 0, "region": "no-active-region", "scene_type": "menu", "science_level": 0, "science_points": 0, "site": "no-active-site", "time_since_launch": 46.13}	0
"26082609312481394"	"AQUALAB"	"2026-08-26T14:36:33.373000+00:00"	"load_error"	{"server_time": "2026-08-26T09:36:33+00:00", "url": "https://fieldday-web.wcer.wisc.edu/wsgi-bin/opengamedata.wsgi/player/A/game/AQUALAB/state"}	"GAME"	"120"	""	"6"	"UTC-05:00"	""	{}	{"job_name": "no-active-job", "money": 0, "region": "no-active-region", "scene_type": "menu", "science_level": 0, "science_points": 0, "site": "no-active-site", "time_since_launch": 308.91}	0
"26082609312481394"	"AQUALAB"	"2026-08-26T14:36:50.689000+00:00"	"load_error"	{"server_time": "2026-08-26T09:36:51+00:00", "url": "https://fieldday-web.wcer.wisc.edu/wsgi-bin/opengamedata.wsgi/player/A/game/AQUALAB/state"}	"GAME"	"120"	""	"6"	"UTC-05:00"	""	{}	{"job_name": "no-active-job", "money": 0, "region": "no-active-region", "scene_type": "menu", "science_level": 0, "science_points": 0, "site": "no-active-site", "time_since_launch": 326.23}	1
"26082609312481394"	"AQUALAB"	"2026-08-26T14:36:58.974000+00:00"	"select_language"	{"language": "SPANISH", "server_time": "2026-08-26T09:36:59+00:00"}	"GAME"	"120"	""	"6"	"UTC-05:00"	""	{}	{"job_name": "no-active-job", "money": 0, "region": "no-active-region", "scene_type": "menu", "science_level": 0, "science_points": 0, "site": "no-active-site", "time_since_launch": 334.51}	2
"26082609534030951"	"AQUALAB"	"2026-08-26T14:59:37.687000+00:00"	"load_error"	{"server_time": "2026-08-26T09:59:38+00:00", "url": "https://fieldday-web.wcer.wisc.edu/wsgi-bin/opengamedata.wsgi/player/A/game/AQUALAB/state"}	"GAME"	"120"	""	"6"	"UTC-05:00"	""	{}	{"job_name": "no-active-job", "money": 0, "region": "no-active-region", "scene_type": "menu", "science_level": 0, "science_points": 0, "site": "no-active-site", "time_since_launch": 358.18}	0
"26082610025352252"	"AQUALAB"	"2026-08-26T15:07:38.966000+00:00"	"select_language"	{"language": "ENGLISH", "server_time": "2026-08-26T10:07:39+00:00"}	"GAME"	"120"	""	"6"	"UTC-05:00"	""	{}	{"job_name": "no-active-job", "money": 0, "region": "no-active-region", "scene_type": "menu", "science_level": 0, "science_points": 0, "site": "no-active-site", "time_since_launch": 285.92}	0
"26082610025352252"	"AQUALAB"	"2026-08-26T15:08:45.313000+00:00"	"select_language"	{"language": "ENGLISH", "server_time": "2026-08-26T10:08:45+00:00"}	"GAME"	"120"	""	"6"	"UTC-05:00"	""	{}	{"job_name": "no-active-job", "money": 0, "region": "no-active-region", "scene_type": "menu", "science_level": 0, "science_points": 0, "site": "no-active-site", "time_since_launch": 352.27}	1
"26082610414286451"	"AQUALAB"	"2026-08-26T16:43:03.658000+00:00"	"load_error"	{"server_time": "2026-08-26T11:43:27+00:00", "url": "https://fieldday-web.wcer.wisc.edu/wsgi-bin/opengamedata.wsgi/player/?player_id=WorthyBush&name="}	"GAME"	"120"	""	"6"	"UTC-06:00"	""	{}	{"job_name": "no-active-job", "money": 0, "region": "no-active-region", "scene_type": "menu", "science_level": 0, "science_points": 0, "site": "no-active-site", "time_since_launch": 83.17}	0
"26082610445969907"	"AQUALAB"	"2026-08-26T15:47:23.088000+00:00"	"select_language"	{"language": "ENGLISH", "server_time": "2026-08-26T10:47:23+00:00"}	"GAME"	"120"	""	"6"	"UTC-05:00"	""	{}	{"job_name": "no-active-job", "money": 0, "region": "no-active-region", "scene_type": "menu", "science_level": 0, "science_points": 0, "site": "no-active-site", "time_since_launch": 144.37}	0
"26082610445969907"	"AQUALAB"	"2026-08-26T15:47:39.103000+00:00"	"select_language"	{"language": "ENGLISH", "server_time": "2026-08-26T10:47:39+00:00"}	"GAME"	"120"	""	"6"	"UTC-05:00"	""	{}	{"job_name": "no-active-job", "money": 0, "region": "no-active-region", "scene_type": "menu", "science_level": 0, "science_points": 0, "site": "no-active-site", "time_since_launch": 160.38}	1
"26082610454054655"	"AQUALAB"	"2026-08-26T16:47:07.053000+00:00"	"select_language"	{"language": "SPANISH", "server_time": "2026-08-26T11:47:22+00:00"}	"GAME"	"120"	""	"6"	"UTC-06:00"	""	{}	{"job_name": "no-active-job", "money": 0, "region": "no-active-region", "scene_type": "menu", "science_level": 0, "science_points": 0, "site": "no-active-site", "time_since_launch": 87.86}	0
"26082610454054655"	"AQUALAB"	"2026-08-26T16:47:08.314000+00:00"	"select_language"	{"language": "ENGLISH", "server_time": "2026-08-26T11:47:46+00:00"}	"GAME"	"120"	""	"6"	"UTC-06:00"	""	{}	{"job_name": "no-active-job", "money": 0, "region": "no-active-region", "scene_type": "menu", "science_level": 0, "science_points": 0, "site": "no-active-site", "time_since_launch": 89.12}	1
"26082610511702043"	"AQUALAB"	"2026-08-26T15:54:18.455000+00:00"	"select_language"	{"language": "ENGLISH", "server_time": "2026-08-26T10:54:18+00:00"}	"GAME"	"120"	""	"6"	"UTC-05:00"	""	{}	{"job_name": "no-active-job", "money": 0, "region": "no-active-region", "scene_type": "menu", "science_level": 0, "science_points": 0, "site": "no-active-site", "time_since_launch": 181.81}	0
"26082610511702043"	"AQUALAB"	"2026-08-26T15:54:40.352000+00:00"	"select_language"	{"language": "ENGLISH", "server_time": "2026-08-26T10:54:40+00:00"}	"GAME"	"120"	""	"6"	"UTC-05:00"	""	{}	{"job_name": "no-active-job", "money": 0, "region": "no-active-region", "scene_type": "menu", "science_level": 0, "science_points": 0, "site": "no-active-site", "time_since_launch": 203.7}	1
"26082610514743811"	"AQUALAB"	"2026-08-26T16:52:56.330000+00:00"	"load_error"	{"server_time": "2026-08-26T12:07:12+00:00", "url": "https://fieldday-web.wcer.wisc.edu/wsgi-bin/opengamedata.wsgi/player/ShallowAgent/game/AQUALAB/state"}	"GAME"	"120"	""	"6"	"UTC-06:00"	""	{}	{"job_name": "no-active-job", "money": 0, "region": "no-active-region", "scene_type": "menu", "science_level": 0, "science_points": 0, "site": "no-active-site", "time_since_launch": 70.76}	0
"26082610514743811"	"AQUALAB"	"2026-08-26T17:04:13.194000+00:00"	"load_error"	{"server_time": "2026-08-26T12:07:12+00:00", "url": "https://fieldday-web.wcer.wisc.edu/wsgi-bin/opengamedata.wsgi/player/"}	"GAME"	"120"	""	"6"	"UTC-06:00"	""	{}	{"job_name": "no-active-job", "money": 0, "region": "no-active-region", "scene_type": "menu", "science_level": 0, "science_points": 0, "site": "no-active-site", "time_since_launch": 747.63}	1
"26082611512632360"	"AQUALAB"	"2026-08-26T16:52:40.414000+00:00"	"select_language"	{"language": "ENGLISH", "server_time": "2026-08-26T11:52:40+00:00"}	"GAME"	"120"	""	"6"	"UTC-05:00"	""	{}	{"job_name": "no-active-job", "money": 0, "region": "no-active-region", "scene_type": "menu", "science_level": 0, "science_points": 0, "site": "no-active-site", "time_since_launch": 74.03}	0
"26082612303775456"	"AQUALAB"	"2026-08-26T17:31:59.419000+00:00"	"load_error"	{"server_time": "2026-08-26T12:31:59+00:00", "url": "https://fieldday-web.wcer.wisc.edu/wsgi-bin/opengamedata.wsgi/player/A/game/AQUALAB/state"}	"GAME"	"120"	""	"6"	"UTC-05:00"	""	{}	{"job_name": "no-active-job", "money": 0, "region": "no-active-region", "scene_type": "menu", "science_level": 0, "science_points": 0, "site": "no-active-site", "time_since_launch": 82.92}	0
"26082612303775456"	"AQUALAB"	"2026-08-26T17:32:19.284000+00:00"	"load_error"	{"server_time": "2026-08-26T12:32:19+00:00", "url": "https://fieldday-web.wcer.wisc.edu/wsgi-bin/opengamedata.wsgi/player/A/game/AQUALAB/state"}	"GAME"	"120"	""	"6"	"UTC-05:00"	""	{}	{"job_name": "no-active-job", "money": 0, "region": "no-active-region", "scene_type": "menu", "science_level": 0, "science_points": 0, "site": "no-active-site", "time_since_launch": 102.79}	1
"26082612303775456"	"AQUALAB"	"2026-08-26T17:32:27.536000+00:00"	"select_language"	{"language": "SPANISH", "server_time": "2026-08-26T12:32:27+00:00"}	"GAME"	"120"	""	"6"	"UTC-05:00"	""	{}	{"job_name": "no-active-job", "money": 0, "region": "no-active-region", "scene_type": "menu", "science_level": 0, "science_points": 0, "site": "no-active-site", "time_since_launch": 111.04}	2
"26082612371592444"	"AQUALAB"	"2026-08-26T17:39:34.318000+00:00"	"load_error"	{"server_time": "2026-08-26T12:39:34+00:00", "url": "https://fieldday-web.wcer.wisc.edu/wsgi-bin/opengamedata.wsgi/player/A/game/AQUALAB/state"}	"GAME"	"120"	""	"6"	"UTC-05:00"	""	{}	{"job_name": "no-active-job", "money": 0, "region": "no-active-region", "scene_type": "menu", "science_level": 0, "science_points": 0, "site": "no-active-site", "time_since_launch": 138.83}	0
"26082612371592444"	"AQUALAB"	"2026-08-26T17:39:54.049000+00:00"	"load_error"	{"server_time": "2026-08-26T12:39:54+00:00", "url": "https://fieldday-web.wcer.wisc.edu/wsgi-bin/opengamedata.wsgi/player/A/game/AQUALAB/state"}	"GAME"	"120"	""	"6"	"UTC-05:00"	""	{}	{"job_name": "no-active-job", "money": 0, "region": "no-active-region", "scene_type": "menu", "science_level": 0, "science_points": 0, "site": "no-active-site", "time_since_launch": 158.56}	1
"26082612371592444"	"AQUALAB"	"2026-08-26T17:40:02.318000+00:00"	"select_language"	{"language": "SPANISH", "server_time": "2026-08-26T12:40:02+00:00"}	"GAME"	"120"	""	"6"	"UTC-05:00"	""	{}	{"job_name": "no-active-job", "money": 0, "region": "no-active-region", "scene_type": "menu", "science_level": 0, "science_points": 0, "site": "no-active-site", "time_since_launch": 166.83}	2
"26082614090185559"	"AQUALAB"	"2026-08-26T19:09:41.031000+00:00"	"load_error"	{"server_time": "2026-08-26T14:09:41+00:00", "url": "https://fieldday-web.wcer.wisc.edu/wsgi-bin/opengamedata.wsgi/player/CirclingPass/game/AQUALAB/state"}	"GAME"	"120"	""	"6"	"UTC-05:00"	""	{}	{"job_name": "no-active-job", "money": 0, "region": "no-active-region", "scene_type": "menu", "science_level": 0, "science_points": 0, "site": "no-active-site", "time_since_launch": 40.73}	0
"26082711393962358"	"AQUALAB"	"2026-08-27T15:40:14.797000+00:00"	"select_language"	{"language": "SPANISH", "server_time": "2026-08-27T10:40:15+00:00"}	"GAME"	"120"	""	"6"	"UTC-04:00"	""	{}	{"job_name": "no-active-job", "money": 0, "region": "no-active-region", "scene_type": "menu", "science_level": 0, "science_points": 0, "site": "no-active-site", "time_since_launch": 37.35}	0
"26082714420152394"	"AQUALAB"	"2026-08-27T19:42:50.170000+00:00"	"load_error"	{"server_time": "2026-08-27T14:42:50+00:00", "url": "https://fieldday-web.wcer.wisc.edu/wsgi-bin/opengamedata.wsgi/player/FalseWeek/game/AQUALAB/state"}	"GAME"	"120"	""	"6"	"UTC-05:00"	""	{}	{"job_name": "no-active-job", "money": 0, "region": "no-active-region", "scene_type": "menu", "science_level": 0, "science_points": 0, "site": "no-active-site", "time_since_launch": 49.25}	0
"26082808183770523"	"AQUALAB"	"2026-08-28T12:19:03.265000+00:00"	"load_error"	{"server_time": "2026-08-28T07:19:04+00:00", "url": "https://fieldday-web.wcer.wisc.edu/wsgi-bin/opengamedata.wsgi/player/fh/game/AQUALAB/state"}	"GAME"	"120"	""	"6"	"UTC-04:00"	""	{}	{"job_name": "no-active-job", "money": 0, "region": "no-active-region", "scene_type": "menu", "science_level": 0, "science_points": 0, "site": "no-active-site", "time_since_launch": 27.12}	0
"26082808255328474"	"AQUALAB"	"2026-08-28T12:26:32.820000+00:00"	"select_language"	{"language": "ENGLISH", "server_time": "2026-08-28T07:26:33+00:00"}	"GAME"	"120"	""	"6"	"UTC-04:00"	""	{}	{"job_name": "no-active-job", "money": 0, "region": "no-active-region", "scene_type": "menu", "science_level": 0, "science_points": 0, "site": "no-active-site", "time_since_launch": 40.7}	0
"26082808255328474"	"AQUALAB"	"2026-08-28T12:27:14.307000+00:00"	"load_error"	{"server_time": "2026-08-28T07:27:14+00:00", "url": "https://fieldday-web.wcer.wisc.edu/wsgi-bin/opengamedata.wsgi/player/Downtowngrain/game/AQUALAB/state"}	"GAME"	"120"	""	"6"	"UTC-04:00"	""	{}	{"job_name": "no-active-job", "money": 0, "region": "no-active-region", "scene_type": "menu", "science_level": 0, "science_points": 0, "site": "no-active-site", "time_since_launch": 82.19}	1
"26082808433220622"	"AQUALAB"	"2026-08-28T12:44:04.548000+00:00"	"select_language"	{"language": "SPANISH", "server_time": "2026-08-28T07:44:05+00:00"}	"GAME"	"120"	""	"6"	"UTC-04:00"	""	{}	{"job_name": "no-active-job", "money": 0, "region": "no-active-region", "scene_type": "menu", "science_level": 0, "science_points": 0, "site": "no-active-site", "time_since_launch": 33.16}	0
"26082808433220622"	"AQUALAB"	"2026-08-28T12:44:07.012000+00:00"	"select_language"	{"language": "ENGLISH", "server_time": "2026-08-28T07:44:07+00:00"}	"GAME"	"120"	""	"6"	"UTC-04:00"	""	{}	{"job_name": "no-active-job", "money": 0, "region": "no-active-region", "scene_type": "menu", "science_level": 0, "science_points": 0, "site": "no-active-site", "time_since_launch": 35.63}	1
"26082809040959717"	"AQUALAB"	"2026-08-28T13:04:52.525000+00:00"	"load_error"	{"server_time": "2026-08-28T08:04:52+00:00", "url": "https://fieldday-web.wcer.wisc.edu/wsgi-bin/opengamedata.wsgi/player/21345/game/AQUALAB/state"}	"GAME"	"120"	""	"6"	"UTC-04:00"	""	{}	{"job_name": "no-active-job", "money": 0, "region": "no-active-region", "scene_type": "menu", "science_level": 0, "science_points": 0, "site": "no-active-site", "time_since_launch": 45.14}	0
"26082809061000062"	"AQUALAB"	"2026-08-28T13:07:19.962000+00:00"	"select_language"	{"language": "ENGLISH", "server_time": "2026-08-28T08:07:20+00:00"}	"GAME"	"120"	""	"6"	"UTC-04:00"	""	{}	{"job_name": "no-active-job", "money": 0, "region": "no-active-region", "scene_type": "menu", "science_level": 0, "science_points": 0, "site": "no-active-site", "time_since_launch": 70.49}	0
"26082809092068871"	"AQUALAB"	"2026-08-28T13:09:57.474000+00:00"	"select_language"	{"language": "SPANISH", "server_time": "2026-08-28T08:09:57+00:00"}	"GAME"	"120"	""	"6"	"UTC-04:00"	""	{}	{"job_name": "no-active-job", "money": 0, "region": "no-active-region", "scene_type": "menu", "science_level": 0, "science_points": 0, "site": "no-active-site", "time_since_launch": 38.88}	0
"26082809503355219"	"AQUALAB"	"2026-08-28T13:50:57.260000+00:00"	"select_language"	{"language": "SPANISH", "server_time": "2026-08-28T08:50:57+00:00"}	"GAME"	"120"	""	"6"	"UTC-04:00"	""	{}	{"job_name": "no-active-job", "money": 0, "region": "no-active-region", "scene_type": "menu", "science_level": 0, "science_points": 0, "site": "no-active-site", "time_since_launch": 24.55}	0
"26082809503355219"	"AQUALAB"	"2026-08-28T13:51:10.872000+00:00"	"load_error"	{"server_time": "2026-08-28T08:51:11+00:00", "url": "https://fieldday-web.wcer.wisc.edu/wsgi-bin/opengamedata.wsgi/player/93440/game/AQUALAB/state"}	"GAME"	"120"	""	"6"	"UTC-04:00"	""	{}	{"job_name": "no-active-job", "money": 0, "region": "no-active-region", "scene_type": "menu", "science_level": 0, "science_points": 0, "site": "no-active-site", "time_since_launch": 38.16}	1
"26082810224119496"	"AQUALAB"	"2026-08-28T16:23:30.353000+00:00"	"select_language"	{"language": "ENGLISH", "server_time": "2026-08-28T11:23:31+00:00"}	"GAME"	"120"	""	"6"	"UTC-06:00"	""	{}	{"job_name": "no-active-job", "money": 0, "region": "no-active-region", "scene_type": "menu", "science_level": 0, "science_points": 0, "site": "no-active-site", "time_since_launch": 49.64}	0
"26082810330560887"	"AQUALAB"	"2026-08-28T16:34:16.644000+00:00"	"load_error"	{"server_time": "2026-08-28T11:34:22+00:00", "url": "https://fieldday-web.wcer.wisc.edu/wsgi-bin/opengamedata.wsgi/player/u/game/AQUALAB/state"}	"GAME"	"120"	""	"6"	"UTC-06:00"	""	{}	{"job_name": "no-active-job", "money": 0, "region": "no-active-region", "scene_type": "menu", "science_level": 0, "science_points": 0, "site": "no-active-site", "time_since_launch": 72.11}	0
"26082810534509455"	"AQUALAB"	"2026-08-31T00:55:17.972000+00:00"	"load_error"	{"server_time": "2026-08-30T19:55:18+00:00", "url": "https://fieldday-web.wcer.wisc.edu/wsgi-bin/opengamedata.wsgi/player/TwinklyMule/game/AQUALAB/state"}	"GAME"	"120"	""	"6"	"UTC-05:00"	""	{}	{"job_name": "no-active-job", "money": 0, "region": "no-active-region", "scene_type": "menu", "science_level": 0, "science_points": 0, "site": "no-active-site", "time_since_launch": 897.35}	0
"26082811271452523"	"AQUALAB"	"2026-08-28T15:27:47.799000+00:00"	"load_error"	{"server_time": "2026-08-28T10:27:48+00:00", "url": "https://fieldday-web.wcer.wisc.edu/wsgi-bin/opengamedata.wsgi/player/Neggy/game/AQUALAB/state"}	"GAME"	"120"	""	"6"	"UTC-04:00"	""	{}	{"job_name": "no-active-job", "money": 0, "region": "no-active-region", "scene_type": "menu", "science_level": 0, "science_points": 0, "site": "no-active-site", "time_since_launch": 33.93}	0
"26082811271452523"	"AQUALAB"	"2026-08-28T15:28:02.369000+00:00"	"load_error"	{"server_time": "2026-08-28T10:28:03+00:00", "url": "https://fieldday-web.wcer.wisc.edu/wsgi-bin/opengamedata.wsgi/player/WorkingRabit/game/AQUALAB/state"}	"GAME"	"120"	""	"6"	"UTC-04:00"	""	{}	{"job_name": "no-active-job", "money": 0, "region": "no-active-region", "scene_type": "menu", "science_level": 0, "science_points": 0, "site": "no-active-site", "time_since_launch": 48.5}	1
"26082811271452523"	"AQUALAB"	"2026-08-28T15:28:12.715000+00:00"	"load_error"	{"server_time": "2026-08-28T10:28:16+00:00", "url": "https://fieldday-web.wcer.wisc.edu/wsgi-bin/opengamedata.wsgi/player/Jake102/game/AQUALAB/state"}	"GAME"	"120"	""	"6"	"UTC-04:00"	""	{}	{"job_name": "no-active-job", "money": 0, "region": "no-active-region", "scene_type": "menu", "science_level": 0, "science_points": 0, "site": "no-active-site", "time_since_launch": 58.84}	2
"26082811271452523"	"AQUALAB"	"2026-08-28T15:28:29.084000+00:00"	"load_error"	{"server_time": "2026-08-28T10:28:35+00:00", "url": "https://fieldday-web.wcer.wisc.edu/wsgi-bin/opengamedata.wsgi/player/WokeFish/game/AQUALAB/state"}	"GAME"	"120"	""	"6"	"UTC-04:00"	""	{}	{"job_name": "no-active-job", "money": 0, "region": "no-active-region", "scene_type": "menu", "science_level": 0, "science_points": 0, "site": "no-active-site", "time_since_launch": 75.21}	3
"26082811323649721"	"AQUALAB"	"2026-08-28T15:33:02.399000+00:00"	"load_error"	{"server_time": "2026-08-28T10:33:08+00:00", "url": "https://fieldday-web.wcer.wisc.edu/wsgi-bin/opengamedata.wsgi/player/u67509h/game/AQUALAB/state"}	"GAME"	"120"	""	"6"	"UTC-04:00"	""	{}	{"job_name": "no-active-job", "money": 0, "region": "no-active-region", "scene_type": "menu", "science_level": 0, "science_points": 0, "site": "no-active-site", "time_since_launch": 27.2}	0
"26082811323649721"	"AQUALAB"	"2026-08-28T15:34:18.855000+00:00"	"load_error"	{"server_time": "2026-08-28T10:34:23+00:00", "url": "https://fieldday-web.wcer.wisc.edu/wsgi-bin/opengamedata.wsgi/player/hanna/game/AQUALAB/state"}	"GAME"	"120"	""	"6"	"UTC-04:00"	""	{}	{"job_name": "no-active-job", "money": 0, "region": "no-active-region", "scene_type": "menu", "science_level": 0, "science_points": 0, "site": "no-active-site", "time_since_launch": 103.66}	1
"26082811470597620"	"AQUALAB"	"2026-08-30T19:33:22.817000+00:00"	"load_error"	{"server_time": "2026-08-30T14:33:23+00:00", "url": "https://fieldday-web.wcer.wisc.edu/wsgi-bin/opengamedata.wsgi/player/speckledsaloon/game/AQUALAB/state"}	"GAME"	"120"	""	"6"	"UTC-05:00"	""	{}	{"job_name": "no-active-job", "money": 0, "region": "no-active-region", "scene_type": "menu", "science_level": 0, "science_points": 0, "site": "no-active-site", "time_since_launch": 9742.63}	0
"26082812364422881"	"AQUALAB"	"2026-08-28T16:37:06.035000+00:00"	"load_error"	{"server_time": "2026-08-28T11:37:22+00:00", "url": "https://fieldday-web.wcer.wisc.edu/wsgi-bin/opengamedata.wsgi/player/grey/game/AQUALAB/state"}	"GAME"	"120"	""	"6"	"UTC-04:00"	""	{}	{"job_name": "no-active-job", "money": 0, "region": "no-active-region", "scene_type": "menu", "science_level": 0, "science_points": 0, "site": "no-active-site", "time_since_launch": 22.29}	0
"26082812364422881"	"AQUALAB"	"2026-08-28T16:37:18.734000+00:00"	"load_error"	{"server_time": "2026-08-28T11:37:23+00:00", "url": "https://fieldday-web.wcer.wisc.edu/wsgi-bin/opengamedata.wsgi/player/isgrey/game/AQUALAB/state"}	"GAME"	"120"	""	"6"	"UTC-04:00"	""	{}	{"job_name": "no-active-job", "money": 0, "region": "no-active-region", "scene_type": "menu", "science_level": 0, "science_points": 0, "site": "no-active-site", "time_since_launch": 34.99}	1
"26082812485080537"	"AQUALAB"	"2026-08-28T18:49:32.273000+00:00"	"select_language"	{"language": "SPANISH", "server_time": "2026-08-28T13:49:33+00:00"}	"GAME"	"120"	""	"6"	"UTC-06:00"	""	{}	{"job_name": "no-active-job", "money": 0, "region": "no-active-region", "scene_type": "menu", "science_level": 0, "science_points": 0, "site": "no-active-site", "time_since_launch": 43.33}	0
"26082812485080537"	"AQUALAB"	"2026-08-28T18:49:38.271000+00:00"	"select_language"	{"language": "ENGLISH", "server_time": "2026-08-28T13:49:40+00:00"}	"GAME"	"120"	""	"6"	"UTC-06:00"	""	{}	{"job_name": "no-active-job", "money": 0, "region": "no-active-region", "scene_type": "menu", "science_level": 0, "science_points": 0, "site": "no-active-site", "time_since_launch": 49.33}	1
"26082813143055580"	"AQUALAB"	"2026-08-28T19:16:32.801000+00:00"	"select_language"	{"language": "SPANISH", "server_time": "2026-08-28T14:16:33+00:00"}	"GAME"	"120"	""	"6"	"UTC-06:00"	""	{}	{"job_name": "no-active-job", "money": 0, "region": "no-active-region", "scene_type": "menu", "science_level": 0, "science_points": 0, "site": "no-active-site", "time_since_launch": 124.67}	0
"26082813422585653"	"AQUALAB"	"2026-08-28T17:43:57.710000+00:00"	"load_error"	{"server_time": "2026-08-28T12:43:58+00:00", "url": "https://fieldday-web.wcer.wisc.edu/wsgi-bin/opengamedata.wsgi/player/j/game/AQUALAB/state"}	"GAME"	"120"	""	"6"	"UTC-04:00"	""	{}	{"job_name": "no-active-job", "money": 0, "region": "no-active-region", "scene_type": "menu", "science_level": 0, "science_points": 0, "site": "no-active-site", "time_since_launch": 93.41}	0
"26082814050414348"	"AQUALAB"	"2026-08-28T20:05:40.786000+00:00"	"select_language"	{"language": "SPANISH", "server_time": "2026-08-28T15:05:41+00:00"}	"GAME"	"120"	""	"6"	"UTC-06:00"	""	{}	{"job_name": "no-active-job", "money": 0, "region": "no-active-region", "scene_type": "menu", "science_level": 0, "science_points": 0, "site": "no-active-site", "time_since_launch": 36.72}	0
"26082814050414348"	"AQUALAB"	"2026-08-28T20:05:48.709000+00:00"	"select_language"	{"language": "ENGLISH", "server_time": "2026-08-28T15:05:49+00:00"}	"GAME"	"120"	""	"6"	"UTC-06:00"	""	{}	{"job_name": "no-active-job", "money": 0, "region": "no-active-region", "scene_type": "menu", "science_level": 0, "science_points": 0, "site": "no-active-site", "time_since_launch": 44.65}	1
"26082814050414348"	"AQUALAB"	"2026-08-28T20:05:49.575000+00:00"	"select_language"	{"language": "SPANISH", "server_time": "2026-08-28T15:05:50+00:00"}	"GAME"	"120"	""	"6"	"UTC-06:00"	""	{}	{"job_name": "no-active-job", "money": 0, "region": "no-active-region", "scene_type": "menu", "science_level": 0, "science_points": 0, "site": "no-active-site", "time_since_launch": 45.51}	2
"26082814050414348"	"AQUALAB"	"2026-08-28T20:06:00.163000+00:00"	"select_language"	{"language": "ENGLISH", "server_time": "2026-08-28T15:06:01+00:00"}	"GAME"	"120"	""	"6"	"UTC-06:00"	""	{}	{"job_name": "no-active-job", "money": 0, "region": "no-active-region", "scene_type": "menu", "science_level": 0, "science_points": 0, "site": "no-active-site", "time_since_launch": 56.1}	3
"26082816203049619"	"AQUALAB"	"2026-08-28T21:24:05.849000+00:00"	"load_error"	{"server_time": "2026-08-28T16:24:06+00:00", "url": "https://fieldday-web.wcer.wisc.edu/wsgi-bin/opengamedata.wsgi/player/A/game/AQUALAB/state"}	"GAME"	"120"	""	"6"	"UTC-05:00"	""	{}	{"job_name": "no-active-job", "money": 0, "region": "no-active-region", "scene_type": "menu", "science_level": 0, "science_points": 0, "site": "no-active-site", "time_since_launch": 216.11}	0
"26082816203049619"	"AQUALAB"	"2026-08-28T21:24:27.748000+00:00"	"load_error"	{"server_time": "2026-08-28T16:24:27+00:00", "url": "https://fieldday-web.wcer.wisc.edu/wsgi-bin/opengamedata.wsgi/player/A/game/AQUALAB/state"}	"GAME"	"120"	""	"6"	"UTC-05:00"	""	{}	{"job_name": "no-active-job", "money": 0, "region": "no-active-region", "scene_type": "menu", "science_level": 0, "science_points": 0, "site": "no-active-site", "time_since_launch": 238.01}	1
"26082816203049619"	"AQUALAB"	"2026-08-28T21:24:36.033000+00:00"	"select_language"	{"language": "SPANISH", "server_time": "2026-08-28T16:24:36+00:00"}	"GAME"	"120"	""	"6"	"UTC-05:00"	""	{}	{"job_name": "no-active-job", "money": 0, "region": "no-active-region", "scene_type": "menu", "science_level": 0, "science_points": 0, "site": "no-active-site", "time_since_launch": 246.3}	2
"26082817141589998"	"AQUALAB"	"2026-08-29T00:15:38.531000+00:00"	"select_language"	{"language": "ENGLISH", "server_time": "2026-08-28T19:15:39+00:00"}	"GAME"	"120"	""	"6"	"UTC-07:00"	""	{}	{"job_name": "no-active-job", "money": 0, "region": "no-active-region", "scene_type": "menu", "science_level": 0, "science_points": 0, "site": "no-active-site", "time_since_launch": 83.23}	0
"26082817141589998"	"AQUALAB"	"2026-08-29T00:17:17.304000+00:00"	"select_language"	{"language": "SPANISH", "server_time": "2026-08-28T19:17:17+00:00"}	"GAME"	"120"	""	"6"	"UTC-07:00"	""	{}	{"job_name": "no-active-job", "money": 0, "region": "no-active-region", "scene_type": "menu", "science_level": 0, "science_points": 0, "site": "no-active-site", "time_since_launch": 182.01}	1
"26082817141589998"	"AQUALAB"	"2026-08-29T00:17:17.985000+00:00"	"select_language"	{"language": "ENGLISH", "server_time": "2026-08-28T19:17:18+00:00"}	"GAME"	"120"	""	"6"	"UTC-07:00"	""	{}	{"job_name": "no-active-job", "money": 0, "region": "no-active-region", "scene_type": "menu", "science_level": 0, "science_points": 0, "site": "no-active-site", "time_since_launch": 182.69}	2
"26083009014428357"	"AQUALAB"	"2026-08-30T14:07:14.100000+00:00"	"load_error"	{"server_time": "2026-08-30T09:07:15+00:00", "url": "https://fieldday-web.wcer.wisc.edu/wsgi-bin/opengamedata.wsgi/player/CharmingPrice/game/AQUALAB/state"}	"GAME"	"120"	""	"6"	"UTC-05:00"	""	{}	{"job_name": "no-active-job", "money": 0, "region": "no-active-region", "scene_type": "menu", "science_level": 0, "science_points": 0, "site": "no-active-site", "time_since_launch": 12.73}	0
"26083009014428357"	"AQUALAB"	"2026-08-30T14:07:38.937000+00:00"	"select_language"	{"language": "SPANISH", "server_time": "2026-08-30T09:07:40+00:00"}	"GAME"	"120"	""	"6"	"UTC-05:00"	""	{}	{"job_name": "no-active-job", "money": 0, "region": "no-active-region", "scene_type": "menu", "science_level": 0, "science_points": 0, "site": "no-active-site", "time_since_launch": 37.57}	1
"26083009014428357"	"AQUALAB"	"2026-08-30T14:07:40.885000+00:00"	"select_language"	{"language": "ENGLISH", "server_time": "2026-08-30T09:07:41+00:00"}	"GAME"	"120"	""	"6"	"UTC-05:00"	""	{}	{"job_name": "no-active-job", "money": 0, "region": "no-active-region", "scene_type": "menu", "science_level": 0, "science_points": 0, "site": "no-active-site", "time_since_launch": 39.52}	2
"26082809195706058"	"AQUALAB"	"2026-08-28T14:21:05.388000+00:00"	"scene_changed"	{"scene_name": "RS-1C", "server_time": "2026-08-28T09:21:06+00:00"}	"GAME"	"120"	"production"	"6"	"UTC-05:00"	"AbnormalLapdog"	{}	{"job_name": "no-active-job", "money": 0, "region": "no-active-region", "scene_type": "menu", "science_level": 0, "science_points": 0, "site": "no-active-site", "time_since_launch": 20.16}	0
"26082809195706058"	"AQUALAB"	"2026-08-28T14:21:05.449000+00:00"	"script_began"	{"node_id": "act1.checkIntro", "server_time": "2026-08-28T09:21:06+00:00"}	"GAME"	"120"	"production"	"6"	"UTC-05:00"	"AbnormalLapdog"	{}	{"job_name": "no-active-job", "money": 100, "region": "KelpStation", "scene_type": "dive-site", "science_level": 1, "science_points": 0, "site": "RS-1C", "time_since_launch": 70.71}	1
"26082809195706058"	"AQUALAB"	"2026-08-28T14:21:06.443000+00:00"	"script_line_displayed"	{"node_id": "act1.checkIntro", "server_time": "2026-08-28T09:21:06+00:00", "speaker": "", "text_string": "Wow... this place looks so different at night."}	"GAME"	"120"	"production"	"6"	"UTC-05:00"	"AbnormalLapdog"	{}	{"job_name": "no-active-job", "money": 100, "region": "KelpStation", "scene_type": "dive-site", "science_level": 1, "science_points": 0, "site": "RS-1C", "time_since_launch": 71.71}	2
"26082809195706058"	"AQUALAB"	"2026-08-28T14:21:09.703000+00:00"	"script_line_displayed"	{"node_id": "act1.checkIntro", "server_time": "2026-08-28T09:21:09+00:00", "speaker": "", "text_string": "T\u00edo, are you still there?"}	"GAME"	"120"	"production"	"6"	"UTC-05:00"	"AbnormalLapdog"	{}	{"job_name": "no-active-job", "money": 100, "region": "KelpStation", "scene_type": "dive-site", "science_level": 1, "science_points": 0, "site": "RS-1C", "time_since_launch": 74.97}	3
"26082809195706058"	"AQUALAB"	"2026-08-28T14:21:10.339000+00:00"	"script_line_displayed"	{"node_id": "act1.checkIntro", "server_time": "2026-08-28T09:21:10+00:00", "speaker": "", "text_string": "S\u00ed, mijita. I can hear you on the comms."}	"GAME"	"120"	"production"	"6"	"UTC-05:00"	"AbnormalLapdog"	{}	{"job_name": "no-active-job", "money": 100, "region": "KelpStation", "scene_type": "dive-site", "science_level": 1, "science_points": 0, "site": "RS-1C", "time_since_launch": 75.6}	4
"26082809195706058"	"AQUALAB"	"2026-08-28T14:21:10.814000+00:00"	"script_line_displayed"	{"node_id": "act1.checkIntro", "server_time": "2026-08-28T09:21:11+00:00", "speaker": "", "text_string": "Keep exploring. Your driver's test is almost done."}	"GAME"	"120"	"production"	"6"	"UTC-05:00"	"AbnormalLapdog"	{}	{"job_name": "no-active-job", "money": 100, "region": "KelpStation", "scene_type": "dive-site", "science_level": 1, "science_points": 0, "site": "RS-1C", "time_since_launch": 76.08}	5
"26082809195706058"	"AQUALAB"	"2026-08-28T14:21:11.311000+00:00"	"script_line_displayed"	{"node_id": "act1.checkIntro", "server_time": "2026-08-28T09:21:11+00:00", "speaker": "", "text_string": "A few more seconds, and the computer will be able to calculate your score."}	"GAME"	"120"	"production"	"6"	"UTC-05:00"	"AbnormalLapdog"	{}	{"job_name": "no-active-job", "money": 100, "region": "KelpStation", "scene_type": "dive-site", "science_level": 1, "science_points": 0, "site": "RS-1C", "time_since_launch": 76.57}	6
"26082809195706058"	"AQUALAB"	"2026-08-28T14:21:15.061000+00:00"	"script_line_displayed"	{"node_id": "act1.checkIntro", "server_time": "2026-08-28T09:21:15+00:00", "speaker": "", "text_string": "Gracias, T\u00edo."}	"GAME"	"120"	"production"	"6"	"UTC-05:00"	"AbnormalLapdog"	{}	{"job_name": "no-active-job", "money": 100, "region": "KelpStation", "scene_type": "dive-site", "science_level": 1, "science_points": 0, "site": "RS-1C", "time_since_launch": 80.32}	7
"26082809195706058"	"AQUALAB"	"2026-08-28T14:21:17.039000+00:00"	"script_line_displayed"	{"node_id": "act1.checkIntro", "server_time": "2026-08-28T09:21:17+00:00", "speaker": "", "text_string": "Just... don't tell Mom I'm out here, okay?"}	"GAME"	"120"	"production"	"6"	"UTC-05:00"	"AbnormalLapdog"	{}	{"job_name": "no-active-job", "money": 100, "region": "KelpStation", "scene_type": "dive-site", "science_level": 1, "science_points": 0, "site": "RS-1C", "time_since_launch": 82.3}	8
"26082809195706058"	"AQUALAB"	"2026-08-28T14:21:23.787000+00:00"	"script_line_displayed"	{"node_id": "act1.checkIntro", "server_time": "2026-08-28T09:21:28+00:00", "speaker": "", "text_string": "No promises, Ollie."}	"GAME"	"120"	"production"	"6"	"UTC-05:00"	"AbnormalLapdog"	{}	{"job_name": "no-active-job", "money": 100, "region": "KelpStation", "scene_type": "dive-site", "science_level": 1, "science_points": 0, "site": "RS-1C", "time_since_launch": 89.05}	9
"26082809195706058"	"AQUALAB"	"2026-08-28T14:21:27.862000+00:00"	"script_line_displayed"	{"node_id": "act1.tutorialMove", "server_time": "2026-08-28T09:21:29+00:00", "speaker": "", "text_string": "Use the Mouse, the Arrow Keys, or the [W][A][S][D] keys to move your Sub."}	"GAME"	"120"	"production"	"6"	"UTC-05:00"	"AbnormalLapdog"	{}	{"job_name": "no-active-job", "money": 100, "region": "KelpStation", "scene_type": "dive-site", "science_level": 1, "science_points": 0, "site": "RS-1C", "time_since_launch": 93.13}	10
"26082809195706058"	"AQUALAB"	"2026-08-28T14:21:37.998000+00:00"	"script_began"	{"node_id": "act1.tutorialMoveCompleted", "server_time": "2026-08-28T09:21:41+00:00"}	"GAME"	"120"	"production"	"6"	"UTC-05:00"	"AbnormalLapdog"	{}	{"job_name": "no-active-job", "money": 100, "region": "KelpStation", "scene_type": "dive-site", "science_level": 1, "science_points": 0, "site": "RS-1C", "time_since_launch": 103.26}	11
"26082809195706058"	"AQUALAB"	"2026-08-28T14:21:46.150000+00:00"	"script_line_displayed"	{"node_id": "act1.intro-part2", "server_time": "2026-08-28T09:21:46+00:00", "speaker": "", "text_string": "Olivia?? Is that you out there?"}	"GAME"	"120"	"production"	"6"	"UTC-05:00"	"AbnormalLapdog"	{}	{"job_name": "no-active-job", "money": 100, "region": "KelpStation", "scene_type": "dive-site", "science_level": 1, "science_points": 0, "site": "RS-1C", "time_since_launch": 111.41}	12
"26082809195706058"	"AQUALAB"	"2026-08-28T14:21:49.786000+00:00"	"script_line_displayed"	{"node_id": "act1.intro-part2", "server_time": "2026-08-28T09:21:49+00:00", "speaker": "", "text_string": "Uh oh."}	"GAME"	"120"	"production"	"6"	"UTC-05:00"	"AbnormalLapdog"	{}	{"job_name": "no-active-job", "money": 100, "region": "KelpStation", "scene_type": "dive-site", "science_level": 1, "science_points": 0, "site": "RS-1C", "time_since_launch": 115.05}	13
"26082809195706058"	"AQUALAB"	"2026-08-28T14:21:52.785000+00:00"	"script_line_displayed"	{"node_id": "act1.intro-part2", "server_time": "2026-08-28T09:21:52+00:00", "speaker": "", "text_string": "Mom, I can explain\u2014\u2014"}	"GAME"	"120"	"production"	"6"	"UTC-05:00"	"AbnormalLapdog"	{}	{"job_name": "no-active-job", "money": 100, "region": "KelpStation", "scene_type": "dive-site", "science_level": 1, "science_points": 0, "site": "RS-1C", "time_since_launch": 118.05}	14
"26082809195706058"	"AQUALAB"	"2026-08-28T14:21:55.353000+00:00"	"script_line_displayed"	{"node_id": "act1.intro-part2", "server_time": "2026-08-28T09:21:55+00:00", "speaker": "", "text_string": "Sweetie, what were you thinking?? Taking the sub out at night, after last time?"}	"GAME"	"120"	"production"	"6"	"UTC-05:00"	"AbnormalLapdog"	{}	{"job_name": "no-active-job", "money": 100, "region": "KelpStation", "scene_type": "dive-site", "science_level": 1, "science_points": 0, "site": "RS-1C", "time_since_launch": 120.62}	15
"26082809195706058"	"AQUALAB"	"2026-08-28T14:21:58.425000+00:00"	"script_line_displayed"	{"node_id": "act1.intro-part2", "server_time": "2026-08-28T09:21:58+00:00", "speaker": "", "text_string": "Come back to the Station immediately."}	"GAME"	"120"	"production"	"6"	"UTC-05:00"	"AbnormalLapdog"	{}	{"job_name": "no-active-job", "money": 100, "region": "KelpStation", "scene_type": "dive-site", "science_level": 1, "science_points": 0, "site": "RS-1C", "time_since_launch": 123.69}	16
"26082809195706058"	"AQUALAB"	"2026-08-28T14:22:03.103000+00:00"	"script_line_displayed"	{"node_id": "act1.intro-part2", "server_time": "2026-08-28T09:22:03+00:00", "speaker": "", "text_string": "And be careful!"}	"GAME"	"120"	"production"	"6"	"UTC-05:00"	"AbnormalLapdog"	{}	{"job_name": "no-active-job", "money": 100, "region": "KelpStation", "scene_type": "dive-site", "science_level": 1, "science_points": 0, "site": "RS-1C", "time_since_launch": 128.37}	17
"26082809195706058"	"AQUALAB"	"2026-08-28T14:22:27.724000+00:00"	"script_line_displayed"	{"node_id": "act1.intro-extra-nudge", "server_time": "2026-08-28T09:22:27+00:00", "speaker": "", "text_string": "Olivia! Come back to the station!"}	"GAME"	"120"	"production"	"6"	"UTC-05:00"	"AbnormalLapdog"	{}	{"job_name": "no-active-job", "money": 100, "region": "KelpStation", "scene_type": "dive-site", "science_level": 1, "science_points": 0, "site": "RS-1C", "time_since_launch": 152.99}	18
"26082809195706058"	"AQUALAB"	"2026-08-28T14:22:31.848000+00:00"	"script_line_displayed"	{"node_id": "act1.intro-extra-nudge", "server_time": "2026-08-28T09:22:31+00:00", "speaker": "", "text_string": "All right, all right!"}	"GAME"	"120"	"production"	"6"	"UTC-05:00"	"AbnormalLapdog"	{}	{"job_name": "no-active-job", "money": 100, "region": "KelpStation", "scene_type": "dive-site", "science_level": 1, "science_points": 0, "site": "RS-1C", "time_since_launch": 157.11}	19
"26082809195706058"	"AQUALAB"	"2026-08-28T14:22:44.656000+00:00"	"script_line_displayed"	{"node_id": "act1.intro-extra-nudge2", "server_time": "2026-08-28T09:22:44+00:00", "speaker": "", "text_string": "Olivia, I really need you to come back."}	"GAME"	"120"	"production"	"6"	"UTC-05:00"	"AbnormalLapdog"	{}	{"job_name": "no-active-job", "money": 100, "region": "KelpStation", "scene_type": "dive-site", "science_level": 1, "science_points": 0, "site": "RS-1C", "time_since_launch": 169.92}	20
"26082809195706058"	"AQUALAB"	"2026-08-28T14:22:46.797000+00:00"	"script_line_displayed"	{"node_id": "act1.intro-extra-nudge2", "server_time": "2026-08-28T09:22:46+00:00", "speaker": "", "text_string": "The station is near the bottom left of the site."}	"GAME"	"120"	"production"	"6"	"UTC-05:00"	"AbnormalLapdog"	{}	{"job_name": "no-active-job", "money": 100, "region": "KelpStation", "scene_type": "dive-site", "science_level": 1, "science_points": 0, "site": "RS-1C", "time_since_launch": 172.06}	21
"26082809195706058"	"AQUALAB"	"2026-08-28T14:22:51.069000+00:00"	"script_line_displayed"	{"node_id": "act1.intro-extra-nudge2", "server_time": "2026-08-28T09:22:51+00:00", "speaker": "", "text_string": "Swim under the domed part of the station, then come up through the hole with the lights."}	"GAME"	"120"	"production"	"6"	"UTC-05:00"	"AbnormalLapdog"	{}	{"job_name": "no-active-job", "money": 100, "region": "KelpStation", "scene_type": "dive-site", "science_level": 1, "science_points": 0, "site": "RS-1C", "time_since_launch": 176.33}	22
"26082809195706058"	"AQUALAB"	"2026-08-28T14:23:07.588000+00:00"	"script_line_displayed"	{"node_id": "act1.intro-extra-nudge2", "server_time": "2026-08-28T09:23:07+00:00", "speaker": "", "text_string": "Olivia, I really need you to come back."}	"GAME"	"120"	"production"	"6"	"UTC-05:00"	"AbnormalLapdog"	{}	{"job_name": "no-active-job", "money": 100, "region": "KelpStation", "scene_type": "dive-site", "science_level": 1, "science_points": 0, "site": "RS-1C", "time_since_launch": 192.85}	23
"26082809195706058"	"AQUALAB"	"2026-08-28T14:23:08.842000+00:00"	"script_line_displayed"	{"node_id": "act1.intro-extra-nudge2", "server_time": "2026-08-28T09:23:08+00:00", "speaker": "", "text_string": "The station is near the bottom left of the site."}	"GAME"	"120"	"production"	"6"	"UTC-05:00"	"AbnormalLapdog"	{}	{"job_name": "no-active-job", "money": 100, "region": "KelpStation", "scene_type": "dive-site", "science_level": 1, "science_points": 0, "site": "RS-1C", "time_since_launch": 194.11}	24
"26082809195706058"	"AQUALAB"	"2026-08-28T14:23:12.303000+00:00"	"script_line_displayed"	{"node_id": "act1.intro-extra-nudge2", "server_time": "2026-08-28T09:23:12+00:00", "speaker": "", "text_string": "Swim under the domed part of the station, then come up through the hole with the lights."}	"GAME"	"120"	"production"	"6"	"UTC-05:00"	"AbnormalLapdog"	{}	{"job_name": "no-active-job", "money": 100, "region": "KelpStation", "scene_type": "dive-site", "science_level": 1, "science_points": 0, "site": "RS-1C", "time_since_launch": 197.57}	25
"26082809195706058"	"AQUALAB"	"2026-08-28T14:23:27.052000+00:00"	"script_line_displayed"	{"node_id": "act1.intro-extra-nudge2", "server_time": "2026-08-28T09:23:27+00:00", "speaker": "", "text_string": "Olivia, I really need you to come back."}	"GAME"	"120"	"production"	"6"	"UTC-05:00"	"AbnormalLapdog"	{}	{"job_name": "no-active-job", "money": 100, "region": "KelpStation", "scene_type": "dive-site", "science_level": 1, "science_points": 0, "site": "RS-1C", "time_since_launch": 212.32}	26
"26082809195706058"	"AQUALAB"	"2026-08-28T14:23:28.305000+00:00"	"script_line_displayed"	{"node_id": "act1.intro-extra-nudge2", "server_time": "2026-08-28T09:23:28+00:00", "speaker": "", "text_string": "The station is near the bottom left of the site."}	"GAME"	"120"	"production"	"6"	"UTC-05:00"	"AbnormalLapdog"	{}	{"job_name": "no-active-job", "money": 100, "region": "KelpStation", "scene_type": "dive-site", "science_level": 1, "science_points": 0, "site": "RS-1C", "time_since_launch": 213.57}	27
"26082809195706058"	"AQUALAB"	"2026-08-28T14:23:32.109000+00:00"	"script_line_displayed"	{"node_id": "act1.intro-extra-nudge2", "server_time": "2026-08-28T09:23:32+00:00", "speaker": "", "text_string": "Swim under the domed part of the station, then come up through the hole with the lights."}	"GAME"	"120"	"production"	"6"	"UTC-05:00"	"AbnormalLapdog"	{}	{"job_name": "no-active-job", "money": 100, "region": "KelpStation", "scene_type": "dive-site", "science_level": 1, "science_points": 0, "site": "RS-1C", "time_since_launch": 217.37}	28
"26082423423793835"	"AQUALAB"	"2026-08-25T04:48:07.578000+00:00"	"scene_changed"	{"scene_name": "RS-1C", "server_time": "2026-08-24T23:48:07+00:00"}	"GAME"	"120"	"production"	"6"	"UTC-05:00"	"AbnormalSecret"	{}	{"job_name": "no-active-job", "money": 0, "region": "no-active-region", "scene_type": "menu", "science_level": 0, "science_points": 0, "site": "no-active-site", "time_since_launch": 18.53}	0
"26082423423793835"	"AQUALAB"	"2026-08-25T04:48:07.587000+00:00"	"script_began"	{"node_id": "act1.checkIntro", "server_time": "2026-08-24T23:48:07+00:00"}	"GAME"	"120"	"production"	"6"	"UTC-05:00"	"AbnormalSecret"	{}	{"job_name": "no-active-job", "money": 100, "region": "KelpStation", "scene_type": "dive-site", "science_level": 1, "science_points": 0, "site": "RS-1C", "time_since_launch": 330.2}	1
"26082423423793835"	"AQUALAB"	"2026-08-25T04:48:08.176000+00:00"	"script_line_displayed"	{"node_id": "act1.checkIntro", "server_time": "2026-08-24T23:48:08+00:00", "speaker": "", "text_string": "Wow... this place looks so different at night."}	"GAME"	"120"	"production"	"6"	"UTC-05:00"	"AbnormalSecret"	{}	{"job_name": "no-active-job", "money": 100, "region": "KelpStation", "scene_type": "dive-site", "science_level": 1, "science_points": 0, "site": "RS-1C", "time_since_launch": 330.79}	2
"26082423423793835"	"AQUALAB"	"2026-08-25T04:48:28.474000+00:00"	"script_line_displayed"	{"node_id": "act1.checkIntro", "server_time": "2026-08-24T23:48:28+00:00", "speaker": "", "text_string": "T\u00edo, are you still there?"}	"GAME"	"120"	"production"	"6"	"UTC-05:00"	"AbnormalSecret"	{}	{"job_name": "no-active-job", "money": 100, "region": "KelpStation", "scene_type": "dive-site", "science_level": 1, "science_points": 0, "site": "RS-1C", "time_since_launch": 351.09}	3
"26082611202932112"	"AQUALAB"	"2026-08-26T16:23:40.468000+00:00"	"scene_changed"	{"scene_name": "RS-1C", "server_time": "2026-08-26T11:23:40+00:00"}	"GAME"	"120"	"production"	"6"	"UTC-05:00"	"AccusedHumor"	{}	{"job_name": "no-active-job", "money": 0, "region": "no-active-region", "scene_type": "menu", "science_level": 0, "science_points": 0, "site": "no-active-site", "time_since_launch": 93.18}	0
"26082611202932112"	"AQUALAB"	"2026-08-26T16:23:40.476000+00:00"	"script_began"	{"node_id": "act1.checkIntro", "server_time": "2026-08-26T11:23:40+00:00"}	"GAME"	"120"	"production"	"6"	"UTC-05:00"	"AccusedHumor"	{}	{"job_name": "no-active-job", "money": 100, "region": "KelpStation", "scene_type": "dive-site", "science_level": 1, "science_points": 0, "site": "RS-1C", "time_since_launch": 191.83}	1
"26082611202932112"	"AQUALAB"	"2026-08-26T16:23:41.050000+00:00"	"script_line_displayed"	{"node_id": "act1.checkIntro", "server_time": "2026-08-26T11:23:41+00:00", "speaker": "", "text_string": "Wow... this place looks so different at night."}	"GAME"	"120"	"production"	"6"	"UTC-05:00"	"AccusedHumor"	{}	{"job_name": "no-active-job", "money": 100, "region": "KelpStation", "scene_type": "dive-site", "science_level": 1, "science_points": 0, "site": "RS-1C", "time_since_launch": 192.4}	2
"26082611202932112"	"AQUALAB"	"2026-08-26T16:23:59.132000+00:00"	"script_line_displayed"	{"node_id": "act1.checkIntro", "server_time": "2026-08-26T11:23:59+00:00", "speaker": "", "text_string": "T\u00edo, are you still there?"}	"GAME"	"120"	"production"	"6"	"UTC-05:00"	"AccusedHumor"	{}	{"job_name": "no-active-job", "money": 100, "region": "KelpStation", "scene_type": "dive-site", "science_level": 1, "science_points": 0, "site": "RS-1C", "time_since_launch": 210.49}	3
"26082611202932112"	"AQUALAB"	"2026-08-26T16:24:03.299000+00:00"	"script_line_displayed"	{"node_id": "act1.checkIntro", "server_time": "2026-08-26T11:24:03+00:00", "speaker": "", "text_string": "S\u00ed, mijita. I can hear you on the comms."}	"GAME"	"120"	"production"	"6"	"UTC-05:00"	"AccusedHumor"	{}	{"job_name": "no-active-job", "money": 100, "region": "KelpStation", "scene_type": "dive-site", "science_level": 1, "science_points": 0, "site": "RS-1C", "time_since_launch": 214.65}	4
"26082611202932112"	"AQUALAB"	"2026-08-26T16:24:05.315000+00:00"	"script_line_displayed"	{"node_id": "act1.checkIntro", "server_time": "2026-08-26T11:24:05+00:00", "speaker": "", "text_string": "Keep exploring. Your driver's test is almost done."}	"GAME"	"120"	"production"	"6"	"UTC-05:00"	"AccusedHumor"	{}	{"job_name": "no-active-job", "money": 100, "region": "KelpStation", "scene_type": "dive-site", "science_level": 1, "science_points": 0, "site": "RS-1C", "time_since_launch": 216.67}	5
"26082611202932112"	"AQUALAB"	"2026-08-26T16:24:14.032000+00:00"	"script_line_displayed"	{"node_id": "act1.checkIntro", "server_time": "2026-08-26T11:24:14+00:00", "speaker": "", "text_string": "A few more seconds, and the computer will be able to calculate your score."}	"GAME"	"120"	"production"	"6"	"UTC-05:00"	"AccusedHumor"	{}	{"job_name": "no-active-job", "money": 100, "region": "KelpStation", "scene_type": "dive-site", "science_level": 1, "science_points": 0, "site": "RS-1C", "time_since_launch": 225.39}	6
"26082611202932112"	"AQUALAB"	"2026-08-26T16:24:52.830000+00:00"	"script_line_displayed"	{"node_id": "act1.checkIntro", "server_time": "2026-08-26T11:24:53+00:00", "speaker": "", "text_string": "Gracias, T\u00edo."}	"GAME"	"120"	"production"	"6"	"UTC-05:00"	"AccusedHumor"	{}	{"job_name": "no-active-job", "money": 100, "region": "KelpStation", "scene_type": "dive-site", "science_level": 1, "science_points": 0, "site": "RS-1C", "time_since_launch": 264.18}	7
"26082611202932112"	"AQUALAB"	"2026-08-26T16:24:56.963000+00:00"	"script_line_displayed"	{"node_id": "act1.checkIntro", "server_time": "2026-08-26T11:24:57+00:00", "speaker": "", "text_string": "Just... don't tell Mom I'm out here, okay?"}	"GAME"	"120"	"production"	"6"	"UTC-05:00"	"AccusedHumor"	{}	{"job_name": "no-active-job", "money": 100, "region": "KelpStation", "scene_type": "dive-site", "science_level": 1, "science_points": 0, "site": "RS-1C", "time_since_launch": 268.32}	8
"26082611202932112"	"AQUALAB"	"2026-08-26T16:24:58.980000+00:00"	"script_line_displayed"	{"node_id": "act1.checkIntro", "server_time": "2026-08-26T11:24:59+00:00", "speaker": "", "text_string": "No promises, Ollie."}	"GAME"	"120"	"production"	"6"	"UTC-05:00"	"AccusedHumor"	{}	{"job_name": "no-active-job", "money": 100, "region": "KelpStation", "scene_type": "dive-site", "science_level": 1, "science_points": 0, "site": "RS-1C", "time_since_launch": 270.33}	9
"26082611202932112"	"AQUALAB"	"2026-08-26T16:25:00.480000+00:00"	"script_line_displayed"	{"node_id": "act1.tutorialMove", "server_time": "2026-08-26T11:25:00+00:00", "speaker": "", "text_string": "Use the Mouse, the Arrow Keys, or the [W][A][S][D] keys to move your Sub."}	"GAME"	"120"	"production"	"6"	"UTC-05:00"	"AccusedHumor"	{}	{"job_name": "no-active-job", "money": 100, "region": "KelpStation", "scene_type": "dive-site", "science_level": 1, "science_points": 0, "site": "RS-1C", "time_since_launch": 271.83}	10
"26082611202932112"	"AQUALAB"	"2026-08-26T16:25:16.212000+00:00"	"script_began"	{"node_id": "act1.tutorialMoveCompleted", "server_time": "2026-08-26T11:25:16+00:00"}	"GAME"	"120"	"production"	"6"	"UTC-05:00"	"AccusedHumor"	{}	{"job_name": "no-active-job", "money": 100, "region": "KelpStation", "scene_type": "dive-site", "science_level": 1, "science_points": 0, "site": "RS-1C", "time_since_launch": 287.57}	11
"26082611202932112"	"AQUALAB"	"2026-08-26T16:25:24.279000+00:00"	"script_line_displayed"	{"node_id": "act1.intro-part2", "server_time": "2026-08-26T11:25:24+00:00", "speaker": "", "text_string": "Olivia?? Is that you out there?"}	"GAME"	"120"	"production"	"6"	"UTC-05:00"	"AccusedHumor"	{}	{"job_name": "no-active-job", "money": 100, "region": "KelpStation", "scene_type": "dive-site", "science_level": 1, "science_points": 0, "site": "RS-1C", "time_since_launch": 295.63}	12
"26082611202932112"	"AQUALAB"	"2026-08-26T16:25:51.995000+00:00"	"script_line_displayed"	{"node_id": "act1.intro-part2", "server_time": "2026-08-26T11:25:52+00:00", "speaker": "", "text_string": "Uh oh."}	"GAME"	"120"	"production"	"6"	"UTC-05:00"	"AccusedHumor"	{}	{"job_name": "no-active-job", "money": 100, "region": "KelpStation", "scene_type": "dive-site", "science_level": 1, "science_points": 0, "site": "RS-1C", "time_since_launch": 323.35}	13
"26082611202932112"	"AQUALAB"	"2026-08-26T16:25:56.128000+00:00"	"script_line_displayed"	{"node_id": "act1.intro-part2", "server_time": "2026-08-26T11:25:56+00:00", "speaker": "", "text_string": "Mom, I can explain\u2014\u2014"}	"GAME"	"120"	"production"	"6"	"UTC-05:00"	"AccusedHumor"	{}	{"job_name": "no-active-job", "money": 100, "region": "KelpStation", "scene_type": "dive-site", "science_level": 1, "science_points": 0, "site": "RS-1C", "time_since_launch": 327.48}	14
"26082611202932112"	"AQUALAB"	"2026-08-26T16:25:58.144000+00:00"	"script_line_displayed"	{"node_id": "act1.intro-part2", "server_time": "2026-08-26T11:25:58+00:00", "speaker": "", "text_string": "Sweetie, what were you thinking?? Taking the sub out at night, after last time?"}	"GAME"	"120"	"production"	"6"	"UTC-05:00"	"AccusedHumor"	{}	{"job_name": "no-active-job", "money": 100, "region": "KelpStation", "scene_type": "dive-site", "science_level": 1, "science_points": 0, "site": "RS-1C", "time_since_launch": 329.5}	15
"26082611202932112"	"AQUALAB"	"2026-08-26T16:25:59.878000+00:00"	"script_line_displayed"	{"node_id": "act1.intro-part2", "server_time": "2026-08-26T11:26:00+00:00", "speaker": "", "text_string": "Come back to the Station immediately."}	"GAME"	"120"	"production"	"6"	"UTC-05:00"	"AccusedHumor"	{}	{"job_name": "no-active-job", "money": 100, "region": "KelpStation", "scene_type": "dive-site", "science_level": 1, "science_points": 0, "site": "RS-1C", "time_since_launch": 331.23}	16
"26082611202932112"	"AQUALAB"	"2026-08-26T16:26:23.260000+00:00"	"script_line_displayed"	{"node_id": "act1.intro-part2", "server_time": "2026-08-26T11:26:23+00:00", "speaker": "", "text_string": "And be careful!"}	"GAME"	"120"	"production"	"6"	"UTC-05:00"	"AccusedHumor"	{}	{"job_name": "no-active-job", "money": 100, "region": "KelpStation", "scene_type": "dive-site", "science_level": 1, "science_points": 0, "site": "RS-1C", "time_since_launch": 354.61}	17
"26082611202932112"	"AQUALAB"	"2026-08-26T16:26:57.975000+00:00"	"script_line_displayed"	{"node_id": "act1.intro-extra-nudge", "server_time": "2026-08-26T11:26:58+00:00", "speaker": "", "text_string": "Olivia! Come back to the station!"}	"GAME"	"120"	"production"	"6"	"UTC-05:00"	"AccusedHumor"	{}	{"job_name": "no-active-job", "money": 100, "region": "KelpStation", "scene_type": "dive-site", "science_level": 1, "science_points": 0, "site": "RS-1C", "time_since_launch": 389.33}	18
"26082611202932112"	"AQUALAB"	"2026-08-26T16:27:03.991000+00:00"	"script_line_displayed"	{"node_id": "act1.intro-extra-nudge", "server_time": "2026-08-26T11:27:04+00:00", "speaker": "", "text_string": "All right, all right!"}	"GAME"	"120"	"production"	"6"	"UTC-05:00"	"AccusedHumor"	{}	{"job_name": "no-active-job", "money": 100, "region": "KelpStation", "scene_type": "dive-site", "science_level": 1, "science_points": 0, "site": "RS-1C", "time_since_launch": 395.35}	19
"26082611202932112"	"AQUALAB"	"2026-08-26T16:27:23.291000+00:00"	"script_line_displayed"	{"node_id": "act1.intro-extra-nudge2", "server_time": "2026-08-26T11:27:23+00:00", "speaker": "", "text_string": "Olivia, I really need you to come back."}	"GAME"	"120"	"production"	"6"	"UTC-05:00"	"AccusedHumor"	{}	{"job_name": "no-active-job", "money": 100, "region": "KelpStation", "scene_type": "dive-site", "science_level": 1, "science_points": 0, "site": "RS-1C", "time_since_launch": 414.65}	20
"26082611202932112"	"AQUALAB"	"2026-08-26T16:27:28.541000+00:00"	"script_line_displayed"	{"node_id": "act1.intro-extra-nudge2", "server_time": "2026-08-26T11:27:28+00:00", "speaker": "", "text_string": "The station is near the bottom left of the site."}	"GAME"	"120"	"production"	"6"	"UTC-05:00"	"AccusedHumor"	{}	{"job_name": "no-active-job", "money": 100, "region": "KelpStation", "scene_type": "dive-site", "science_level": 1, "science_points": 0, "site": "RS-1C", "time_since_launch": 419.9}	21
"26082611202932112"	"AQUALAB"	"2026-08-26T16:27:32.440000+00:00"	"script_line_displayed"	{"node_id": "act1.intro-extra-nudge2", "server_time": "2026-08-26T11:27:32+00:00", "speaker": "", "text_string": "Swim under the domed part of the station, then come up through the hole with the lights."}	"GAME"	"120"	"production"	"6"	"UTC-05:00"	"AccusedHumor"	{}	{"job_name": "no-active-job", "money": 100, "region": "KelpStation", "scene_type": "dive-site", "science_level": 1, "science_points": 0, "site": "RS-1C", "time_since_launch": 423.8}	22
"26082611202932112"	"AQUALAB"	"2026-08-26T16:28:09.039000+00:00"	"script_line_displayed"	{"node_id": "act1.intro-extra-nudge2", "server_time": "2026-08-26T11:28:09+00:00", "speaker": "", "text_string": "Olivia, I really need you to come back."}	"GAME"	"120"	"production"	"6"	"UTC-05:00"	"AccusedHumor"	{}	{"job_name": "no-active-job", "money": 100, "region": "KelpStation", "scene_type": "dive-site", "science_level": 1, "science_points": 0, "site": "RS-1C", "time_since_launch": 460.39}	23
"26082611202932112"	"AQUALAB"	"2026-08-26T16:28:15.689000+00:00"	"script_line_displayed"	{"node_id": "act1.intro-extra-nudge2", "server_time": "2026-08-26T11:28:15+00:00", "speaker": "", "text_string": "The station is near the bottom left of the site."}	"GAME"	"120"	"production"	"6"	"UTC-05:00"	"AccusedHumor"	{}	{"job_name": "no-active-job", "money": 100, "region": "KelpStation", "scene_type": "dive-site", "science_level": 1, "science_points": 0, "site": "RS-1C", "time_since_launch": 467.04}	24
"26082611202932112"	"AQUALAB"	"2026-08-26T16:28:19.555000+00:00"	"script_line_displayed"	{"node_id": "act1.intro-extra-nudge2", "server_time": "2026-08-26T11:28:19+00:00", "speaker": "", "text_string": "Swim under the domed part of the station, then come up through the hole with the lights."}	"GAME"	"120"	"production"	"6"	"UTC-05:00"	"AccusedHumor"	{}	{"job_name": "no-active-job", "money": 100, "region": "KelpStation", "scene_type": "dive-site", "science_level": 1, "science_points": 0, "site": "RS-1C", "time_since_launch": 470.91}	25
"26082611202932112"	"AQUALAB"	"2026-08-26T16:28:56.254000+00:00"	"script_line_displayed"	{"node_id": "act1.intro-extra-nudge2", "server_time": "2026-08-26T11:28:56+00:00", "speaker": "", "text_string": "Olivia, I really need you to come back."}	"GAME"	"120"	"production"	"6"	"UTC-05:00"	"AccusedHumor"	{}	{"job_name": "no-active-job", "money": 100, "region": "KelpStation", "scene_type": "dive-site", "science_level": 1, "science_points": 0, "site": "RS-1C", "time_since_launch": 507.61}	26
"26082611202932112"	"AQUALAB"	"2026-08-26T16:29:06.003000+00:00"	"script_line_displayed"	{"node_id": "act1.intro-extra-nudge2", "server_time": "2026-08-26T11:29:06+00:00", "speaker": "", "text_string": "The station is near the bottom left of the site."}	"GAME"	"120"	"production"	"6"	"UTC-05:00"	"AccusedHumor"	{}	{"job_name": "no-active-job", "money": 100, "region": "KelpStation", "scene_type": "dive-site", "science_level": 1, "science_points": 0, "site": "RS-1C", "time_since_launch": 517.36}	27
"26082611202932112"	"AQUALAB"	"2026-08-26T16:29:09.486000+00:00"	"script_line_displayed"	{"node_id": "act1.intro-extra-nudge2", "server_time": "2026-08-26T11:29:09+00:00", "speaker": "", "text_string": "Swim under the domed part of the station, then come up through the hole with the lights."}	"GAME"	"120"	"production"	"6"	"UTC-05:00"	"AccusedHumor"	{}	{"job_name": "no-active-job", "money": 100, "region": "KelpStation", "scene_type": "dive-site", "science_level": 1, "science_points": 0, "site": "RS-1C", "time_since_launch": 520.84}	28
"26080313221343869"	"AQUALAB"	"2026-08-03T06:54:09.184000+00:00"	"room_changed"	{"room_name": "Station", "server_time": "2026-08-03T01:54:10+00:00"}	"GAME"	"120"	"production"	"6"	"UTC+06:30"	"AccusingHutch"	{}	{"job_name": "no-active-job", "money": 0, "region": "no-active-region", "scene_type": "menu", "science_level": 0, "science_points": 0, "site": "no-active-site", "time_since_launch": 26.65}	0
"26080313221343869"	"AQUALAB"	"2026-08-03T06:54:09.191000+00:00"	"scene_changed"	{"scene_name": "RS-4Z-StationInterior", "server_time": "2026-08-03T01:54:10+00:00"}	"GAME"	"120"	"production"	"6"	"UTC+06:30"	"AccusingHutch"	{}	{"job_name": "no-active-job", "money": 2320, "region": "no-active-region", "scene_type": "menu", "science_level": 3, "science_points": 240, "site": "no-active-site", "time_since_launch": 118.37}	1
"26080313221343869"	"AQUALAB"	"2026-08-03T06:54:13.519000+00:00"	"room_changed"	{"room_name": "JobGiver", "server_time": "2026-08-03T01:54:13+00:00"}	"GAME"	"120"	"production"	"6"	"UTC+06:30"	"AccusingHutch"	{}	{"job_name": "no-active-job", "money": 2320, "region": "ArcticStation", "scene_type": "station-interior", "science_level": 3, "science_points": 240, "site": "RS-Arctic", "time_since_launch": 118.37}	2
"26080313221343869"	"AQUALAB"	"2026-08-03T06:54:14.654000+00:00"	"script_began"	{"node_id": "interior.job.arctic.jobGiver.noJob.postFinalJob", "server_time": "2026-08-03T01:54:14+00:00"}	"GAME"	"120"	"production"	"6"	"UTC+06:30"	"AccusingHutch"	{}	{"job_name": "no-active-job", "money": 2320, "region": "ArcticStation", "scene_type": "station-interior", "science_level": 3, "science_points": 240, "site": "RS-Arctic", "time_since_launch": 123.84}	3
"26080313221343869"	"AQUALAB"	"2026-08-03T06:54:14.674000+00:00"	"script_line_displayed"	{"node_id": "interior.job.arctic.jobGiver.noJob.postFinalJob", "server_time": "2026-08-03T01:54:14+00:00", "speaker": "", "text_string": "Ollie! We heard what happened with the Challenger Deep."}	"GAME"	"120"	"production"	"6"	"UTC+06:30"	"AccusingHutch"	{}	{"job_name": "no-active-job", "money": 2320, "region": "ArcticStation", "scene_type": "station-interior", "science_level": 3, "science_points": 240, "site": "RS-Arctic", "time_since_launch": 123.86}	4
"26080313221343869"	"AQUALAB"	"2026-08-03T06:54:16.403000+00:00"	"script_line_displayed"	{"node_id": "interior.job.arctic.jobGiver.noJob.postFinalJob", "server_time": "2026-08-03T01:54:16+00:00", "speaker": "", "text_string": "Thank goodness you were there!"}	"GAME"	"120"	"production"	"6"	"UTC+06:30"	"AccusingHutch"	{}	{"job_name": "no-active-job", "money": 2320, "region": "ArcticStation", "scene_type": "station-interior", "science_level": 3, "science_points": 240, "site": "RS-Arctic", "time_since_launch": 125.59}	5
"26080313221343869"	"AQUALAB"	"2026-08-03T06:54:17.490000+00:00"	"script_line_displayed"	{"node_id": "interior.job.arctic.jobGiver.noJob.postFinalJob", "server_time": "2026-08-03T01:54:17+00:00", "speaker": "", "text_string": "Thanks, Dir. Juno."}	"GAME"	"120"	"production"	"6"	"UTC+06:30"	"AccusingHutch"	{}	{"job_name": "no-active-job", "money": 2320, "region": "ArcticStation", "scene_type": "station-interior", "science_level": 3, "science_points": 240, "site": "RS-Arctic", "time_since_launch": 126.67}	6
"26080313221343869"	"AQUALAB"	"2026-08-03T06:54:18.241000+00:00"	"script_line_displayed"	{"node_id": "interior.job.arctic.jobGiver.noJob.postFinalJob", "server_time": "2026-08-03T01:54:18+00:00", "speaker": "", "text_string": "I just wish I could've saved the probe, too."}	"GAME"	"120"	"production"	"6"	"UTC+06:30"	"AccusingHutch"	{}	{"job_name": "no-active-job", "money": 2320, "region": "ArcticStation", "scene_type": "station-interior", "science_level": 3, "science_points": 240, "site": "RS-Arctic", "time_since_launch": 127.42}	7
"26080313221343869"	"AQUALAB"	"2026-08-03T06:54:20.224000+00:00"	"script_line_displayed"	{"node_id": "interior.job.arctic.jobGiver.noJob.postFinalJob", "server_time": "2026-08-03T01:54:20+00:00", "speaker": "", "text_string": "You had to make a tough decision, Ollie."}	"GAME"	"120"	"production"	"6"	"UTC+06:30"	"AccusingHutch"	{}	{"job_name": "no-active-job", "money": 2320, "region": "ArcticStation", "scene_type": "station-interior", "science_level": 3, "science_points": 240, "site": "RS-Arctic", "time_since_launch": 129.41}	8
"26080313221343869"	"AQUALAB"	"2026-08-03T06:54:21.711000+00:00"	"script_line_displayed"	{"node_id": "interior.job.arctic.jobGiver.noJob.postFinalJob", "server_time": "2026-08-03T01:54:21+00:00", "speaker": "", "text_string": "And you got everyone out of there alive."}	"GAME"	"120"	"production"	"6"	"UTC+06:30"	"AccusingHutch"	{}	{"job_name": "no-active-job", "money": 2320, "region": "ArcticStation", "scene_type": "station-interior", "science_level": 3, "science_points": 240, "site": "RS-Arctic", "time_since_launch": 130.89}	9
"26080313221343869"	"AQUALAB"	"2026-08-03T06:54:23.078000+00:00"	"script_line_displayed"	{"node_id": "interior.job.arctic.jobGiver.noJob.postFinalJob", "server_time": "2026-08-03T01:54:23+00:00", "speaker": "", "text_string": "Even Mer couldn't have done better than that."}	"GAME"	"120"	"production"	"6"	"UTC+06:30"	"AccusingHutch"	{}	{"job_name": "no-active-job", "money": 2320, "region": "ArcticStation", "scene_type": "station-interior", "science_level": 3, "science_points": 240, "site": "RS-Arctic", "time_since_launch": 132.26}	10
"26080313221343869"	"AQUALAB"	"2026-08-03T06:54:25.926000+00:00"	"script_began"	{"node_id": "interior.job.arctic.jobGiver.noJob.a", "server_time": "2026-08-03T01:54:25+00:00"}	"GAME"	"120"	"production"	"6"	"UTC+06:30"	"AccusingHutch"	{}	{"job_name": "no-active-job", "money": 2320, "region": "ArcticStation", "scene_type": "station-interior", "science_level": 3, "science_points": 240, "site": "RS-Arctic", "time_since_launch": 135.11}	11
"26080313221343869"	"AQUALAB"	"2026-08-03T06:54:25.934000+00:00"	"script_line_displayed"	{"node_id": "interior.job.arctic.jobGiver.noJob.a", "server_time": "2026-08-03T01:54:25+00:00", "speaker": "", "text_string": "Hey, want to see the Job Board?"}	"GAME"	"120"	"production"	"6"	"UTC+06:30"	"AccusingHutch"	{}	{"job_name": "no-active-job", "money": 2320, "region": "ArcticStation", "scene_type": "station-interior", "science_level": 3, "science_points": 240, "site": "RS-Arctic", "time_since_launch": 135.12}	12
"26080313221343869"	"AQUALAB"	"2026-08-03T06:55:19.789000+00:00"	"accept_job"	{"server_time": "2026-08-03T01:55:20+00:00"}	"GAME"	"120"	"production"	"6"	"UTC+06:30"	"AccusingHutch"	{}	{"job_name": "no-active-job", "money": 2320, "region": "ArcticStation", "scene_type": "station-interior", "science_level": 3, "science_points": 240, "site": "RS-Arctic", "time_since_launch": 188.97}	13
"26080313221343869"	"AQUALAB"	"2026-08-03T06:55:19.790000+00:00"	"switch_job"	{"prev_job_name": "no-active-job", "server_time": "2026-08-03T01:55:20+00:00"}	"GAME"	"120"	"production"	"6"	"UTC+06:30"	"AccusingHutch"	{}	{"job_argumentation": 1, "job_experimentation": 1, "job_modeling": 2, "job_name": "arctic-stationary-survival", "money": 2320, "region": "ArcticStation", "scene_type": "station-interior", "science_level": 3, "science_points": 240, "site": "RS-Arctic", "task_list": [{"is_complete": false, "task_id": "visualModel"}, {"is_complete": false, "task_id": "report"}], "time_since_launch": 188.97}	14
"26080313221343869"	"AQUALAB"	"2026-08-03T06:55:20.816000+00:00"	"script_began"	{"node_id": "job.arctic-stationary-survival.start", "server_time": "2026-08-03T01:55:20+00:00"}	"GAME"	"120"	"production"	"6"	"UTC+06:30"	"AccusingHutch"	{}	{"job_argumentation": 1, "job_experimentation": 1, "job_modeling": 2, "job_name": "arctic-stationary-survival", "money": 2320, "region": "ArcticStation", "scene_type": "station-interior", "science_level": 3, "science_points": 240, "site": "RS-Arctic", "task_list": [{"is_complete": false, "task_id": "visualModel"}, {"is_complete": false, "task_id": "report"}], "time_since_launch": 190}	15
"26080313221343869"	"AQUALAB"	"2026-08-03T06:55:20.844000+00:00"	"script_line_displayed"	{"node_id": "job.arctic-stationary-survival.start", "server_time": "2026-08-03T01:55:20+00:00", "speaker": "", "text_string": "Oh, I'm glad you're looking into the life under the ice!"}	"GAME"	"120"	"production"	"6"	"UTC+06:30"	"AccusingHutch"	{}	{"job_argumentation": 1, "job_experimentation": 1, "job_modeling": 2, "job_name": "arctic-stationary-survival", "money": 2320, "region": "ArcticStation", "scene_type": "station-interior", "science_level": 3, "science_points": 240, "site": "RS-Arctic", "task_list": [{"is_complete": false, "task_id": "visualModel"}, {"is_complete": false, "task_id": "report"}], "time_since_launch": 190.03}	16
"26080313221343869"	"AQUALAB"	"2026-08-03T06:55:22.550000+00:00"	"script_line_displayed"	{"node_id": "job.arctic-stationary-survival.start", "server_time": "2026-08-03T01:55:22+00:00", "speaker": "", "text_string": "The whole station's talking about it."}	"GAME"	"120"	"production"	"6"	"UTC+06:30"	"AccusingHutch"	{}	{"job_argumentation": 1, "job_experimentation": 1, "job_modeling": 2, "job_name": "arctic-stationary-survival", "money": 2320, "region": "ArcticStation", "scene_type": "station-interior", "science_level": 3, "science_points": 240, "site": "RS-Arctic", "task_list": [{"is_complete": false, "task_id": "visualModel"}, {"is_complete": false, "task_id": "report"}], "time_since_launch": 191.73}	17
"26080313221343869"	"AQUALAB"	"2026-08-03T06:55:38.099000+00:00"	"script_line_displayed"	{"node_id": "job.arctic-stationary-survival.start", "server_time": "2026-08-03T01:55:38+00:00", "speaker": "", "text_string": "We've got people taking bets on how the critters are surviving..."}	"GAME"	"120"	"production"	"6"	"UTC+06:30"	"AccusingHutch"	{}	{"job_argumentation": 1, "job_experimentation": 1, "job_modeling": 2, "job_name": "arctic-stationary-survival", "money": 2320, "region": "ArcticStation", "scene_type": "station-interior", "science_level": 3, "science_points": 240, "site": "RS-Arctic", "task_list": [{"is_complete": false, "task_id": "visualModel"}, {"is_complete": false, "task_id": "report"}], "time_since_launch": 207.28}	18
"26080313221343869"	"AQUALAB"	"2026-08-03T06:55:40.873000+00:00"	"script_line_displayed"	{"node_id": "job.arctic-stationary-survival.start", "server_time": "2026-08-03T01:55:40+00:00", "speaker": "", "text_string": "And a colleague down south in Antarctica who thinks we're making the whole thing up."}	"GAME"	"120"	"production"	"6"	"UTC+06:30"	"AccusingHutch"	{}	{"job_argumentation": 1, "job_experimentation": 1, "job_modeling": 2, "job_name": "arctic-stationary-survival", "money": 2320, "region": "ArcticStation", "scene_type": "station-interior", "science_level": 3, "science_points": 240, "site": "RS-Arctic", "task_list": [{"is_complete": false, "task_id": "visualModel"}, {"is_complete": false, "task_id": "report"}], "time_since_launch": 210.06}	19
"26080313221343869"	"AQUALAB"	"2026-08-03T06:55:43.057000+00:00"	"script_line_displayed"	{"node_id": "job.arctic-stationary-survival.start", "server_time": "2026-08-03T01:55:43+00:00", "speaker": "", "text_string": "Whoa... how many people know about this??"}	"GAME"	"120"	"production"	"6"	"UTC+06:30"	"AccusingHutch"	{}	{"job_argumentation": 1, "job_experimentation": 1, "job_modeling": 2, "job_name": "arctic-stationary-survival", "money": 2320, "region": "ArcticStation", "scene_type": "station-interior", "science_level": 3, "science_points": 240, "site": "RS-Arctic", "task_list": [{"is_complete": false, "task_id": "visualModel"}, {"is_complete": false, "task_id": "report"}], "time_since_launch": 212.24}	20
"26080313221343869"	"AQUALAB"	"2026-08-03T06:55:44.513000+00:00"	"script_line_displayed"	{"node_id": "job.arctic-stationary-survival.start", "server_time": "2026-08-03T01:55:44+00:00", "speaker": "", "text_string": "This place always seems so empty."}	"GAME"	"120"	"production"	"6"	"UTC+06:30"	"AccusingHutch"	{}	{"job_argumentation": 1, "job_experimentation": 1, "job_modeling": 2, "job_name": "arctic-stationary-survival", "money": 2320, "region": "ArcticStation", "scene_type": "station-interior", "science_level": 3, "science_points": 240, "site": "RS-Arctic", "task_list": [{"is_complete": false, "task_id": "visualModel"}, {"is_complete": false, "task_id": "report"}], "time_since_launch": 213.7}	21
"26080313221343869"	"AQUALAB"	"2026-08-03T06:55:45.785000+00:00"	"script_line_displayed"	{"node_id": "job.arctic-stationary-survival.start", "server_time": "2026-08-03T01:55:45+00:00", "speaker": "", "text_string": "We're a tight-knit community, Ollie. People talk."}	"GAME"	"120"	"production"	"6"	"UTC+06:30"	"AccusingHutch"	{}	{"job_argumentation": 1, "job_experimentation": 1, "job_modeling": 2, "job_name": "arctic-stationary-survival", "money": 2320, "region": "ArcticStation", "scene_type": "station-interior", "science_level": 3, "science_points": 240, "site": "RS-Arctic", "task_list": [{"is_complete": false, "task_id": "visualModel"}, {"is_complete": false, "task_id": "report"}], "time_since_launch": 214.97}	22
"26080313221343869"	"AQUALAB"	"2026-08-03T06:55:48.860000+00:00"	"script_line_displayed"	{"node_id": "job.arctic-stationary-survival.start", "server_time": "2026-08-03T01:55:48+00:00", "speaker": "", "text_string": "Phew. Okay. No pressure."}	"GAME"	"120"	"production"	"6"	"UTC+06:30"	"AccusingHutch"	{}	{"job_argumentation": 1, "job_experimentation": 1, "job_modeling": 2, "job_name": "arctic-stationary-survival", "money": 2320, "region": "ArcticStation", "scene_type": "station-interior", "science_level": 3, "science_points": 240, "site": "RS-Arctic", "task_list": [{"is_complete": false, "task_id": "visualModel"}, {"is_complete": false, "task_id": "report"}], "time_since_launch": 218.04}	23
"26080313221343869"	"AQUALAB"	"2026-08-03T06:55:49.841000+00:00"	"script_line_displayed"	{"node_id": "job.arctic-stationary-survival.start", "server_time": "2026-08-03T01:55:49+00:00", "speaker": "", "text_string": "So how can I figure out what's keeping these creatures alive?"}	"GAME"	"120"	"production"	"6"	"UTC+06:30"	"AccusingHutch"	{}	{"job_argumentation": 1, "job_experimentation": 1, "job_modeling": 2, "job_name": "arctic-stationary-survival", "money": 2320, "region": "ArcticStation", "scene_type": "station-interior", "science_level": 3, "science_points": 240, "site": "RS-Arctic", "task_list": [{"is_complete": false, "task_id": "visualModel"}, {"is_complete": false, "task_id": "report"}], "time_since_launch": 219.02}	24
"26080313221343869"	"AQUALAB"	"2026-08-03T06:55:53.219000+00:00"	"script_line_displayed"	{"node_id": "job.arctic-stationary-survival.start", "server_time": "2026-08-03T01:55:53+00:00", "speaker": "", "text_string": "You'll need to observe the relationships between the species you discovered at site X."}	"GAME"	"120"	"production"	"6"	"UTC+06:30"	"AccusingHutch"	{}	{"job_argumentation": 1, "job_experimentation": 1, "job_modeling": 2, "job_name": "arctic-stationary-survival", "money": 2320, "region": "ArcticStation", "scene_type": "station-interior", "science_level": 3, "science_points": 240, "site": "RS-Arctic", "task_list": [{"is_complete": false, "task_id": "visualModel"}, {"is_complete": false, "task_id": "report"}], "time_since_launch": 222.4}	25
"26080313221343869"	"AQUALAB"	"2026-08-03T06:55:55.252000+00:00"	"script_line_displayed"	{"node_id": "job.arctic-stationary-survival.start", "server_time": "2026-08-03T01:55:55+00:00", "speaker": "", "text_string": "Then create a Visual Model and see what it reveals."}	"GAME"	"120"	"production"	"6"	"UTC+06:30"	"AccusingHutch"	{}	{"job_argumentation": 1, "job_experimentation": 1, "job_modeling": 2, "job_name": "arctic-stationary-survival", "money": 2320, "region": "ArcticStation", "scene_type": "station-interior", "science_level": 3, "science_points": 240, "site": "RS-Arctic", "task_list": [{"is_complete": false, "task_id": "visualModel"}, {"is_complete": false, "task_id": "report"}], "time_since_launch": 224.43}	26
"26080313221343869"	"AQUALAB"	"2026-08-03T06:55:56.706000+00:00"	"script_line_displayed"	{"node_id": "job.arctic-stationary-survival.start", "server_time": "2026-08-03T01:55:56+00:00", "speaker": "", "text_string": "Good luck, Ollie!"}	"GAME"	"120"	"production"	"6"	"UTC+06:30"	"AccusingHutch"	{}	{"job_argumentation": 1, "job_experimentation": 1, "job_modeling": 2, "job_name": "arctic-stationary-survival", "money": 2320, "region": "ArcticStation", "scene_type": "station-interior", "science_level": 3, "science_points": 240, "site": "RS-Arctic", "task_list": [{"is_complete": false, "task_id": "visualModel"}, {"is_complete": false, "task_id": "report"}], "time_since_launch": 225.89}	27
"26080313221343869"	"AQUALAB"	"2026-08-03T06:56:11.101000+00:00"	"open_status"	{"server_time": "2026-08-03T01:56:11+00:00"}	"GAME"	"120"	"production"	"6"	"UTC+06:30"	"AccusingHutch"	{}	{"job_argumentation": 1, "job_experimentation": 1, "job_modeling": 2, "job_name": "arctic-stationary-survival", "money": 2320, "region": "ArcticStation", "scene_type": "station-interior", "science_level": 3, "science_points": 240, "site": "RS-Arctic", "task_list": [{"is_complete": false, "task_id": "visualModel"}, {"is_complete": false, "task_id": "report"}], "time_since_launch": 240.28}	28
"26080313221343869"	"AQUALAB"	"2026-08-03T06:56:11.101000+00:00"	"status_open_job_tab"	{"server_time": "2026-08-03T01:56:11+00:00"}	"GAME"	"120"	"production"	"6"	"UTC+06:30"	"AccusingHutch"	{}	{"job_argumentation": 1, "job_experimentation": 1, "job_modeling": 2, "job_name": "arctic-stationary-survival", "money": 2320, "region": "ArcticStation", "scene_type": "station-interior", "science_level": 3, "science_points": 240, "site": "RS-Arctic", "task_list": [{"is_complete": false, "task_id": "visualModel"}, {"is_complete": false, "task_id": "report"}], "time_since_launch": 240.28}	29
"26080313221343869"	"AQUALAB"	"2026-08-03T06:56:11.101000+00:00"	"status_open_job_tab"	{"server_time": "2026-08-03T01:56:11+00:00"}	"GAME"	"120"	"production"	"6"	"UTC+06:30"	"AccusingHutch"	{}	{"job_argumentation": 1, "job_experimentation": 1, "job_modeling": 2, "job_name": "arctic-stationary-survival", "money": 2320, "region": "ArcticStation", "scene_type": "station-interior", "science_level": 3, "science_points": 240, "site": "RS-Arctic", "task_list": [{"is_complete": false, "task_id": "visualModel"}, {"is_complete": false, "task_id": "report"}], "time_since_launch": 240.28}	30
"26080313221343869"	"AQUALAB"	"2026-08-03T06:57:12.725000+00:00"	"close_status"	{"server_time": "2026-08-03T01:57:13+00:00"}	"GAME"	"120"	"production"	"6"	"UTC+06:30"	"AccusingHutch"	{}	{"job_argumentation": 1, "job_experimentation": 1, "job_modeling": 2, "job_name": "arctic-stationary-survival", "money": 2320, "region": "ArcticStation", "scene_type": "station-interior", "science_level": 3, "science_points": 240, "site": "RS-Arctic", "task_list": [{"is_complete": false, "task_id": "visualModel"}, {"is_complete": false, "task_id": "report"}], "time_since_launch": 301.91}	31
"26080313221343869"	"AQUALAB"	"2026-08-03T06:57:14.397000+00:00"	"open_status"	{"server_time": "2026-08-03T01:57:14+00:00"}	"GAME"	"120"	"production"	"6"	"UTC+06:30"	"AccusingHutch"	{}	{"job_argumentation": 1, "job_experimentation": 1, "job_modeling": 2, "job_name": "arctic-stationary-survival", "money": 2320, "region": "ArcticStation", "scene_type": "station-interior", "science_level": 3, "science_points": 240, "site": "RS-Arctic", "task_list": [{"is_complete": false, "task_id": "visualModel"}, {"is_complete": false, "task_id": "report"}], "time_since_launch": 303.58}	32
"26080313221343869"	"AQUALAB"	"2026-08-03T06:57:14.397000+00:00"	"status_open_job_tab"	{"server_time": "2026-08-03T01:57:14+00:00"}	"GAME"	"120"	"production"	"6"	"UTC+06:30"	"AccusingHutch"	{}	{"job_argumentation": 1, "job_experimentation": 1, "job_modeling": 2, "job_name": "arctic-stationary-survival", "money": 2320, "region": "ArcticStation", "scene_type": "station-interior", "science_level": 3, "science_points": 240, "site": "RS-Arctic", "task_list": [{"is_complete": false, "task_id": "visualModel"}, {"is_complete": false, "task_id": "report"}], "time_since_launch": 303.58}	33
"26080313221343869"	"AQUALAB"	"2026-08-03T06:57:14.398000+00:00"	"status_open_job_tab"	{"server_time": "2026-08-03T01:57:14+00:00"}	"GAME"	"120"	"production"	"6"	"UTC+06:30"	"AccusingHutch"	{}	{"job_argumentation": 1, "job_experimentation": 1, "job_modeling": 2, "job_name": "arctic-stationary-survival", "money": 2320, "region": "ArcticStation", "scene_type": "station-interior", "science_level": 3, "science_points": 240, "site": "RS-Arctic", "task_list": [{"is_complete": false, "task_id": "visualModel"}, {"is_complete": false, "task_id": "report"}], "time_since_launch": 303.58}	34
"26080313221343869"	"AQUALAB"	"2026-08-03T06:57:15.251000+00:00"	"close_status"	{"server_time": "2026-08-03T01:57:15+00:00"}	"GAME"	"120"	"production"	"6"	"UTC+06:30"	"AccusingHutch"	{}	{"job_argumentation": 1, "job_experimentation": 1, "job_modeling": 2, "job_name": "arctic-stationary-survival", "money": 2320, "region": "ArcticStation", "scene_type": "station-interior", "science_level": 3, "science_points": 240, "site": "RS-Arctic", "task_list": [{"is_complete": false, "task_id": "visualModel"}, {"is_complete": false, "task_id": "report"}], "time_since_launch": 304.43}	35
"26080313221343869"	"AQUALAB"	"2026-08-03T06:57:16.594000+00:00"	"room_changed"	{"room_name": "Station", "server_time": "2026-08-03T01:57:16+00:00"}	"GAME"	"120"	"production"	"6"	"UTC+06:30"	"AccusingHutch"	{}	{"job_argumentation": 1, "job_experimentation": 1, "job_modeling": 2, "job_name": "arctic-stationary-survival", "money": 2320, "region": "ArcticStation", "scene_type": "station-interior", "science_level": 3, "science_points": 240, "site": "RS-Arctic", "task_list": [{"is_complete": false, "task_id": "visualModel"}, {"is_complete": false, "task_id": "report"}], "time_since_launch": 304.43}	36
"26080313221343869"	"AQUALAB"	"2026-08-03T06:57:46.308000+00:00"	"load_error"	{"server_time": "2026-08-03T01:57:52+00:00", "url": "https://fieldday-web.wcer.wisc.edu/wsgi-bin/opengamedata.wsgi/player/AccusingHutch/game/AQUALAB/state"}	"GAME"	"120"	"production"	"6"	"UTC+06:30"	"AccusingHutch"	{}	{"job_argumentation": 1, "job_experimentation": 1, "job_modeling": 2, "job_name": "arctic-stationary-survival", "money": 2320, "region": "ArcticStation", "scene_type": "station-interior", "science_level": 3, "science_points": 240, "site": "RS-Arctic", "task_list": [{"is_complete": false, "task_id": "visualModel"}, {"is_complete": false, "task_id": "report"}], "time_since_launch": 335.49}	37
"26080313221343869"	"AQUALAB"	"2026-08-03T06:58:05.281000+00:00"	"load_error"	{"server_time": "2026-08-03T01:58:06+00:00", "url": "https://fieldday-web.wcer.wisc.edu/wsgi-bin/opengamedata.wsgi/player/AccusingHutch/game/AQUALAB/state"}	"GAME"	"120"	"production"	"6"	"UTC+06:30"	"AccusingHutch"	{}	{"job_argumentation": 1, "job_experimentation": 1, "job_modeling": 2, "job_name": "arctic-stationary-survival", "money": 2320, "region": "ArcticStation", "scene_type": "station-interior", "science_level": 3, "science_points": 240, "site": "RS-Arctic", "task_list": [{"is_complete": false, "task_id": "visualModel"}, {"is_complete": false, "task_id": "report"}], "time_since_launch": 354.46}	38
"26080313221343869"	"AQUALAB"	"2026-08-03T06:59:47.274000+00:00"	"load_error"	{"server_time": "2026-08-03T01:59:54+00:00", "url": "https://fieldday-web.wcer.wisc.edu/wsgi-bin/opengamedata.wsgi/player/AccusingHutch/game/AQUALAB/state"}	"GAME"	"120"	"production"	"6"	"UTC+06:30"	"AccusingHutch"	{}	{"job_argumentation": 1, "job_experimentation": 1, "job_modeling": 2, "job_name": "arctic-stationary-survival", "money": 2320, "region": "ArcticStation", "scene_type": "station-interior", "science_level": 3, "science_points": 240, "site": "RS-Arctic", "task_list": [{"is_complete": false, "task_id": "visualModel"}, {"is_complete": false, "task_id": "report"}], "time_since_launch": 456.46}	39
"26080313221343869"	"AQUALAB"	"2026-08-03T07:00:08.275000+00:00"	"load_error"	{"server_time": "2026-08-03T02:00:10+00:00", "url": "https://fieldday-web.wcer.wisc.edu/wsgi-bin/opengamedata.wsgi/player/AccusingHutch/game/AQUALAB/state"}	"GAME"	"120"	"production"	"6"	"UTC+06:30"	"AccusingHutch"	{}	{"job_argumentation": 1, "job_experimentation": 1, "job_modeling": 2, "job_name": "arctic-stationary-survival", "money": 2320, "region": "ArcticStation", "scene_type": "station-interior", "science_level": 3, "science_points": 240, "site": "RS-Arctic", "task_list": [{"is_complete": false, "task_id": "visualModel"}, {"is_complete": false, "task_id": "report"}], "time_since_launch": 477.46}	40
"26080313221343869"	"AQUALAB"	"2026-08-03T07:00:55.274000+00:00"	"load_error"	{"server_time": "2026-08-03T02:00:57+00:00", "url": "https://fieldday-web.wcer.wisc.edu/wsgi-bin/opengamedata.wsgi/player/AccusingHutch/game/AQUALAB/state"}	"GAME"	"120"	"production"	"6"	"UTC+06:30"	"AccusingHutch"	{}	{"job_argumentation": 1, "job_experimentation": 1, "job_modeling": 2, "job_name": "arctic-stationary-survival", "money": 2320, "region": "ArcticStation", "scene_type": "station-interior", "science_level": 3, "science_points": 240, "site": "RS-Arctic", "task_list": [{"is_complete": false, "task_id": "visualModel"}, {"is_complete": false, "task_id": "report"}], "time_since_launch": 524.46}	41
"26080313331247439"	"AQUALAB"	"2026-08-03T07:04:29.696000+00:00"	"scene_changed"	{"scene_name": "ArcticStation", "server_time": "2026-08-03T02:04:31+00:00"}	"GAME"	"120"	"production"	"6"	"UTC+06:30"	"AccusingHutch"	{}	{"job_name": "no-active-job", "money": 0, "region": "no-active-region", "scene_type": "menu", "science_level": 0, "science_points": 0, "site": "no-active-site", "time_since_launch": 47.08}	0
"26080313331247439"	"AQUALAB"	"2026-08-03T07:04:37.450000+00:00"	"scene_changed"	{"scene_name": "ModelingFoyer", "server_time": "2026-08-03T02:04:37+00:00"}	"GAME"	"120"	"production"	"6"	"UTC+06:30"	"AccusingHutch"	{}	{"job_name": "no-active-job", "money": 2320, "region": "ArcticStation", "scene_type": "surface", "science_level": 3, "science_points": 240, "site": "ArcticStation", "time_since_launch": 78.99}	1
"26080313331247439"	"AQUALAB"	"2026-08-03T07:04:40.316000+00:00"	"begin_model"	{"server_time": "2026-08-03T02:04:40+00:00"}	"GAME"	"120"	"production"	"6"	"UTC+06:30"	"AccusingHutch"	{}	{"job_name": "no-active-job", "money": 2320, "region": "ArcticStation", "scene_type": "ship", "science_level": 3, "science_points": 240, "site": "ModelingFoyer", "time_since_launch": 89.6}	2
"26080313370822227"	"AQUALAB"	"2026-08-03T07:10:24.749000+00:00"	"scene_changed"	{"scene_name": "ModelingFoyer", "server_time": "2026-08-03T02:10:26+00:00"}	"GAME"	"120"	"production"	"6"	"UTC+06:30"	"AccusingHutch"	{}	{"job_name": "no-active-job", "money": 0, "region": "no-active-region", "scene_type": "menu", "science_level": 0, "science_points": 0, "site": "no-active-site", "time_since_launch": 93.69}	0
"26080313370822227"	"AQUALAB"	"2026-08-03T07:10:26.877000+00:00"	"begin_model"	{"server_time": "2026-08-03T02:10:26+00:00"}	"GAME"	"120"	"production"	"6"	"UTC+06:30"	"AccusingHutch"	{}	{"job_name": "no-active-job", "money": 2320, "region": "ArcticStation", "scene_type": "ship", "science_level": 3, "science_points": 240, "site": "ModelingFoyer", "time_since_launch": 200.72}	1
"26080313370822227"	"AQUALAB"	"2026-08-03T07:10:28.713000+00:00"	"model_phase_changed"	{"phase": "Ecosystem", "server_time": "2026-08-03T02:10:28+00:00"}	"GAME"	"120"	"production"	"6"	"UTC+06:30"	"AccusingHutch"	{}	{"job_name": "no-active-job", "money": 2320, "region": "ArcticStation", "scene_type": "ship", "science_level": 3, "science_points": 240, "site": "ModelingFoyer", "time_since_launch": 202.56}	2
"26080313370822227"	"AQUALAB"	"2026-08-03T07:10:28.716000+00:00"	"scene_changed"	{"scene_name": "Modeling", "server_time": "2026-08-03T02:10:28+00:00"}	"GAME"	"120"	"production"	"6"	"UTC+06:30"	"AccusingHutch"	{}	{"job_name": "no-active-job", "money": 2320, "region": "ArcticStation", "scene_type": "ship", "science_level": 3, "science_points": 240, "site": "ModelingFoyer", "time_since_launch": 202.56}	3
"26080313370822227"	"AQUALAB"	"2026-08-03T07:10:39.101000+00:00"	"model_ecosystem_selected"	{"ecosystem": "X_UnderTheIce", "server_time": "2026-08-03T02:10:39+00:00"}	"GAME"	"120"	"production"	"6"	"UTC+06:30"	"AccusingHutch"	{}	{"job_name": "no-active-job", "money": 2320, "region": "ArcticStation", "scene_type": "ship", "science_level": 3, "science_points": 240, "site": "Modeling", "time_since_launch": 212.95}	4
"26080313370822227"	"AQUALAB"	"2026-08-03T07:10:39.858000+00:00"	"model_phase_changed"	{"phase": "Concept", "server_time": "2026-08-03T02:10:40+00:00"}	"GAME"	"120"	"production"	"6"	"UTC+06:30"	"AccusingHutch"	{}	{"job_name": "no-active-job", "money": 2320, "region": "ArcticStation", "scene_type": "ship", "science_level": 3, "science_points": 240, "site": "Modeling", "time_since_launch": 213.7}	5
"26080313370822227"	"AQUALAB"	"2026-08-03T07:10:39.866000+00:00"	"model_concept_started"	{"ecosystem": "X_UnderTheIce", "server_time": "2026-08-03T02:10:40+00:00"}	"GAME"	"120"	"production"	"6"	"UTC+06:30"	"AccusingHutch"	{}	{"job_name": "no-active-job", "money": 2320, "region": "ArcticStation", "scene_type": "ship", "science_level": 3, "science_points": 240, "site": "Modeling", "time_since_launch": 213.71}	6
"26080313370822227"	"AQUALAB"	"2026-08-03T07:10:43.935000+00:00"	"model_concept_updated"	{"ecosystem": "X_UnderTheIce", "server_time": "2026-08-03T02:10:43+00:00", "status": "UpToDate"}	"GAME"	"120"	"production"	"6"	"UTC+06:30"	"AccusingHutch"	{}	{"job_name": "no-active-job", "money": 2320, "region": "ArcticStation", "scene_type": "ship", "science_level": 3, "science_points": 240, "site": "Modeling", "time_since_launch": 217.78}	7
"26080313370822227"	"AQUALAB"	"2026-08-03T07:10:50.683000+00:00"	"model_phase_changed"	{"phase": "Sync", "server_time": "2026-08-03T02:10:50+00:00"}	"GAME"	"120"	"production"	"6"	"UTC+06:30"	"AccusingHutch"	{}	{"job_name": "no-active-job", "money": 2320, "region": "ArcticStation", "scene_type": "ship", "science_level": 3, "science_points": 240, "site": "Modeling", "time_since_launch": 224.53}	8
"26080313370822227"	"AQUALAB"	"2026-08-03T07:10:50.714000+00:00"	"begin_simulation"	{"server_time": "2026-08-03T02:10:50+00:00"}	"GAME"	"120"	"production"	"6"	"UTC+06:30"	"AccusingHutch"	{}	{"job_name": "no-active-job", "money": 2320, "region": "ArcticStation", "scene_type": "ship", "science_level": 3, "science_points": 240, "site": "Modeling", "time_since_launch": 224.56}	9
"26080315294666024"	"AQUALAB"	"2026-08-03T09:02:02.770000+00:00"	"room_changed"	{"room_name": "Helm", "server_time": "2026-08-03T04:02:03+00:00"}	"GAME"	"120"	"production"	"6"	"UTC+06:30"	"AccusingHutch"	{}	{"job_name": "no-active-job", "money": 0, "region": "no-active-region", "scene_type": "menu", "science_level": 0, "science_points": 0, "site": "no-active-site", "time_since_launch": 42.55}	0
"26080315294666024"	"AQUALAB"	"2026-08-03T09:02:02.776000+00:00"	"scene_changed"	{"scene_name": "Helm", "server_time": "2026-08-03T04:02:03+00:00"}	"GAME"	"120"	"production"	"6"	"UTC+06:30"	"AccusingHutch"	{}	{"job_name": "no-active-job", "money": 2320, "region": "no-active-region", "scene_type": "menu", "science_level": 3, "science_points": 240, "site": "no-active-site", "time_since_launch": 138.66}	1
"26080315294666024"	"AQUALAB"	"2026-08-03T09:02:06.460000+00:00"	"scene_changed"	{"scene_name": "BayouStation", "server_time": "2026-08-03T04:02:06+00:00"}	"GAME"	"120"	"production"	"6"	"UTC+06:30"	"AccusingHutch"	{}	{"job_name": "no-active-job", "money": 2320, "region": "BayouStation", "scene_type": "ship", "science_level": 3, "science_points": 240, "site": "Helm", "time_since_launch": 138.67}	2
"26080315294666024"	"AQUALAB"	"2026-08-03T09:02:07.266000+00:00"	"load_error"	{"server_time": "2026-08-03T04:02:07+00:00", "url": "https://fieldday-web.wcer.wisc.edu/wsgi-bin/opengamedata.wsgi/player/AccusingHutch/game/AQUALAB/state"}	"GAME"	"120"	"production"	"6"	"UTC+06:30"	"AccusingHutch"	{}	{"job_name": "no-active-job", "money": 2320, "region": "BayouStation", "scene_type": "surface", "science_level": 3, "science_points": 240, "site": "BayouStation", "time_since_launch": 143.16}	3
"26080315294666024"	"AQUALAB"	"2026-08-03T09:02:11.515000+00:00"	"load_error"	{"server_time": "2026-08-03T04:02:11+00:00", "url": "https://fieldday-web.wcer.wisc.edu/wsgi-bin/opengamedata.wsgi/player/AccusingHutch/game/AQUALAB/state"}	"GAME"	"120"	"production"	"6"	"UTC+06:30"	"AccusingHutch"	{}	{"job_name": "no-active-job", "money": 2320, "region": "BayouStation", "scene_type": "surface", "science_level": 3, "science_points": 240, "site": "BayouStation", "time_since_launch": 147.41}	4
"26080315294666024"	"AQUALAB"	"2026-08-03T09:02:15.382000+00:00"	"load_error"	{"server_time": "2026-08-03T04:02:15+00:00", "url": "https://fieldday-web.wcer.wisc.edu/wsgi-bin/opengamedata.wsgi/player/AccusingHutch/game/AQUALAB/state"}	"GAME"	"120"	"production"	"6"	"UTC+06:30"	"AccusingHutch"	{}	{"job_name": "no-active-job", "money": 2320, "region": "BayouStation", "scene_type": "surface", "science_level": 3, "science_points": 240, "site": "BayouStation", "time_since_launch": 151.27}	5
"26080315294666024"	"AQUALAB"	"2026-08-03T09:02:19.679000+00:00"	"load_error"	{"server_time": "2026-08-03T04:02:19+00:00", "url": "https://fieldday-web.wcer.wisc.edu/wsgi-bin/opengamedata.wsgi/player/AccusingHutch/game/AQUALAB/state"}	"GAME"	"120"	"production"	"6"	"UTC+06:30"	"AccusingHutch"	{}	{"job_name": "no-active-job", "money": 2320, "region": "BayouStation", "scene_type": "surface", "science_level": 3, "science_points": 240, "site": "BayouStation", "time_since_launch": 155.57}	6
"26080315294666024"	"AQUALAB"	"2026-08-03T09:02:23.384000+00:00"	"load_error"	{"server_time": "2026-08-03T04:02:23+00:00", "url": "https://fieldday-web.wcer.wisc.edu/wsgi-bin/opengamedata.wsgi/player/AccusingHutch/game/AQUALAB/state"}	"GAME"	"120"	"production"	"6"	"UTC+06:30"	"AccusingHutch"	{}	{"job_name": "no-active-job", "money": 2320, "region": "BayouStation", "scene_type": "surface", "science_level": 3, "science_points": 240, "site": "BayouStation", "time_since_launch": 159.28}	7
"26080315294666024"	"AQUALAB"	"2026-08-03T09:02:27.671000+00:00"	"load_error"	{"server_time": "2026-08-03T04:02:27+00:00", "url": "https://fieldday-web.wcer.wisc.edu/wsgi-bin/opengamedata.wsgi/player/AccusingHutch/game/AQUALAB/state"}	"GAME"	"120"	"production"	"6"	"UTC+06:30"	"AccusingHutch"	{}	{"job_name": "no-active-job", "money": 2320, "region": "BayouStation", "scene_type": "surface", "science_level": 3, "science_points": 240, "site": "BayouStation", "time_since_launch": 163.56}	8
"26080315294666024"	"AQUALAB"	"2026-08-03T09:02:31.388000+00:00"	"load_error"	{"server_time": "2026-08-03T04:02:31+00:00", "url": "https://fieldday-web.wcer.wisc.edu/wsgi-bin/opengamedata.wsgi/player/AccusingHutch/game/AQUALAB/state"}	"GAME"	"120"	"production"	"6"	"UTC+06:30"	"AccusingHutch"	{}	{"job_name": "no-active-job", "money": 2320, "region": "BayouStation", "scene_type": "surface", "science_level": 3, "science_points": 240, "site": "BayouStation", "time_since_launch": 167.28}	9
"26080315294666024"	"AQUALAB"	"2026-08-03T09:02:35.881000+00:00"	"load_error"	{"server_time": "2026-08-03T04:02:35+00:00", "url": "https://fieldday-web.wcer.wisc.edu/wsgi-bin/opengamedata.wsgi/player/AccusingHutch/game/AQUALAB/state"}	"GAME"	"120"	"production"	"6"	"UTC+06:30"	"AccusingHutch"	{}	{"job_name": "no-active-job", "money": 2320, "region": "BayouStation", "scene_type": "surface", "science_level": 3, "science_points": 240, "site": "BayouStation", "time_since_launch": 171.77}	10
"26080315294666024"	"AQUALAB"	"2026-08-03T09:02:39.658000+00:00"	"load_error"	{"server_time": "2026-08-03T04:02:39+00:00", "url": "https://fieldday-web.wcer.wisc.edu/wsgi-bin/opengamedata.wsgi/player/AccusingHutch/game/AQUALAB/state"}	"GAME"	"120"	"production"	"6"	"UTC+06:30"	"AccusingHutch"	{}	{"job_name": "no-active-job", "money": 2320, "region": "BayouStation", "scene_type": "surface", "science_level": 3, "science_points": 240, "site": "BayouStation", "time_since_launch": 175.55}	11
"26080315294666024"	"AQUALAB"	"2026-08-03T09:02:40.240000+00:00"	"begin_dive"	{"server_time": "2026-08-03T04:02:40+00:00", "site_id": "RS-3O"}	"GAME"	"120"	"production"	"6"	"UTC+06:30"	"AccusingHutch"	{}	{"job_name": "no-active-job", "money": 2320, "region": "BayouStation", "scene_type": "surface", "science_level": 3, "science_points": 240, "site": "BayouStation", "time_since_launch": 176.13}	12
"26080315294666024"	"AQUALAB"	"2026-08-03T09:02:48.746000+00:00"	"scene_changed"	{"scene_name": "RS-3O", "server_time": "2026-08-03T04:02:49+00:00"}	"GAME"	"120"	"production"	"6"	"UTC+06:30"	"AccusingHutch"	{}	{"job_name": "no-active-job", "money": 2320, "region": "BayouStation", "scene_type": "surface", "science_level": 3, "science_points": 240, "site": "BayouStation", "time_since_launch": 176.13}	13
"26080315294666024"	"AQUALAB"	"2026-08-03T09:02:50.316000+00:00"	"load_error"	{"server_time": "2026-08-03T04:02:50+00:00", "url": "https://fieldday-web.wcer.wisc.edu/wsgi-bin/opengamedata.wsgi/player/AccusingHutch/game/AQUALAB/state"}	"GAME"	"120"	"production"	"6"	"UTC+06:30"	"AccusingHutch"	{}	{"job_name": "no-active-job", "money": 2320, "region": "BayouStation", "scene_type": "dive-site", "science_level": 3, "science_points": 240, "site": "RS-3O", "time_since_launch": 186.21}	14
"26080315294666024"	"AQUALAB"	"2026-08-03T09:02:54.009000+00:00"	"load_error"	{"server_time": "2026-08-03T04:02:54+00:00", "url": "https://fieldday-web.wcer.wisc.edu/wsgi-bin/opengamedata.wsgi/player/AccusingHutch/game/AQUALAB/state"}	"GAME"	"120"	"production"	"6"	"UTC+06:30"	"AccusingHutch"	{}	{"job_name": "no-active-job", "money": 2320, "region": "BayouStation", "scene_type": "dive-site", "science_level": 3, "science_points": 240, "site": "RS-3O", "time_since_launch": 189.9}	15
"26080315294666024"	"AQUALAB"	"2026-08-03T09:03:00.447000+00:00"	"load_error"	{"server_time": "2026-08-03T04:03:00+00:00", "url": "https://fieldday-web.wcer.wisc.edu/wsgi-bin/opengamedata.wsgi/player/AccusingHutch/game/AQUALAB/state"}	"GAME"	"120"	"production"	"6"	"UTC+06:30"	"AccusingHutch"	{}	{"job_name": "no-active-job", "money": 2320, "region": "BayouStation", "scene_type": "dive-site", "science_level": 3, "science_points": 240, "site": "RS-3O", "time_since_launch": 196.34}	16
"26080315294666024"	"AQUALAB"	"2026-08-03T09:03:04.459000+00:00"	"load_error"	{"server_time": "2026-08-03T04:03:04+00:00", "url": "https://fieldday-web.wcer.wisc.edu/wsgi-bin/opengamedata.wsgi/player/AccusingHutch/game/AQUALAB/state"}	"GAME"	"120"	"production"	"6"	"UTC+06:30"	"AccusingHutch"	{}	{"job_name": "no-active-job", "money": 2320, "region": "BayouStation", "scene_type": "dive-site", "science_level": 3, "science_points": 240, "site": "RS-3O", "time_since_launch": 200.35}	17
"26080315294666024"	"AQUALAB"	"2026-08-03T09:03:07.985000+00:00"	"receive_entity"	{"entity_id": "MoonJelly", "server_time": "2026-08-03T04:03:08+00:00"}	"GAME"	"120"	"production"	"6"	"UTC+06:30"	"AccusingHutch"	{}	{"job_name": "no-active-job", "money": 2320, "region": "BayouStation", "scene_type": "dive-site", "science_level": 3, "science_points": 240, "site": "RS-3O", "time_since_launch": 203.88}	18
"26080315294666024"	"AQUALAB"	"2026-08-03T09:03:09.968000+00:00"	"load_error"	{"server_time": "2026-08-03T04:03:10+00:00", "url": "https://fieldday-web.wcer.wisc.edu/wsgi-bin/opengamedata.wsgi/player/AccusingHutch/game/AQUALAB/state"}	"GAME"	"120"	"production"	"6"	"UTC+06:30"	"AccusingHutch"	{}	{"job_name": "no-active-job", "money": 2320, "region": "BayouStation", "scene_type": "dive-site", "science_level": 3, "science_points": 240, "site": "RS-3O", "time_since_launch": 205.86}	19
"26080315294666024"	"AQUALAB"	"2026-08-03T09:03:17.087000+00:00"	"load_error"	{"server_time": "2026-08-03T04:03:18+00:00", "url": "https://fieldday-web.wcer.wisc.edu/wsgi-bin/opengamedata.wsgi/player/AccusingHutch/game/AQUALAB/state"}	"GAME"	"120"	"production"	"6"	"UTC+06:30"	"AccusingHutch"	{}	{"job_name": "no-active-job", "money": 2320, "region": "BayouStation", "scene_type": "dive-site", "science_level": 3, "science_points": 240, "site": "RS-3O", "time_since_launch": 212.98}	20
"26080315294666024"	"AQUALAB"	"2026-08-03T09:03:21.365000+00:00"	"load_error"	{"server_time": "2026-08-03T04:03:21+00:00", "url": "https://fieldday-web.wcer.wisc.edu/wsgi-bin/opengamedata.wsgi/player/AccusingHutch/game/AQUALAB/state"}	"GAME"	"120"	"production"	"6"	"UTC+06:30"	"AccusingHutch"	{}	{"job_name": "no-active-job", "money": 2320, "region": "BayouStation", "scene_type": "dive-site", "science_level": 3, "science_points": 240, "site": "RS-3O", "time_since_launch": 217.26}	21
"26080315294666024"	"AQUALAB"	"2026-08-03T09:03:23.262000+00:00"	"open_status"	{"server_time": "2026-08-03T04:03:23+00:00"}	"GAME"	"120"	"production"	"6"	"UTC+06:30"	"AccusingHutch"	{}	{"job_name": "no-active-job", "money": 2320, "region": "BayouStation", "scene_type": "dive-site", "science_level": 3, "science_points": 240, "site": "RS-3O", "time_since_launch": 219.15}	22
"26080315294666024"	"AQUALAB"	"2026-08-03T09:03:23.263000+00:00"	"status_open_job_tab"	{"server_time": "2026-08-03T04:03:23+00:00"}	"GAME"	"120"	"production"	"6"	"UTC+06:30"	"AccusingHutch"	{}	{"job_name": "no-active-job", "money": 2320, "region": "BayouStation", "scene_type": "dive-site", "science_level": 3, "science_points": 240, "site": "RS-3O", "time_since_launch": 219.15}	23
"26080315294666024"	"AQUALAB"	"2026-08-03T09:03:23.263000+00:00"	"status_open_job_tab"	{"server_time": "2026-08-03T04:03:23+00:00"}	"GAME"	"120"	"production"	"6"	"UTC+06:30"	"AccusingHutch"	{}	{"job_name": "no-active-job", "money": 2320, "region": "BayouStation", "scene_type": "dive-site", "science_level": 3, "science_points": 240, "site": "RS-3O", "time_since_launch": 219.15}	24
"26080315294666024"	"AQUALAB"	"2026-08-03T09:03:25.126000+00:00"	"load_error"	{"server_time": "2026-08-03T04:03:29+00:00", "url": "https://fieldday-web.wcer.wisc.edu/wsgi-bin/opengamedata.wsgi/player/AccusingHutch/game/AQUALAB/state"}	"GAME"	"120"	"production"	"6"	"UTC+06:30"	"AccusingHutch"	{}	{"job_name": "no-active-job", "money": 2320, "region": "BayouStation", "scene_type": "dive-site", "science_level": 3, "science_points": 240, "site": "RS-3O", "time_since_launch": 221.02}	25
"26080315294666024"	"AQUALAB"	"2026-08-03T09:03:26.270000+00:00"	"close_status"	{"server_time": "2026-08-03T04:03:29+00:00"}	"GAME"	"120"	"production"	"6"	"UTC+06:30"	"AccusingHutch"	{}	{"job_name": "no-active-job", "money": 2320, "region": "BayouStation", "scene_type": "dive-site", "science_level": 3, "science_points": 240, "site": "RS-3O", "time_since_launch": 222.16}	26
"26080315294666024"	"AQUALAB"	"2026-08-03T09:03:26.272000+00:00"	"open_bestiary"	{"server_time": "2026-08-03T04:03:29+00:00"}	"GAME"	"120"	"production"	"6"	"UTC+06:30"	"AccusingHutch"	{}	{"job_name": "no-active-job", "money": 2320, "region": "BayouStation", "scene_type": "dive-site", "science_level": 3, "science_points": 240, "site": "RS-3O", "time_since_launch": 222.16}	27
"26080315294666024"	"AQUALAB"	"2026-08-03T09:03:26.272000+00:00"	"bestiary_open_species_tab"	{"server_time": "2026-08-03T04:03:29+00:00"}	"GAME"	"120"	"production"	"6"	"UTC+06:30"	"AccusingHutch"	{}	{"job_name": "no-active-job", "money": 2320, "region": "BayouStation", "scene_type": "dive-site", "science_level": 3, "science_points": 240, "site": "RS-3O", "time_since_launch": 222.16}	28
"26080315294666024"	"AQUALAB"	"2026-08-03T09:03:29.472000+00:00"	"load_error"	{"server_time": "2026-08-03T04:03:29+00:00", "url": "https://fieldday-web.wcer.wisc.edu/wsgi-bin/opengamedata.wsgi/player/AccusingHutch/game/AQUALAB/state"}	"GAME"	"120"	"production"	"6"	"UTC+06:30"	"AccusingHutch"	{}	{"job_name": "no-active-job", "money": 2320, "region": "BayouStation", "scene_type": "dive-site", "science_level": 3, "science_points": 240, "site": "RS-3O", "time_since_launch": 225.36}	29
"26080315294666024"	"AQUALAB"	"2026-08-03T09:03:34.093000+00:00"	"bestiary_select_species"	{"server_time": "2026-08-03T04:03:34+00:00", "species_id": "MoonJelly"}	"GAME"	"120"	"production"	"6"	"UTC+06:30"	"AccusingHutch"	{}	{"job_name": "no-active-job", "money": 2320, "region": "BayouStation", "scene_type": "dive-site", "science_level": 3, "science_points": 240, "site": "RS-3O", "time_since_launch": 229.98}	30
"26080315294666024"	"AQUALAB"	"2026-08-03T09:03:38.433000+00:00"	"close_bestiary"	{"server_time": "2026-08-03T04:03:38+00:00"}	"GAME"	"120"	"production"	"6"	"UTC+06:30"	"AccusingHutch"	{}	{"job_name": "no-active-job", "money": 2320, "region": "BayouStation", "scene_type": "dive-site", "science_level": 3, "science_points": 240, "site": "RS-3O", "time_since_launch": 234.32}	31
"26080315294666024"	"AQUALAB"	"2026-08-03T09:03:53.648000+00:00"	"room_changed"	{"room_name": "Station", "server_time": "2026-08-03T04:03:54+00:00"}	"GAME"	"120"	"production"	"6"	"UTC+06:30"	"AccusingHutch"	{}	{"job_name": "no-active-job", "money": 2320, "region": "BayouStation", "scene_type": "dive-site", "science_level": 3, "science_points": 240, "site": "RS-3O", "time_since_launch": 234.32}	32
"26080315294666024"	"AQUALAB"	"2026-08-03T09:03:53.650000+00:00"	"scene_changed"	{"scene_name": "RS-3O-StationInterior", "server_time": "2026-08-03T04:03:54+00:00"}	"GAME"	"120"	"production"	"6"	"UTC+06:30"	"AccusingHutch"	{}	{"job_name": "no-active-job", "money": 2320, "region": "BayouStation", "scene_type": "dive-site", "science_level": 3, "science_points": 240, "site": "RS-3O", "time_since_launch": 249.54}	33
"26080315294666024"	"AQUALAB"	"2026-08-03T09:03:56.012000+00:00"	"room_changed"	{"room_name": "JobGiver", "server_time": "2026-08-03T04:03:56+00:00"}	"GAME"	"120"	"production"	"6"	"UTC+06:30"	"AccusingHutch"	{}	{"job_name": "no-active-job", "money": 2320, "region": "BayouStation", "scene_type": "station-interior", "science_level": 3, "science_points": 240, "site": "RS-Bayou", "time_since_launch": 249.54}	34
"26080315294666024"	"AQUALAB"	"2026-08-03T09:03:56.476000+00:00"	"load_error"	{"server_time": "2026-08-03T04:03:56+00:00", "url": "https://fieldday-web.wcer.wisc.edu/wsgi-bin/opengamedata.wsgi/player/AccusingHutch/game/AQUALAB/state"}	"GAME"	"120"	"production"	"6"	"UTC+06:30"	"AccusingHutch"	{}	{"job_name": "no-active-job", "money": 2320, "region": "BayouStation", "scene_type": "station-interior", "science_level": 3, "science_points": 240, "site": "RS-Bayou", "time_since_launch": 252.37}	35
"26080315294666024"	"AQUALAB"	"2026-08-03T09:03:57.153000+00:00"	"script_began"	{"node_id": "interior.job.bayou.jobGiver.noJob.a", "server_time": "2026-08-03T04:03:57+00:00"}	"GAME"	"120"	"production"	"6"	"UTC+06:30"	"AccusingHutch"	{}	{"job_name": "no-active-job", "money": 2320, "region": "BayouStation", "scene_type": "station-interior", "science_level": 3, "science_points": 240, "site": "RS-Bayou", "time_since_launch": 253.04}	36
"26080315294666024"	"AQUALAB"	"2026-08-03T09:03:57.171000+00:00"	"script_line_displayed"	{"node_id": "interior.job.bayou.jobGiver.noJob.a", "server_time": "2026-08-03T04:03:57+00:00", "speaker": "", "text_string": "Hey, want to see the Job Board?"}	"GAME"	"120"	"production"	"6"	"UTC+06:30"	"AccusingHutch"	{}	{"job_name": "no-active-job", "money": 2320, "region": "BayouStation", "scene_type": "station-interior", "science_level": 3, "science_points": 240, "site": "RS-Bayou", "time_since_launch": 253.06}	37
"26080315294666024"	"AQUALAB"	"2026-08-03T09:04:00.274000+00:00"	"load_error"	{"server_time": "2026-08-03T04:04:00+00:00", "url": "https://fieldday-web.wcer.wisc.edu/wsgi-bin/opengamedata.wsgi/player/AccusingHutch/game/AQUALAB/state"}	"GAME"	"120"	"production"	"6"	"UTC+06:30"	"AccusingHutch"	{}	{"job_name": "no-active-job", "money": 2320, "region": "BayouStation", "scene_type": "station-interior", "science_level": 3, "science_points": 240, "site": "RS-Bayou", "time_since_launch": 256.16}	38
"26080315294666024"	"AQUALAB"	"2026-08-03T09:04:04.649000+00:00"	"load_error"	{"server_time": "2026-08-03T04:04:04+00:00", "url": "https://fieldday-web.wcer.wisc.edu/wsgi-bin/opengamedata.wsgi/player/AccusingHutch/game/AQUALAB/state"}	"GAME"	"120"	"production"	"6"	"UTC+06:30"	"AccusingHutch"	{}	{"job_name": "no-active-job", "money": 2320, "region": "BayouStation", "scene_type": "station-interior", "science_level": 3, "science_points": 240, "site": "RS-Bayou", "time_since_launch": 260.54}	39
"26080315294666024"	"AQUALAB"	"2026-08-03T09:04:08.605000+00:00"	"load_error"	{"server_time": "2026-08-03T04:04:08+00:00", "url": "https://fieldday-web.wcer.wisc.edu/wsgi-bin/opengamedata.wsgi/player/AccusingHutch/game/AQUALAB/state"}	"GAME"	"120"	"production"	"6"	"UTC+06:30"	"AccusingHutch"	{}	{"job_name": "no-active-job", "money": 2320, "region": "BayouStation", "scene_type": "station-interior", "science_level": 3, "science_points": 240, "site": "RS-Bayou", "time_since_launch": 264.5}	40
"26080315294666024"	"AQUALAB"	"2026-08-03T09:04:12.948000+00:00"	"load_error"	{"server_time": "2026-08-03T04:04:13+00:00", "url": "https://fieldday-web.wcer.wisc.edu/wsgi-bin/opengamedata.wsgi/player/AccusingHutch/game/AQUALAB/state"}	"GAME"	"120"	"production"	"6"	"UTC+06:30"	"AccusingHutch"	{}	{"job_name": "no-active-job", "money": 2320, "region": "BayouStation", "scene_type": "station-interior", "science_level": 3, "science_points": 240, "site": "RS-Bayou", "time_since_launch": 268.84}	41
"26080315294666024"	"AQUALAB"	"2026-08-03T09:04:16.574000+00:00"	"load_error"	{"server_time": "2026-08-03T04:04:16+00:00", "url": "https://fieldday-web.wcer.wisc.edu/wsgi-bin/opengamedata.wsgi/player/AccusingHutch/game/AQUALAB/state"}	"GAME"	"120"	"production"	"6"	"UTC+06:30"	"AccusingHutch"	{}	{"job_name": "no-active-job", "money": 2320, "region": "BayouStation", "scene_type": "station-interior", "science_level": 3, "science_points": 240, "site": "RS-Bayou", "time_since_launch": 272.47}	42
"26080315294666024"	"AQUALAB"	"2026-08-03T09:04:21.253000+00:00"	"load_error"	{"server_time": "2026-08-03T04:04:21+00:00", "url": "https://fieldday-web.wcer.wisc.edu/wsgi-bin/opengamedata.wsgi/player/AccusingHutch/game/AQUALAB/state"}	"GAME"	"120"	"production"	"6"	"UTC+06:30"	"AccusingHutch"	{}	{"job_name": "no-active-job", "money": 2320, "region": "BayouStation", "scene_type": "station-interior", "science_level": 3, "science_points": 240, "site": "RS-Bayou", "time_since_launch": 277.14}	43
"26080315294666024"	"AQUALAB"	"2026-08-03T09:04:24.928000+00:00"	"load_error"	{"server_time": "2026-08-03T04:04:24+00:00", "url": "https://fieldday-web.wcer.wisc.edu/wsgi-bin/opengamedata.wsgi/player/AccusingHutch/game/AQUALAB/state"}	"GAME"	"120"	"production"	"6"	"UTC+06:30"	"AccusingHutch"	{}	{"job_name": "no-active-job", "money": 2320, "region": "BayouStation", "scene_type": "station-interior", "science_level": 3, "science_points": 240, "site": "RS-Bayou", "time_since_launch": 280.82}	44
"26080315294666024"	"AQUALAB"	"2026-08-03T09:04:25.030000+00:00"	"switch_job"	{"prev_job_name": "no-active-job", "server_time": "2026-08-03T04:04:24+00:00"}	"GAME"	"120"	"production"	"6"	"UTC+06:30"	"AccusingHutch"	{}	{"job_argumentation": 4, "job_experimentation": 1, "job_modeling": 1, "job_name": "turtle-danger", "money": 2320, "region": "BayouStation", "scene_type": "station-interior", "science_level": 3, "science_points": 240, "site": "RS-Bayou", "task_list": [{"is_complete": true, "task_id": "scanCyano"}, {"is_complete": true, "task_id": "countCyano"}, {"is_complete": false, "task_id": "experimentsForSiteO"}, {"is_complete": false, "task_id": "visualModelO"}, {"is_complete": false, "task_id": "reportBack"}], "time_since_launch": 280.92}	45
"26080315294666024"	"AQUALAB"	"2026-08-03T09:04:29.150000+00:00"	"open_status"	{"server_time": "2026-08-03T04:04:29+00:00"}	"GAME"	"120"	"production"	"6"	"UTC+06:30"	"AccusingHutch"	{}	{"job_argumentation": 4, "job_experimentation": 1, "job_modeling": 1, "job_name": "turtle-danger", "money": 2320, "region": "BayouStation", "scene_type": "station-interior", "science_level": 3, "science_points": 240, "site": "RS-Bayou", "task_list": [{"is_complete": true, "task_id": "scanCyano"}, {"is_complete": true, "task_id": "countCyano"}, {"is_complete": false, "task_id": "experimentsForSiteO"}, {"is_complete": false, "task_id": "visualModelO"}, {"is_complete": false, "task_id": "reportBack"}], "time_since_launch": 285.04}	46
"26080315294666024"	"AQUALAB"	"2026-08-03T09:04:29.151000+00:00"	"status_open_job_tab"	{"server_time": "2026-08-03T04:04:29+00:00"}	"GAME"	"120"	"production"	"6"	"UTC+06:30"	"AccusingHutch"	{}	{"job_argumentation": 4, "job_experimentation": 1, "job_modeling": 1, "job_name": "turtle-danger", "money": 2320, "region": "BayouStation", "scene_type": "station-interior", "science_level": 3, "science_points": 240, "site": "RS-Bayou", "task_list": [{"is_complete": true, "task_id": "scanCyano"}, {"is_complete": true, "task_id": "countCyano"}, {"is_complete": false, "task_id": "experimentsForSiteO"}, {"is_complete": false, "task_id": "visualModelO"}, {"is_complete": false, "task_id": "reportBack"}], "time_since_launch": 285.04}	47
"26080315294666024"	"AQUALAB"	"2026-08-03T09:04:29.151000+00:00"	"status_open_job_tab"	{"server_time": "2026-08-03T04:04:29+00:00"}	"GAME"	"120"	"production"	"6"	"UTC+06:30"	"AccusingHutch"	{}	{"job_argumentation": 4, "job_experimentation": 1, "job_modeling": 1, "job_name": "turtle-danger", "money": 2320, "region": "BayouStation", "scene_type": "station-interior", "science_level": 3, "science_points": 240, "site": "RS-Bayou", "task_list": [{"is_complete": true, "task_id": "scanCyano"}, {"is_complete": true, "task_id": "countCyano"}, {"is_complete": false, "task_id": "experimentsForSiteO"}, {"is_complete": false, "task_id": "visualModelO"}, {"is_complete": false, "task_id": "reportBack"}], "time_since_launch": 285.04}	48
"26080315294666024"	"AQUALAB"	"2026-08-03T09:04:29.192000+00:00"	"load_error"	{"server_time": "2026-08-03T04:04:29+00:00", "url": "https://fieldday-web.wcer.wisc.edu/wsgi-bin/opengamedata.wsgi/player/AccusingHutch/game/AQUALAB/state"}	"GAME"	"120"	"production"	"6"	"UTC+06:30"	"AccusingHutch"	{}	{"job_argumentation": 4, "job_experimentation": 1, "job_modeling": 1, "job_name": "turtle-danger", "money": 2320, "region": "BayouStation", "scene_type": "station-interior", "science_level": 3, "science_points": 240, "site": "RS-Bayou", "task_list": [{"is_complete": true, "task_id": "scanCyano"}, {"is_complete": true, "task_id": "countCyano"}, {"is_complete": false, "task_id": "experimentsForSiteO"}, {"is_complete": false, "task_id": "visualModelO"}, {"is_complete": false, "task_id": "reportBack"}], "time_since_launch": 285.08}	49
"26080315294666024"	"AQUALAB"	"2026-08-03T09:04:31.167000+00:00"	"close_status"	{"server_time": "2026-08-03T04:04:31+00:00"}	"GAME"	"120"	"production"	"6"	"UTC+06:30"	"AccusingHutch"	{}	{"job_argumentation": 4, "job_experimentation": 1, "job_modeling": 1, "job_name": "turtle-danger", "money": 2320, "region": "BayouStation", "scene_type": "station-interior", "science_level": 3, "science_points": 240, "site": "RS-Bayou", "task_list": [{"is_complete": true, "task_id": "scanCyano"}, {"is_complete": true, "task_id": "countCyano"}, {"is_complete": false, "task_id": "experimentsForSiteO"}, {"is_complete": false, "task_id": "visualModelO"}, {"is_complete": false, "task_id": "reportBack"}], "time_since_launch": 287.06}	50
"26080315294666024"	"AQUALAB"	"2026-08-03T09:04:32.464000+00:00"	"room_changed"	{"room_name": "Station", "server_time": "2026-08-03T04:04:32+00:00"}	"GAME"	"120"	"production"	"6"	"UTC+06:30"	"AccusingHutch"	{}	{"job_argumentation": 4, "job_experimentation": 1, "job_modeling": 1, "job_name": "turtle-danger", "money": 2320, "region": "BayouStation", "scene_type": "station-interior", "science_level": 3, "science_points": 240, "site": "RS-Bayou", "task_list": [{"is_complete": true, "task_id": "scanCyano"}, {"is_complete": true, "task_id": "countCyano"}, {"is_complete": false, "task_id": "experimentsForSiteO"}, {"is_complete": false, "task_id": "visualModelO"}, {"is_complete": false, "task_id": "reportBack"}], "time_since_launch": 287.06}	51
"26080315294666024"	"AQUALAB"	"2026-08-03T09:04:36.072000+00:00"	"scene_changed"	{"scene_name": "BayouStation", "server_time": "2026-08-03T04:04:36+00:00"}	"GAME"	"120"	"production"	"6"	"UTC+06:30"	"AccusingHutch"	{}	{"job_argumentation": 4, "job_experimentation": 1, "job_modeling": 1, "job_name": "turtle-danger", "money": 2320, "region": "BayouStation", "scene_type": "station-interior", "science_level": 3, "science_points": 240, "site": "RS-Bayou", "task_list": [{"is_complete": true, "task_id": "scanCyano"}, {"is_complete": true, "task_id": "countCyano"}, {"is_complete": false, "task_id": "experimentsForSiteO"}, {"is_complete": false, "task_id": "visualModelO"}, {"is_complete": false, "task_id": "reportBack"}], "time_since_launch": 288.36}	52
"26080315294666024"	"AQUALAB"	"2026-08-03T09:04:36.773000+00:00"	"load_error"	{"server_time": "2026-08-03T04:04:36+00:00", "url": "https://fieldday-web.wcer.wisc.edu/wsgi-bin/opengamedata.wsgi/player/AccusingHutch/game/AQUALAB/state"}	"GAME"	"120"	"production"	"6"	"UTC+06:30"	"AccusingHutch"	{}	{"job_argumentation": 4, "job_experimentation": 1, "job_modeling": 1, "job_name": "turtle-danger", "money": 2320, "region": "BayouStation", "scene_type": "surface", "science_level": 3, "science_points": 240, "site": "BayouStation", "task_list": [{"is_complete": true, "task_id": "scanCyano"}, {"is_complete": true, "task_id": "countCyano"}, {"is_complete": false, "task_id": "experimentsForSiteO"}, {"is_complete": false, "task_id": "visualModelO"}, {"is_complete": false, "task_id": "reportBack"}], "time_since_launch": 292.66}	53
"26080315294666024"	"AQUALAB"	"2026-08-03T09:04:41.416000+00:00"	"load_error"	{"server_time": "2026-08-03T04:04:41+00:00", "url": "https://fieldday-web.wcer.wisc.edu/wsgi-bin/opengamedata.wsgi/player/AccusingHutch/game/AQUALAB/state"}	"GAME"	"120"	"production"	"6"	"UTC+06:30"	"AccusingHutch"	{}	{"job_argumentation": 4, "job_experimentation": 1, "job_modeling": 1, "job_name": "turtle-danger", "money": 2320, "region": "BayouStation", "scene_type": "surface", "science_level": 3, "science_points": 240, "site": "BayouStation", "task_list": [{"is_complete": true, "task_id": "scanCyano"}, {"is_complete": true, "task_id": "countCyano"}, {"is_complete": false, "task_id": "experimentsForSiteO"}, {"is_complete": false, "task_id": "visualModelO"}, {"is_complete": false, "task_id": "reportBack"}], "time_since_launch": 297.31}	54
"26080315294666024"	"AQUALAB"	"2026-08-03T09:04:45.048000+00:00"	"load_error"	{"server_time": "2026-08-03T04:04:45+00:00", "url": "https://fieldday-web.wcer.wisc.edu/wsgi-bin/opengamedata.wsgi/player/AccusingHutch/game/AQUALAB/state"}	"GAME"	"120"	"production"	"6"	"UTC+06:30"	"AccusingHutch"	{}	{"job_argumentation": 4, "job_experimentation": 1, "job_modeling": 1, "job_name": "turtle-danger", "money": 2320, "region": "BayouStation", "scene_type": "surface", "science_level": 3, "science_points": 240, "site": "BayouStation", "task_list": [{"is_complete": true, "task_id": "scanCyano"}, {"is_complete": true, "task_id": "countCyano"}, {"is_complete": false, "task_id": "experimentsForSiteO"}, {"is_complete": false, "task_id": "visualModelO"}, {"is_complete": false, "task_id": "reportBack"}], "time_since_launch": 300.94}	55
"26080315294666024"	"AQUALAB"	"2026-08-03T09:04:49.391000+00:00"	"load_error"	{"server_time": "2026-08-03T04:04:49+00:00", "url": "https://fieldday-web.wcer.wisc.edu/wsgi-bin/opengamedata.wsgi/player/AccusingHutch/game/AQUALAB/state"}	"GAME"	"120"	"production"	"6"	"UTC+06:30"	"AccusingHutch"	{}	{"job_argumentation": 4, "job_experimentation": 1, "job_modeling": 1, "job_name": "turtle-danger", "money": 2320, "region": "BayouStation", "scene_type": "surface", "science_level": 3, "science_points": 240, "site": "BayouStation", "task_list": [{"is_complete": true, "task_id": "scanCyano"}, {"is_complete": true, "task_id": "countCyano"}, {"is_complete": false, "task_id": "experimentsForSiteO"}, {"is_complete": false, "task_id": "visualModelO"}, {"is_complete": false, "task_id": "reportBack"}], "time_since_launch": 305.28}	56
"26080315294666024"	"AQUALAB"	"2026-08-03T09:04:53.837000+00:00"	"load_error"	{"server_time": "2026-08-03T04:04:53+00:00", "url": "https://fieldday-web.wcer.wisc.edu/wsgi-bin/opengamedata.wsgi/player/AccusingHutch/game/AQUALAB/state"}	"GAME"	"120"	"production"	"6"	"UTC+06:30"	"AccusingHutch"	{}	{"job_argumentation": 4, "job_experimentation": 1, "job_modeling": 1, "job_name": "turtle-danger", "money": 2320, "region": "BayouStation", "scene_type": "surface", "science_level": 3, "science_points": 240, "site": "BayouStation", "task_list": [{"is_complete": true, "task_id": "scanCyano"}, {"is_complete": true, "task_id": "countCyano"}, {"is_complete": false, "task_id": "experimentsForSiteO"}, {"is_complete": false, "task_id": "visualModelO"}, {"is_complete": false, "task_id": "reportBack"}], "time_since_launch": 309.73}	57
"26080315294666024"	"AQUALAB"	"2026-08-03T09:04:58.213000+00:00"	"load_error"	{"server_time": "2026-08-03T04:04:58+00:00", "url": "https://fieldday-web.wcer.wisc.edu/wsgi-bin/opengamedata.wsgi/player/AccusingHutch/game/AQUALAB/state"}	"GAME"	"120"	"production"	"6"	"UTC+06:30"	"AccusingHutch"	{}	{"job_argumentation": 4, "job_experimentation": 1, "job_modeling": 1, "job_name": "turtle-danger", "money": 2320, "region": "BayouStation", "scene_type": "surface", "science_level": 3, "science_points": 240, "site": "BayouStation", "task_list": [{"is_complete": true, "task_id": "scanCyano"}, {"is_complete": true, "task_id": "countCyano"}, {"is_complete": false, "task_id": "experimentsForSiteO"}, {"is_complete": false, "task_id": "visualModelO"}, {"is_complete": false, "task_id": "reportBack"}], "time_since_launch": 314.1}	58
"26080315294666024"	"AQUALAB"	"2026-08-03T09:05:02.500000+00:00"	"load_error"	{"server_time": "2026-08-03T04:05:02+00:00", "url": "https://fieldday-web.wcer.wisc.edu/wsgi-bin/opengamedata.wsgi/player/AccusingHutch/game/AQUALAB/state"}	"GAME"	"120"	"production"	"6"	"UTC+06:30"	"AccusingHutch"	{}	{"job_argumentation": 4, "job_experimentation": 1, "job_modeling": 1, "job_name": "turtle-danger", "money": 2320, "region": "BayouStation", "scene_type": "surface", "science_level": 3, "science_points": 240, "site": "BayouStation", "task_list": [{"is_complete": true, "task_id": "scanCyano"}, {"is_complete": true, "task_id": "countCyano"}, {"is_complete": false, "task_id": "experimentsForSiteO"}, {"is_complete": false, "task_id": "visualModelO"}, {"is_complete": false, "task_id": "reportBack"}], "time_since_launch": 318.39}	59
"26080315294666024"	"AQUALAB"	"2026-08-03T09:05:06.808000+00:00"	"load_error"	{"server_time": "2026-08-03T04:05:06+00:00", "url": "https://fieldday-web.wcer.wisc.edu/wsgi-bin/opengamedata.wsgi/player/AccusingHutch/game/AQUALAB/state"}	"GAME"	"120"	"production"	"6"	"UTC+06:30"	"AccusingHutch"	{}	{"job_argumentation": 4, "job_experimentation": 1, "job_modeling": 1, "job_name": "turtle-danger", "money": 2320, "region": "BayouStation", "scene_type": "surface", "science_level": 3, "science_points": 240, "site": "BayouStation", "task_list": [{"is_complete": true, "task_id": "scanCyano"}, {"is_complete": true, "task_id": "countCyano"}, {"is_complete": false, "task_id": "experimentsForSiteO"}, {"is_complete": false, "task_id": "visualModelO"}, {"is_complete": false, "task_id": "reportBack"}], "time_since_launch": 322.7}	60
"26080315294666024"	"AQUALAB"	"2026-08-03T09:05:11.102000+00:00"	"load_error"	{"server_time": "2026-08-03T04:05:11+00:00", "url": "https://fieldday-web.wcer.wisc.edu/wsgi-bin/opengamedata.wsgi/player/AccusingHutch/game/AQUALAB/state"}	"GAME"	"120"	"production"	"6"	"UTC+06:30"	"AccusingHutch"	{}	{"job_argumentation": 4, "job_experimentation": 1, "job_modeling": 1, "job_name": "turtle-danger", "money": 2320, "region": "BayouStation", "scene_type": "surface", "science_level": 3, "science_points": 240, "site": "BayouStation", "task_list": [{"is_complete": true, "task_id": "scanCyano"}, {"is_complete": true, "task_id": "countCyano"}, {"is_complete": false, "task_id": "experimentsForSiteO"}, {"is_complete": false, "task_id": "visualModelO"}, {"is_complete": false, "task_id": "reportBack"}], "time_since_launch": 326.99}	61
"26080315294666024"	"AQUALAB"	"2026-08-03T09:05:11.553000+00:00"	"scene_changed"	{"scene_name": "ExperimentV2", "server_time": "2026-08-03T04:05:11+00:00"}	"GAME"	"120"	"production"	"6"	"UTC+06:30"	"AccusingHutch"	{}	{"job_argumentation": 4, "job_experimentation": 1, "job_modeling": 1, "job_name": "turtle-danger", "money": 2320, "region": "BayouStation", "scene_type": "surface", "science_level": 3, "science_points": 240, "site": "BayouStation", "task_list": [{"is_complete": true, "task_id": "scanCyano"}, {"is_complete": true, "task_id": "countCyano"}, {"is_complete": false, "task_id": "experimentsForSiteO"}, {"is_complete": false, "task_id": "visualModelO"}, {"is_complete": false, "task_id": "reportBack"}], "time_since_launch": 326.99}	62
"26080315294666024"	"AQUALAB"	"2026-08-03T09:05:12.959000+00:00"	"load_error"	{"server_time": "2026-08-03T04:05:13+00:00", "url": "https://fieldday-web.wcer.wisc.edu/wsgi-bin/opengamedata.wsgi/player/AccusingHutch/game/AQUALAB/state"}	"GAME"	"120"	"production"	"6"	"UTC+06:30"	"AccusingHutch"	{}	{"job_argumentation": 4, "job_experimentation": 1, "job_modeling": 1, "job_name": "turtle-danger", "money": 2320, "region": "BayouStation", "scene_type": "ship", "science_level": 3, "science_points": 240, "site": "Experimentation", "task_list": [{"is_complete": true, "task_id": "scanCyano"}, {"is_complete": true, "task_id": "countCyano"}, {"is_complete": false, "task_id": "experimentsForSiteO"}, {"is_complete": false, "task_id": "visualModelO"}, {"is_complete": false, "task_id": "reportBack"}], "time_since_launch": 328.85}	63
"26080315294666024"	"AQUALAB"	"2026-08-03T09:05:17.105000+00:00"	"load_error"	{"server_time": "2026-08-03T04:05:17+00:00", "url": "https://fieldday-web.wcer.wisc.edu/wsgi-bin/opengamedata.wsgi/player/AccusingHutch/game/AQUALAB/state"}	"GAME"	"120"	"production"	"6"	"UTC+06:30"	"AccusingHutch"	{}	{"job_argumentation": 4, "job_experimentation": 1, "job_modeling": 1, "job_name": "turtle-danger", "money": 2320, "region": "BayouStation", "scene_type": "ship", "science_level": 3, "science_points": 240, "site": "Experimentation", "task_list": [{"is_complete": true, "task_id": "scanCyano"}, {"is_complete": true, "task_id": "countCyano"}, {"is_complete": false, "task_id": "experimentsForSiteO"}, {"is_complete": false, "task_id": "visualModelO"}, {"is_complete": false, "task_id": "reportBack"}], "time_since_launch": 333}	64
"26080315294666024"	"AQUALAB"	"2026-08-03T09:05:21.363000+00:00"	"load_error"	{"server_time": "2026-08-03T04:05:21+00:00", "url": "https://fieldday-web.wcer.wisc.edu/wsgi-bin/opengamedata.wsgi/player/AccusingHutch/game/AQUALAB/state"}	"GAME"	"120"	"production"	"6"	"UTC+06:30"	"AccusingHutch"	{}	{"job_argumentation": 4, "job_experimentation": 1, "job_modeling": 1, "job_name": "turtle-danger", "money": 2320, "region": "BayouStation", "scene_type": "ship", "science_level": 3, "science_points": 240, "site": "Experimentation", "task_list": [{"is_complete": true, "task_id": "scanCyano"}, {"is_complete": true, "task_id": "countCyano"}, {"is_complete": false, "task_id": "experimentsForSiteO"}, {"is_complete": false, "task_id": "visualModelO"}, {"is_complete": false, "task_id": "reportBack"}], "time_since_launch": 337.25}	65
"26080315294666024"	"AQUALAB"	"2026-08-03T09:05:25.037000+00:00"	"load_error"	{"server_time": "2026-08-03T04:05:25+00:00", "url": "https://fieldday-web.wcer.wisc.edu/wsgi-bin/opengamedata.wsgi/player/AccusingHutch/game/AQUALAB/state"}	"GAME"	"120"	"production"	"6"	"UTC+06:30"	"AccusingHutch"	{}	{"job_argumentation": 4, "job_experimentation": 1, "job_modeling": 1, "job_name": "turtle-danger", "money": 2320, "region": "BayouStation", "scene_type": "ship", "science_level": 3, "science_points": 240, "site": "Experimentation", "task_list": [{"is_complete": true, "task_id": "scanCyano"}, {"is_complete": true, "task_id": "countCyano"}, {"is_complete": false, "task_id": "experimentsForSiteO"}, {"is_complete": false, "task_id": "visualModelO"}, {"is_complete": false, "task_id": "reportBack"}], "time_since_launch": 340.93}	66
"26080315294666024"	"AQUALAB"	"2026-08-03T09:05:29.566000+00:00"	"load_error"	{"server_time": "2026-08-03T04:05:29+00:00", "url": "https://fieldday-web.wcer.wisc.edu/wsgi-bin/opengamedata.wsgi/player/AccusingHutch/game/AQUALAB/state"}	"GAME"	"120"	"production"	"6"	"UTC+06:30"	"AccusingHutch"	{}	{"job_argumentation": 4, "job_experimentation": 1, "job_modeling": 1, "job_name": "turtle-danger", "money": 2320, "region": "BayouStation", "scene_type": "ship", "science_level": 3, "science_points": 240, "site": "Experimentation", "task_list": [{"is_complete": true, "task_id": "scanCyano"}, {"is_complete": true, "task_id": "countCyano"}, {"is_complete": false, "task_id": "experimentsForSiteO"}, {"is_complete": false, "task_id": "visualModelO"}, {"is_complete": false, "task_id": "reportBack"}], "time_since_launch": 345.46}	67
"26080315294666024"	"AQUALAB"	"2026-08-03T09:05:33.225000+00:00"	"load_error"	{"server_time": "2026-08-03T04:05:33+00:00", "url": "https://fieldday-web.wcer.wisc.edu/wsgi-bin/opengamedata.wsgi/player/AccusingHutch/game/AQUALAB/state"}	"GAME"	"120"	"production"	"6"	"UTC+06:30"	"AccusingHutch"	{}	{"job_argumentation": 4, "job_experimentation": 1, "job_modeling": 1, "job_name": "turtle-danger", "money": 2320, "region": "BayouStation", "scene_type": "ship", "science_level": 3, "science_points": 240, "site": "Experimentation", "task_list": [{"is_complete": true, "task_id": "scanCyano"}, {"is_complete": true, "task_id": "countCyano"}, {"is_complete": false, "task_id": "experimentsForSiteO"}, {"is_complete": false, "task_id": "visualModelO"}, {"is_complete": false, "task_id": "reportBack"}], "time_since_launch": 349.12}	68
"26080315294666024"	"AQUALAB"	"2026-08-03T09:05:37.486000+00:00"	"load_error"	{"server_time": "2026-08-03T04:05:37+00:00", "url": "https://fieldday-web.wcer.wisc.edu/wsgi-bin/opengamedata.wsgi/player/AccusingHutch/game/AQUALAB/state"}	"GAME"	"120"	"production"	"6"	"UTC+06:30"	"AccusingHutch"	{}	{"job_argumentation": 4, "job_experimentation": 1, "job_modeling": 1, "job_name": "turtle-danger", "money": 2320, "region": "BayouStation", "scene_type": "ship", "science_level": 3, "science_points": 240, "site": "Experimentation", "task_list": [{"is_complete": true, "task_id": "scanCyano"}, {"is_complete": true, "task_id": "countCyano"}, {"is_complete": false, "task_id": "experimentsForSiteO"}, {"is_complete": false, "task_id": "visualModelO"}, {"is_complete": false, "task_id": "reportBack"}], "time_since_launch": 353.38}	69
"26080315294666024"	"AQUALAB"	"2026-08-03T09:05:41.228000+00:00"	"load_error"	{"server_time": "2026-08-03T04:05:41+00:00", "url": "https://fieldday-web.wcer.wisc.edu/wsgi-bin/opengamedata.wsgi/player/AccusingHutch/game/AQUALAB/state"}	"GAME"	"120"	"production"	"6"	"UTC+06:30"	"AccusingHutch"	{}	{"job_argumentation": 4, "job_experimentation": 1, "job_modeling": 1, "job_name": "turtle-danger", "money": 2320, "region": "BayouStation", "scene_type": "ship", "science_level": 3, "science_points": 240, "site": "Experimentation", "task_list": [{"is_complete": true, "task_id": "scanCyano"}, {"is_complete": true, "task_id": "countCyano"}, {"is_complete": false, "task_id": "experimentsForSiteO"}, {"is_complete": false, "task_id": "visualModelO"}, {"is_complete": false, "task_id": "reportBack"}], "time_since_launch": 357.12}	70
"26080315294666024"	"AQUALAB"	"2026-08-03T09:05:45.638000+00:00"	"load_error"	{"server_time": "2026-08-03T04:05:45+00:00", "url": "https://fieldday-web.wcer.wisc.edu/wsgi-bin/opengamedata.wsgi/player/AccusingHutch/game/AQUALAB/state"}	"GAME"	"120"	"production"	"6"	"UTC+06:30"	"AccusingHutch"	{}	{"job_argumentation": 4, "job_experimentation": 1, "job_modeling": 1, "job_name": "turtle-danger", "money": 2320, "region": "BayouStation", "scene_type": "ship", "science_level": 3, "science_points": 240, "site": "Experimentation", "task_list": [{"is_complete": true, "task_id": "scanCyano"}, {"is_complete": true, "task_id": "countCyano"}, {"is_complete": false, "task_id": "experimentsForSiteO"}, {"is_complete": false, "task_id": "visualModelO"}, {"is_complete": false, "task_id": "reportBack"}], "time_since_launch": 361.53}	71
"26080315294666024"	"AQUALAB"	"2026-08-03T09:06:15.595000+00:00"	"add_environment"	{"environment": "O_OilRig", "server_time": "2026-08-03T04:06:16+00:00", "tank_type": "Observation"}	"GAME"	"120"	"production"	"6"	"UTC+06:30"	"AccusingHutch"	{}	{"job_argumentation": 4, "job_experimentation": 1, "job_modeling": 1, "job_name": "turtle-danger", "money": 2320, "region": "BayouStation", "scene_type": "ship", "science_level": 3, "science_points": 240, "site": "Experimentation", "task_list": [{"is_complete": true, "task_id": "scanCyano"}, {"is_complete": true, "task_id": "countCyano"}, {"is_complete": false, "task_id": "experimentsForSiteO"}, {"is_complete": false, "task_id": "visualModelO"}, {"is_complete": false, "task_id": "reportBack"}], "time_since_launch": 391.49}	72
"26080315294666024"	"AQUALAB"	"2026-08-03T09:06:28.417000+00:00"	"add_critter"	{"critter": "LoggerheadTurtle", "environment": "O_OilRig", "server_time": "2026-08-03T04:06:28+00:00", "tank_type": "Observation"}	"GAME"	"120"	"production"	"6"	"UTC+06:30"	"AccusingHutch"	{}	{"job_argumentation": 4, "job_experimentation": 1, "job_modeling": 1, "job_name": "turtle-danger", "money": 2320, "region": "BayouStation", "scene_type": "ship", "science_level": 3, "science_points": 240, "site": "Experimentation", "task_list": [{"is_complete": true, "task_id": "scanCyano"}, {"is_complete": true, "task_id": "countCyano"}, {"is_complete": false, "task_id": "experimentsForSiteO"}, {"is_complete": false, "task_id": "visualModelO"}, {"is_complete": false, "task_id": "reportBack"}], "time_since_launch": 404.31}	73
"26080315294666024"	"AQUALAB"	"2026-08-03T09:06:29.069000+00:00"	"add_critter"	{"critter": "MoonJelly", "environment": "O_OilRig", "server_time": "2026-08-03T04:06:29+00:00", "tank_type": "Observation"}	"GAME"	"120"	"production"	"6"	"UTC+06:30"	"AccusingHutch"	{}	{"job_argumentation": 4, "job_experimentation": 1, "job_modeling": 1, "job_name": "turtle-danger", "money": 2320, "region": "BayouStation", "scene_type": "ship", "science_level": 3, "science_points": 240, "site": "Experimentation", "task_list": [{"is_complete": true, "task_id": "scanCyano"}, {"is_complete": true, "task_id": "countCyano"}, {"is_complete": false, "task_id": "experimentsForSiteO"}, {"is_complete": false, "task_id": "visualModelO"}, {"is_complete": false, "task_id": "reportBack"}], "time_since_launch": 404.96}	74
"26080315294666024"	"AQUALAB"	"2026-08-03T09:06:55.022000+00:00"	"add_critter"	{"critter": "Cyanobacteria", "environment": "O_OilRig", "server_time": "2026-08-03T04:06:55+00:00", "tank_type": "Observation"}	"GAME"	"120"	"production"	"6"	"UTC+06:30"	"AccusingHutch"	{}	{"job_argumentation": 4, "job_experimentation": 1, "job_modeling": 1, "job_name": "turtle-danger", "money": 2320, "region": "BayouStation", "scene_type": "ship", "science_level": 3, "science_points": 240, "site": "Experimentation", "task_list": [{"is_complete": true, "task_id": "scanCyano"}, {"is_complete": true, "task_id": "countCyano"}, {"is_complete": false, "task_id": "experimentsForSiteO"}, {"is_complete": false, "task_id": "visualModelO"}, {"is_complete": false, "task_id": "reportBack"}], "time_since_launch": 430.91}	75
"26080315294666024"	"AQUALAB"	"2026-08-03T09:07:01.275000+00:00"	"add_critter"	{"critter": "Sargassum", "environment": "O_OilRig", "server_time": "2026-08-03T04:07:01+00:00", "tank_type": "Observation"}	"GAME"	"120"	"production"	"6"	"UTC+06:30"	"AccusingHutch"	{}	{"job_argumentation": 4, "job_experimentation": 1, "job_modeling": 1, "job_name": "turtle-danger", "money": 2320, "region": "BayouStation", "scene_type": "ship", "science_level": 3, "science_points": 240, "site": "Experimentation", "task_list": [{"is_complete": true, "task_id": "scanCyano"}, {"is_complete": true, "task_id": "countCyano"}, {"is_complete": false, "task_id": "experimentsForSiteO"}, {"is_complete": false, "task_id": "visualModelO"}, {"is_complete": false, "task_id": "reportBack"}], "time_since_launch": 437.17}	76
"26080315294666024"	"AQUALAB"	"2026-08-03T09:07:04.322000+00:00"	"begin_experiment"	{"autofeeder_enabled": false, "critters": "LoggerheadTurtle,MoonJelly,Cyanobacteria,Sargassum", "environment": "O_OilRig", "server_time": "2026-08-03T04:07:04+00:00", "stabilizer_enabled": false, "tank_type": "Observation"}	"GAME"	"120"	"production"	"6"	"UTC+06:30"	"AccusingHutch"	{}	{"job_argumentation": 4, "job_experimentation": 1, "job_modeling": 1, "job_name": "turtle-danger", "money": 2320, "region": "BayouStation", "scene_type": "ship", "science_level": 3, "science_points": 240, "site": "Experimentation", "task_list": [{"is_complete": true, "task_id": "scanCyano"}, {"is_complete": true, "task_id": "countCyano"}, {"is_complete": false, "task_id": "experimentsForSiteO"}, {"is_complete": false, "task_id": "visualModelO"}, {"is_complete": false, "task_id": "reportBack"}], "time_since_launch": 440.21}	77
"26080315294666024"	"AQUALAB"	"2026-08-03T09:07:10.191000+00:00"	"receive_fact"	{"fact_entity": "MoonJelly", "fact_id": "MoonJelly.Eats.Cyanobacteria", "fact_rate": true, "fact_stressed": false, "fact_type": "Eat", "has_rate": false, "server_time": "2026-08-03T04:07:10+00:00"}	"GAME"	"120"	"production"	"6"	"UTC+06:30"	"AccusingHutch"	{}	{"job_argumentation": 4, "job_experimentation": 1, "job_modeling": 1, "job_name": "turtle-danger", "money": 2320, "region": "BayouStation", "scene_type": "ship", "science_level": 3, "science_points": 240, "site": "Experimentation", "task_list": [{"is_complete": true, "task_id": "scanCyano"}, {"is_complete": true, "task_id": "countCyano"}, {"is_complete": false, "task_id": "experimentsForSiteO"}, {"is_complete": false, "task_id": "visualModelO"}, {"is_complete": false, "task_id": "reportBack"}], "time_since_launch": 446.08}	78
"26080315294666024"	"AQUALAB"	"2026-08-03T09:07:19.726000+00:00"	"receive_fact"	{"fact_entity": "LoggerheadTurtle", "fact_id": "LoggerheadTurtle.Eats.MoonJelly", "fact_rate": true, "fact_stressed": false, "fact_type": "Eat", "has_rate": false, "server_time": "2026-08-03T04:07:19+00:00"}	"GAME"	"120"	"production"	"6"	"UTC+06:30"	"AccusingHutch"	{}	{"job_argumentation": 4, "job_experimentation": 1, "job_modeling": 1, "job_name": "turtle-danger", "money": 2320, "region": "BayouStation", "scene_type": "ship", "science_level": 3, "science_points": 240, "site": "Experimentation", "task_list": [{"is_complete": true, "task_id": "scanCyano"}, {"is_complete": true, "task_id": "countCyano"}, {"is_complete": false, "task_id": "experimentsForSiteO"}, {"is_complete": false, "task_id": "visualModelO"}, {"is_complete": false, "task_id": "reportBack"}], "time_since_launch": 455.62}	79
"26080315294666024"	"AQUALAB"	"2026-08-03T09:07:23.386000+00:00"	"open_status"	{"server_time": "2026-08-03T04:07:23+00:00"}	"GAME"	"120"	"production"	"6"	"UTC+06:30"	"AccusingHutch"	{}	{"job_argumentation": 4, "job_experimentation": 1, "job_modeling": 1, "job_name": "turtle-danger", "money": 2320, "region": "BayouStation", "scene_type": "ship", "science_level": 3, "science_points": 240, "site": "Experimentation", "task_list": [{"is_complete": true, "task_id": "scanCyano"}, {"is_complete": true, "task_id": "countCyano"}, {"is_complete": false, "task_id": "experimentsForSiteO"}, {"is_complete": false, "task_id": "visualModelO"}, {"is_complete": false, "task_id": "reportBack"}], "time_since_launch": 459.28}	80
"26080315294666024"	"AQUALAB"	"2026-08-03T09:07:23.386000+00:00"	"status_open_job_tab"	{"server_time": "2026-08-03T04:07:23+00:00"}	"GAME"	"120"	"production"	"6"	"UTC+06:30"	"AccusingHutch"	{}	{"job_argumentation": 4, "job_experimentation": 1, "job_modeling": 1, "job_name": "turtle-danger", "money": 2320, "region": "BayouStation", "scene_type": "ship", "science_level": 3, "science_points": 240, "site": "Experimentation", "task_list": [{"is_complete": true, "task_id": "scanCyano"}, {"is_complete": true, "task_id": "countCyano"}, {"is_complete": false, "task_id": "experimentsForSiteO"}, {"is_complete": false, "task_id": "visualModelO"}, {"is_complete": false, "task_id": "reportBack"}], "time_since_launch": 459.28}	81
"26080315294666024"	"AQUALAB"	"2026-08-03T09:07:23.386000+00:00"	"status_open_job_tab"	{"server_time": "2026-08-03T04:07:23+00:00"}	"GAME"	"120"	"production"	"6"	"UTC+06:30"	"AccusingHutch"	{}	{"job_argumentation": 4, "job_experimentation": 1, "job_modeling": 1, "job_name": "turtle-danger", "money": 2320, "region": "BayouStation", "scene_type": "ship", "science_level": 3, "science_points": 240, "site": "Experimentation", "task_list": [{"is_complete": true, "task_id": "scanCyano"}, {"is_complete": true, "task_id": "countCyano"}, {"is_complete": false, "task_id": "experimentsForSiteO"}, {"is_complete": false, "task_id": "visualModelO"}, {"is_complete": false, "task_id": "reportBack"}], "time_since_launch": 459.28}	82
"26080315294666024"	"AQUALAB"	"2026-08-03T09:07:25.405000+00:00"	"close_status"	{"server_time": "2026-08-03T04:07:25+00:00"}	"GAME"	"120"	"production"	"6"	"UTC+06:30"	"AccusingHutch"	{}	{"job_argumentation": 4, "job_experimentation": 1, "job_modeling": 1, "job_name": "turtle-danger", "money": 2320, "region": "BayouStation", "scene_type": "ship", "science_level": 3, "science_points": 240, "site": "Experimentation", "task_list": [{"is_complete": true, "task_id": "scanCyano"}, {"is_complete": true, "task_id": "countCyano"}, {"is_complete": false, "task_id": "experimentsForSiteO"}, {"is_complete": false, "task_id": "visualModelO"}, {"is_complete": false, "task_id": "reportBack"}], "time_since_launch": 461.3}	83
"26080315294666024"	"AQUALAB"	"2026-08-03T09:07:26.034000+00:00"	"script_began"	{"node_id": "partner.talk.experiment.behavior.idle.nothingLeft.1", "server_time": "2026-08-03T04:07:26+00:00"}	"GAME"	"120"	"production"	"6"	"UTC+06:30"	"AccusingHutch"	{}	{"job_argumentation": 4, "job_experimentation": 1, "job_modeling": 1, "job_name": "turtle-danger", "money": 2320, "region": "BayouStation", "scene_type": "ship", "science_level": 3, "science_points": 240, "site": "Experimentation", "task_list": [{"is_complete": true, "task_id": "scanCyano"}, {"is_complete": true, "task_id": "countCyano"}, {"is_complete": false, "task_id": "experimentsForSiteO"}, {"is_complete": false, "task_id": "visualModelO"}, {"is_complete": false, "task_id": "reportBack"}], "time_since_launch": 461.93}	84
"26080315294666024"	"AQUALAB"	"2026-08-03T09:07:26.035000+00:00"	"guide_script_triggered"	{"node_id": "partner.talk.experiment.behavior.idle.nothingLeft.1", "server_time": "2026-08-03T04:07:26+00:00"}	"GAME"	"120"	"production"	"6"	"UTC+06:30"	"AccusingHutch"	{}	{"job_argumentation": 4, "job_experimentation": 1, "job_modeling": 1, "job_name": "turtle-danger", "money": 2320, "region": "BayouStation", "scene_type": "ship", "science_level": 3, "science_points": 240, "site": "Experimentation", "task_list": [{"is_complete": true, "task_id": "scanCyano"}, {"is_complete": true, "task_id": "countCyano"}, {"is_complete": false, "task_id": "experimentsForSiteO"}, {"is_complete": false, "task_id": "visualModelO"}, {"is_complete": false, "task_id": "reportBack"}], "time_since_launch": 461.93}	85
"26080315294666024"	"AQUALAB"	"2026-08-03T09:07:26.076000+00:00"	"script_line_displayed"	{"node_id": "partner.talk.experiment.behavior.idle.nothingLeft.1", "server_time": "2026-08-03T04:07:26+00:00", "speaker": "", "text_string": "I think we've learned all that we can from this experiment."}	"GAME"	"120"	"production"	"6"	"UTC+06:30"	"AccusingHutch"	{}	{"job_argumentation": 4, "job_experimentation": 1, "job_modeling": 1, "job_name": "turtle-danger", "money": 2320, "region": "BayouStation", "scene_type": "ship", "science_level": 3, "science_points": 240, "site": "Experimentation", "task_list": [{"is_complete": true, "task_id": "scanCyano"}, {"is_complete": true, "task_id": "countCyano"}, {"is_complete": false, "task_id": "experimentsForSiteO"}, {"is_complete": false, "task_id": "visualModelO"}, {"is_complete": false, "task_id": "reportBack"}], "time_since_launch": 461.97}	86
"26080315294666024"	"AQUALAB"	"2026-08-03T09:07:32.463000+00:00"	"end_experiment"	{"autofeeder_enabled": false, "critters": "LoggerheadTurtle,MoonJelly,Cyanobacteria,Sargassum", "environment": "O_OilRig", "server_time": "2026-08-03T04:07:33+00:00", "stabilizer_enabled": false, "tank_type": "Observation"}	"GAME"	"120"	"production"	"6"	"UTC+06:30"	"AccusingHutch"	{}	{"job_argumentation": 4, "job_experimentation": 1, "job_modeling": 1, "job_name": "turtle-danger", "money": 2320, "region": "BayouStation", "scene_type": "ship", "science_level": 3, "science_points": 240, "site": "Experimentation", "task_list": [{"is_complete": true, "task_id": "scanCyano"}, {"is_complete": true, "task_id": "countCyano"}, {"is_complete": false, "task_id": "experimentsForSiteO"}, {"is_complete": false, "task_id": "visualModelO"}, {"is_complete": false, "task_id": "reportBack"}], "time_since_launch": 468.35}	87
"26080315294666024"	"AQUALAB"	"2026-08-03T09:07:40.366000+00:00"	"add_environment"	{"environment": "O_OilRig", "server_time": "2026-08-03T04:07:40+00:00", "tank_type": ""}	"GAME"	"120"	"production"	"6"	"UTC+06:30"	"AccusingHutch"	{}	{"job_argumentation": 4, "job_experimentation": 1, "job_modeling": 1, "job_name": "turtle-danger", "money": 2320, "region": "BayouStation", "scene_type": "ship", "science_level": 3, "science_points": 240, "site": "Experimentation", "task_list": [{"is_complete": true, "task_id": "scanCyano"}, {"is_complete": true, "task_id": "countCyano"}, {"is_complete": false, "task_id": "experimentsForSiteO"}, {"is_complete": false, "task_id": "visualModelO"}, {"is_complete": false, "task_id": "reportBack"}], "time_since_launch": 476.26}	88
"26080315294666024"	"AQUALAB"	"2026-08-03T09:08:02.487000+00:00"	"add_critter"	{"critter": "Ick", "environment": "O_OilRig", "server_time": "2026-08-03T04:08:03+00:00", "tank_type": ""}	"GAME"	"120"	"production"	"6"	"UTC+06:30"	"AccusingHutch"	{}	{"job_argumentation": 4, "job_experimentation": 1, "job_modeling": 1, "job_name": "turtle-danger", "money": 2320, "region": "BayouStation", "scene_type": "ship", "science_level": 3, "science_points": 240, "site": "Experimentation", "task_list": [{"is_complete": true, "task_id": "scanCyano"}, {"is_complete": true, "task_id": "countCyano"}, {"is_complete": false, "task_id": "experimentsForSiteO"}, {"is_complete": false, "task_id": "visualModelO"}, {"is_complete": false, "task_id": "reportBack"}], "time_since_launch": 498.38}	89
"26080315294666024"	"AQUALAB"	"2026-08-03T09:08:06.502000+00:00"	"add_critter"	{"critter": "LoggerheadTurtle", "environment": "O_OilRig", "server_time": "2026-08-03T04:08:06+00:00", "tank_type": ""}	"GAME"	"120"	"production"	"6"	"UTC+06:30"	"AccusingHutch"	{}	{"job_argumentation": 4, "job_experimentation": 1, "job_modeling": 1, "job_name": "turtle-danger", "money": 2320, "region": "BayouStation", "scene_type": "ship", "science_level": 3, "science_points": 240, "site": "Experimentation", "task_list": [{"is_complete": true, "task_id": "scanCyano"}, {"is_complete": true, "task_id": "countCyano"}, {"is_complete": false, "task_id": "experimentsForSiteO"}, {"is_complete": false, "task_id": "visualModelO"}, {"is_complete": false, "task_id": "reportBack"}], "time_since_launch": 502.39}	90
"26080315294666024"	"AQUALAB"	"2026-08-03T09:08:15.060000+00:00"	"add_critter"	{"critter": "RedGrouper", "environment": "O_OilRig", "server_time": "2026-08-03T04:08:15+00:00", "tank_type": ""}	"GAME"	"120"	"production"	"6"	"UTC+06:30"	"AccusingHutch"	{}	{"job_argumentation": 4, "job_experimentation": 1, "job_modeling": 1, "job_name": "turtle-danger", "money": 2320, "region": "BayouStation", "scene_type": "ship", "science_level": 3, "science_points": 240, "site": "Experimentation", "task_list": [{"is_complete": true, "task_id": "scanCyano"}, {"is_complete": true, "task_id": "countCyano"}, {"is_complete": false, "task_id": "experimentsForSiteO"}, {"is_complete": false, "task_id": "visualModelO"}, {"is_complete": false, "task_id": "reportBack"}], "time_since_launch": 510.95}	91
"26080315294666024"	"AQUALAB"	"2026-08-03T09:08:19.228000+00:00"	"begin_experiment"	{"autofeeder_enabled": false, "critters": "Ick,LoggerheadTurtle,RedGrouper", "environment": "O_OilRig", "server_time": "2026-08-03T04:08:19+00:00", "stabilizer_enabled": false, "tank_type": "Observation"}	"GAME"	"120"	"production"	"6"	"UTC+06:30"	"AccusingHutch"	{}	{"job_argumentation": 4, "job_experimentation": 1, "job_modeling": 1, "job_name": "turtle-danger", "money": 2320, "region": "BayouStation", "scene_type": "ship", "science_level": 3, "science_points": 240, "site": "Experimentation", "task_list": [{"is_complete": true, "task_id": "scanCyano"}, {"is_complete": true, "task_id": "countCyano"}, {"is_complete": false, "task_id": "experimentsForSiteO"}, {"is_complete": false, "task_id": "visualModelO"}, {"is_complete": false, "task_id": "reportBack"}], "time_since_launch": 515.12}	92
"26080315294666024"	"AQUALAB"	"2026-08-03T09:08:34.531000+00:00"	"end_experiment"	{"autofeeder_enabled": false, "critters": "Ick,LoggerheadTurtle,RedGrouper", "environment": "O_OilRig", "server_time": "2026-08-03T04:08:35+00:00", "stabilizer_enabled": false, "tank_type": "Observation"}	"GAME"	"120"	"production"	"6"	"UTC+06:30"	"AccusingHutch"	{}	{"job_argumentation": 4, "job_experimentation": 1, "job_modeling": 1, "job_name": "turtle-danger", "money": 2320, "region": "BayouStation", "scene_type": "ship", "science_level": 3, "science_points": 240, "site": "Experimentation", "task_list": [{"is_complete": true, "task_id": "scanCyano"}, {"is_complete": true, "task_id": "countCyano"}, {"is_complete": false, "task_id": "experimentsForSiteO"}, {"is_complete": false, "task_id": "visualModelO"}, {"is_complete": false, "task_id": "reportBack"}], "time_since_launch": 530.42}	93
"26080315294666024"	"AQUALAB"	"2026-08-03T09:08:38.469000+00:00"	"add_environment"	{"environment": "O_OilRig", "server_time": "2026-08-03T04:08:38+00:00", "tank_type": ""}	"GAME"	"120"	"production"	"6"	"UTC+06:30"	"AccusingHutch"	{}	{"job_argumentation": 4, "job_experimentation": 1, "job_modeling": 1, "job_name": "turtle-danger", "money": 2320, "region": "BayouStation", "scene_type": "ship", "science_level": 3, "science_points": 240, "site": "Experimentation", "task_list": [{"is_complete": true, "task_id": "scanCyano"}, {"is_complete": true, "task_id": "countCyano"}, {"is_complete": false, "task_id": "experimentsForSiteO"}, {"is_complete": false, "task_id": "visualModelO"}, {"is_complete": false, "task_id": "reportBack"}], "time_since_launch": 534.36}	94
"26080315294666024"	"AQUALAB"	"2026-08-03T09:08:45.817000+00:00"	"add_critter"	{"critter": "AngelFish", "environment": "O_OilRig", "server_time": "2026-08-03T04:08:45+00:00", "tank_type": ""}	"GAME"	"120"	"production"	"6"	"UTC+06:30"	"AccusingHutch"	{}	{"job_argumentation": 4, "job_experimentation": 1, "job_modeling": 1, "job_name": "turtle-danger", "money": 2320, "region": "BayouStation", "scene_type": "ship", "science_level": 3, "science_points": 240, "site": "Experimentation", "task_list": [{"is_complete": true, "task_id": "scanCyano"}, {"is_complete": true, "task_id": "countCyano"}, {"is_complete": false, "task_id": "experimentsForSiteO"}, {"is_complete": false, "task_id": "visualModelO"}, {"is_complete": false, "task_id": "reportBack"}], "time_since_launch": 541.71}	95
"26080315294666024"	"AQUALAB"	"2026-08-03T09:08:48.440000+00:00"	"add_critter"	{"critter": "ElkhornCoral", "environment": "O_OilRig", "server_time": "2026-08-03T04:08:48+00:00", "tank_type": ""}	"GAME"	"120"	"production"	"6"	"UTC+06:30"	"AccusingHutch"	{}	{"job_argumentation": 4, "job_experimentation": 1, "job_modeling": 1, "job_name": "turtle-danger", "money": 2320, "region": "BayouStation", "scene_type": "ship", "science_level": 3, "science_points": 240, "site": "Experimentation", "task_list": [{"is_complete": true, "task_id": "scanCyano"}, {"is_complete": true, "task_id": "countCyano"}, {"is_complete": false, "task_id": "experimentsForSiteO"}, {"is_complete": false, "task_id": "visualModelO"}, {"is_complete": false, "task_id": "reportBack"}], "time_since_launch": 544.33}	96
"26080315294666024"	"AQUALAB"	"2026-08-03T09:08:49.002000+00:00"	"add_critter"	{"critter": "MoonJelly", "environment": "O_OilRig", "server_time": "2026-08-03T04:08:48+00:00", "tank_type": ""}	"GAME"	"120"	"production"	"6"	"UTC+06:30"	"AccusingHutch"	{}	{"job_argumentation": 4, "job_experimentation": 1, "job_modeling": 1, "job_name": "turtle-danger", "money": 2320, "region": "BayouStation", "scene_type": "ship", "science_level": 3, "science_points": 240, "site": "Experimentation", "task_list": [{"is_complete": true, "task_id": "scanCyano"}, {"is_complete": true, "task_id": "countCyano"}, {"is_complete": false, "task_id": "experimentsForSiteO"}, {"is_complete": false, "task_id": "visualModelO"}, {"is_complete": false, "task_id": "reportBack"}], "time_since_launch": 544.89}	97
"26080315294666024"	"AQUALAB"	"2026-08-03T09:08:49.603000+00:00"	"add_critter"	{"critter": "LoggerheadTurtle", "environment": "O_OilRig", "server_time": "2026-08-03T04:08:49+00:00", "tank_type": ""}	"GAME"	"120"	"production"	"6"	"UTC+06:30"	"AccusingHutch"	{}	{"job_argumentation": 4, "job_experimentation": 1, "job_modeling": 1, "job_name": "turtle-danger", "money": 2320, "region": "BayouStation", "scene_type": "ship", "science_level": 3, "science_points": 240, "site": "Experimentation", "task_list": [{"is_complete": true, "task_id": "scanCyano"}, {"is_complete": true, "task_id": "countCyano"}, {"is_complete": false, "task_id": "experimentsForSiteO"}, {"is_complete": false, "task_id": "visualModelO"}, {"is_complete": false, "task_id": "reportBack"}], "time_since_launch": 545.49}	98
"26080315294666024"	"AQUALAB"	"2026-08-03T09:08:52.391000+00:00"	"begin_experiment"	{"autofeeder_enabled": false, "critters": "AngelFish,ElkhornCoral,MoonJelly,LoggerheadTurtle", "environment": "O_OilRig", "server_time": "2026-08-03T04:08:52+00:00", "stabilizer_enabled": false, "tank_type": "Observation"}	"GAME"	"120"	"production"	"6"	"UTC+06:30"	"AccusingHutch"	{}	{"job_argumentation": 4, "job_experimentation": 1, "job_modeling": 1, "job_name": "turtle-danger", "money": 2320, "region": "BayouStation", "scene_type": "ship", "science_level": 3, "science_points": 240, "site": "Experimentation", "task_list": [{"is_complete": true, "task_id": "scanCyano"}, {"is_complete": true, "task_id": "countCyano"}, {"is_complete": false, "task_id": "experimentsForSiteO"}, {"is_complete": false, "task_id": "visualModelO"}, {"is_complete": false, "task_id": "reportBack"}], "time_since_launch": 548.28}	99
"26080315294666024"	"AQUALAB"	"2026-08-03T09:09:17.951000+00:00"	"end_experiment"	{"autofeeder_enabled": false, "critters": "AngelFish,ElkhornCoral,MoonJelly,LoggerheadTurtle", "environment": "O_OilRig", "server_time": "2026-08-03T04:09:18+00:00", "stabilizer_enabled": false, "tank_type": "Observation"}	"GAME"	"120"	"production"	"6"	"UTC+06:30"	"AccusingHutch"	{}	{"job_argumentation": 4, "job_experimentation": 1, "job_modeling": 1, "job_name": "turtle-danger", "money": 2320, "region": "BayouStation", "scene_type": "ship", "science_level": 3, "science_points": 240, "site": "Experimentation", "task_list": [{"is_complete": true, "task_id": "scanCyano"}, {"is_complete": true, "task_id": "countCyano"}, {"is_complete": false, "task_id": "experimentsForSiteO"}, {"is_complete": false, "task_id": "visualModelO"}, {"is_complete": false, "task_id": "reportBack"}], "time_since_launch": 573.84}	100
"26080315294666024"	"AQUALAB"	"2026-08-03T09:09:21.616000+00:00"	"add_environment"	{"environment": "O_OilRig", "server_time": "2026-08-03T04:09:21+00:00", "tank_type": ""}	"GAME"	"120"	"production"	"6"	"UTC+06:30"	"AccusingHutch"	{}	{"job_argumentation": 4, "job_experimentation": 1, "job_modeling": 1, "job_name": "turtle-danger", "money": 2320, "region": "BayouStation", "scene_type": "ship", "science_level": 3, "science_points": 240, "site": "Experimentation", "task_list": [{"is_complete": true, "task_id": "scanCyano"}, {"is_complete": true, "task_id": "countCyano"}, {"is_complete": false, "task_id": "experimentsForSiteO"}, {"is_complete": false, "task_id": "visualModelO"}, {"is_complete": false, "task_id": "reportBack"}], "time_since_launch": 577.51}	101
"26080315294666024"	"AQUALAB"	"2026-08-03T09:09:27.205000+00:00"	"add_critter"	{"critter": "AngelFish", "environment": "O_OilRig", "server_time": "2026-08-03T04:09:27+00:00", "tank_type": ""}	"GAME"	"120"	"production"	"6"	"UTC+06:30"	"AccusingHutch"	{}	{"job_argumentation": 4, "job_experimentation": 1, "job_modeling": 1, "job_name": "turtle-danger", "money": 2320, "region": "BayouStation", "scene_type": "ship", "science_level": 3, "science_points": 240, "site": "Experimentation", "task_list": [{"is_complete": true, "task_id": "scanCyano"}, {"is_complete": true, "task_id": "countCyano"}, {"is_complete": false, "task_id": "experimentsForSiteO"}, {"is_complete": false, "task_id": "visualModelO"}, {"is_complete": false, "task_id": "reportBack"}], "time_since_launch": 583.1}	102
"26080315294666024"	"AQUALAB"	"2026-08-03T09:09:29.967000+00:00"	"add_critter"	{"critter": "ElkhornCoral", "environment": "O_OilRig", "server_time": "2026-08-03T04:09:30+00:00", "tank_type": ""}	"GAME"	"120"	"production"	"6"	"UTC+06:30"	"AccusingHutch"	{}	{"job_argumentation": 4, "job_experimentation": 1, "job_modeling": 1, "job_name": "turtle-danger", "money": 2320, "region": "BayouStation", "scene_type": "ship", "science_level": 3, "science_points": 240, "site": "Experimentation", "task_list": [{"is_complete": true, "task_id": "scanCyano"}, {"is_complete": true, "task_id": "countCyano"}, {"is_complete": false, "task_id": "experimentsForSiteO"}, {"is_complete": false, "task_id": "visualModelO"}, {"is_complete": false, "task_id": "reportBack"}], "time_since_launch": 585.86}	103
"26080315294666024"	"AQUALAB"	"2026-08-03T09:09:30.999000+00:00"	"add_critter"	{"critter": "MoonJelly", "environment": "O_OilRig", "server_time": "2026-08-03T04:09:31+00:00", "tank_type": ""}	"GAME"	"120"	"production"	"6"	"UTC+06:30"	"AccusingHutch"	{}	{"job_argumentation": 4, "job_experimentation": 1, "job_modeling": 1, "job_name": "turtle-danger", "money": 2320, "region": "BayouStation", "scene_type": "ship", "science_level": 3, "science_points": 240, "site": "Experimentation", "task_list": [{"is_complete": true, "task_id": "scanCyano"}, {"is_complete": true, "task_id": "countCyano"}, {"is_complete": false, "task_id": "experimentsForSiteO"}, {"is_complete": false, "task_id": "visualModelO"}, {"is_complete": false, "task_id": "reportBack"}], "time_since_launch": 586.89}	104
"26080315294666024"	"AQUALAB"	"2026-08-03T09:09:31.508000+00:00"	"add_critter"	{"critter": "LoggerheadTurtle", "environment": "O_OilRig", "server_time": "2026-08-03T04:09:31+00:00", "tank_type": ""}	"GAME"	"120"	"production"	"6"	"UTC+06:30"	"AccusingHutch"	{}	{"job_argumentation": 4, "job_experimentation": 1, "job_modeling": 1, "job_name": "turtle-danger", "money": 2320, "region": "BayouStation", "scene_type": "ship", "science_level": 3, "science_points": 240, "site": "Experimentation", "task_list": [{"is_complete": true, "task_id": "scanCyano"}, {"is_complete": true, "task_id": "countCyano"}, {"is_complete": false, "task_id": "experimentsForSiteO"}, {"is_complete": false, "task_id": "visualModelO"}, {"is_complete": false, "task_id": "reportBack"}], "time_since_launch": 587.4}	105
"26080315294666024"	"AQUALAB"	"2026-08-03T09:09:33.841000+00:00"	"begin_experiment"	{"autofeeder_enabled": false, "critters": "AngelFish,ElkhornCoral,MoonJelly,LoggerheadTurtle", "environment": "O_OilRig", "server_time": "2026-08-03T04:09:33+00:00", "stabilizer_enabled": false, "tank_type": "Observation"}	"GAME"	"120"	"production"	"6"	"UTC+06:30"	"AccusingHutch"	{}	{"job_argumentation": 4, "job_experimentation": 1, "job_modeling": 1, "job_name": "turtle-danger", "money": 2320, "region": "BayouStation", "scene_type": "ship", "science_level": 3, "science_points": 240, "site": "Experimentation", "task_list": [{"is_complete": true, "task_id": "scanCyano"}, {"is_complete": true, "task_id": "countCyano"}, {"is_complete": false, "task_id": "experimentsForSiteO"}, {"is_complete": false, "task_id": "visualModelO"}, {"is_complete": false, "task_id": "reportBack"}], "time_since_launch": 589.73}	106
"26080315294666024"	"AQUALAB"	"2026-08-03T09:09:38.967000+00:00"	"script_began"	{"node_id": "job.turtle-danger.catchExperimentsForSiteO", "server_time": "2026-08-03T04:09:40+00:00"}	"GAME"	"120"	"production"	"6"	"UTC+06:30"	"AccusingHutch"	{}	{"job_argumentation": 4, "job_experimentation": 1, "job_modeling": 1, "job_name": "turtle-danger", "money": 2320, "region": "BayouStation", "scene_type": "ship", "science_level": 3, "science_points": 240, "site": "Experimentation", "task_list": [{"is_complete": true, "task_id": "scanCyano"}, {"is_complete": true, "task_id": "countCyano"}, {"is_complete": false, "task_id": "experimentsForSiteO"}, {"is_complete": false, "task_id": "visualModelO"}, {"is_complete": false, "task_id": "reportBack"}], "time_since_launch": 594.86}	107
"26080315294666024"	"AQUALAB"	"2026-08-03T09:09:38.968000+00:00"	"ask_for_help"	{"node_id": "job.turtle-danger.catchExperimentsForSiteO", "server_time": "2026-08-03T04:09:40+00:00"}	"GAME"	"120"	"production"	"6"	"UTC+06:30"	"AccusingHutch"	{}	{"job_argumentation": 4, "job_experimentation": 1, "job_modeling": 1, "job_name": "turtle-danger", "money": 2320, "region": "BayouStation", "scene_type": "ship", "science_level": 3, "science_points": 240, "site": "Experimentation", "task_list": [{"is_complete": true, "task_id": "scanCyano"}, {"is_complete": true, "task_id": "countCyano"}, {"is_complete": false, "task_id": "experimentsForSiteO"}, {"is_complete": false, "task_id": "visualModelO"}, {"is_complete": false, "task_id": "reportBack"}], "time_since_launch": 594.86}	108
"26080315294666024"	"AQUALAB"	"2026-08-03T09:09:38.973000+00:00"	"script_line_displayed"	{"node_id": "job.turtle-danger.catchExperimentsForSiteO", "server_time": "2026-08-03T04:09:40+00:00", "speaker": "", "text_string": "Okay, V1ct0r. What now?"}	"GAME"	"120"	"production"	"6"	"UTC+06:30"	"AccusingHutch"	{}	{"job_argumentation": 4, "job_experimentation": 1, "job_modeling": 1, "job_name": "turtle-danger", "money": 2320, "region": "BayouStation", "scene_type": "ship", "science_level": 3, "science_points": 240, "site": "Experimentation", "task_list": [{"is_complete": true, "task_id": "scanCyano"}, {"is_complete": true, "task_id": "countCyano"}, {"is_complete": false, "task_id": "experimentsForSiteO"}, {"is_complete": false, "task_id": "visualModelO"}, {"is_complete": false, "task_id": "reportBack"}], "time_since_launch": 594.86}	109
"26080315294666024"	"AQUALAB"	"2026-08-03T09:09:40.040000+00:00"	"script_line_displayed"	{"node_id": "job.turtle-danger.catchExperimentsForSiteO", "server_time": "2026-08-03T04:09:40+00:00", "speaker": "", "text_string": "Use your Observation Tank to find what Loggerhead Turtles eat at Site O."}	"GAME"	"120"	"production"	"6"	"UTC+06:30"	"AccusingHutch"	{}	{"job_argumentation": 4, "job_experimentation": 1, "job_modeling": 1, "job_name": "turtle-danger", "money": 2320, "region": "BayouStation", "scene_type": "ship", "science_level": 3, "science_points": 240, "site": "Experimentation", "task_list": [{"is_complete": true, "task_id": "scanCyano"}, {"is_complete": true, "task_id": "countCyano"}, {"is_complete": false, "task_id": "experimentsForSiteO"}, {"is_complete": false, "task_id": "visualModelO"}, {"is_complete": false, "task_id": "reportBack"}], "time_since_launch": 595.93}	110
"26080315294666024"	"AQUALAB"	"2026-08-03T09:09:43.186000+00:00"	"complete_task"	{"server_time": "2026-08-03T04:09:43+00:00", "task_id": "experimentsForSiteO"}	"GAME"	"120"	"production"	"6"	"UTC+06:30"	"AccusingHutch"	{}	{"job_argumentation": 4, "job_experimentation": 1, "job_modeling": 1, "job_name": "turtle-danger", "money": 2320, "region": "BayouStation", "scene_type": "ship", "science_level": 3, "science_points": 240, "site": "Experimentation", "task_list": [{"is_complete": true, "task_id": "scanCyano"}, {"is_complete": true, "task_id": "countCyano"}, {"is_complete": false, "task_id": "experimentsForSiteO"}, {"is_complete": false, "task_id": "visualModelO"}, {"is_complete": false, "task_id": "reportBack"}], "time_since_launch": 599.08}	111
"26080315294666024"	"AQUALAB"	"2026-08-03T09:09:43.186000+00:00"	"receive_fact"	{"fact_entity": "LoggerheadTurtle", "fact_id": "LoggerheadTurtle.Eats.AngelFish", "fact_rate": true, "fact_stressed": false, "fact_type": "Eat", "has_rate": false, "server_time": "2026-08-03T04:09:43+00:00"}	"GAME"	"120"	"production"	"6"	"UTC+06:30"	"AccusingHutch"	{}	{"job_argumentation": 4, "job_experimentation": 1, "job_modeling": 1, "job_name": "turtle-danger", "money": 2320, "region": "BayouStation", "scene_type": "ship", "science_level": 3, "science_points": 240, "site": "Experimentation", "task_list": [{"is_complete": true, "task_id": "scanCyano"}, {"is_complete": true, "task_id": "countCyano"}, {"is_complete": true, "task_id": "experimentsForSiteO"}, {"is_complete": false, "task_id": "visualModelO"}, {"is_complete": false, "task_id": "reportBack"}], "time_since_launch": 599.08}	112
"26080315294666024"	"AQUALAB"	"2026-08-03T09:09:50.895000+00:00"	"end_experiment"	{"autofeeder_enabled": false, "critters": "AngelFish,ElkhornCoral,MoonJelly,LoggerheadTurtle", "environment": "O_OilRig", "server_time": "2026-08-03T04:09:50+00:00", "stabilizer_enabled": false, "tank_type": "Observation"}	"GAME"	"120"	"production"	"6"	"UTC+06:30"	"AccusingHutch"	{}	{"job_argumentation": 4, "job_experimentation": 1, "job_modeling": 1, "job_name": "turtle-danger", "money": 2320, "region": "BayouStation", "scene_type": "ship", "science_level": 3, "science_points": 240, "site": "Experimentation", "task_list": [{"is_complete": true, "task_id": "scanCyano"}, {"is_complete": true, "task_id": "countCyano"}, {"is_complete": true, "task_id": "experimentsForSiteO"}, {"is_complete": false, "task_id": "visualModelO"}, {"is_complete": false, "task_id": "reportBack"}], "time_since_launch": 606.79}	113
"26080315294666024"	"AQUALAB"	"2026-08-03T09:10:13.945000+00:00"	"load_error"	{"server_time": "2026-08-03T04:10:16+00:00", "url": "https://fieldday-web.wcer.wisc.edu/wsgi-bin/opengamedata.wsgi/player/AccusingHutch/game/AQUALAB/state"}	"GAME"	"120"	"production"	"6"	"UTC+06:30"	"AccusingHutch"	{}	{"job_argumentation": 4, "job_experimentation": 1, "job_modeling": 1, "job_name": "turtle-danger", "money": 2320, "region": "BayouStation", "scene_type": "ship", "science_level": 3, "science_points": 240, "site": "Experimentation", "task_list": [{"is_complete": true, "task_id": "scanCyano"}, {"is_complete": true, "task_id": "countCyano"}, {"is_complete": true, "task_id": "experimentsForSiteO"}, {"is_complete": false, "task_id": "visualModelO"}, {"is_complete": false, "task_id": "reportBack"}], "time_since_launch": 629.84}	114
"26080315294666024"	"AQUALAB"	"2026-08-03T09:10:23.282000+00:00"	"load_error"	{"server_time": "2026-08-03T04:10:27+00:00", "url": "https://fieldday-web.wcer.wisc.edu/wsgi-bin/opengamedata.wsgi/player/AccusingHutch/game/AQUALAB/state"}	"GAME"	"120"	"production"	"6"	"UTC+06:30"	"AccusingHutch"	{}	{"job_argumentation": 4, "job_experimentation": 1, "job_modeling": 1, "job_name": "turtle-danger", "money": 2320, "region": "BayouStation", "scene_type": "ship", "science_level": 3, "science_points": 240, "site": "Experimentation", "task_list": [{"is_complete": true, "task_id": "scanCyano"}, {"is_complete": true, "task_id": "countCyano"}, {"is_complete": true, "task_id": "experimentsForSiteO"}, {"is_complete": false, "task_id": "visualModelO"}, {"is_complete": false, "task_id": "reportBack"}], "time_since_launch": 639.17}	115
"26080315294666024"	"AQUALAB"	"2026-08-03T09:10:28.276000+00:00"	"load_error"	{"server_time": "2026-08-03T04:10:28+00:00", "url": "https://fieldday-web.wcer.wisc.edu/wsgi-bin/opengamedata.wsgi/player/AccusingHutch/game/AQUALAB/state"}	"GAME"	"120"	"production"	"6"	"UTC+06:30"	"AccusingHutch"	{}	{"job_argumentation": 4, "job_experimentation": 1, "job_modeling": 1, "job_name": "turtle-danger", "money": 2320, "region": "BayouStation", "scene_type": "ship", "science_level": 3, "science_points": 240, "site": "Experimentation", "task_list": [{"is_complete": true, "task_id": "scanCyano"}, {"is_complete": true, "task_id": "countCyano"}, {"is_complete": true, "task_id": "experimentsForSiteO"}, {"is_complete": false, "task_id": "visualModelO"}, {"is_complete": false, "task_id": "reportBack"}], "time_since_launch": 644.17}	116
"26080315294666024"	"AQUALAB"	"2026-08-03T09:10:32.006000+00:00"	"load_error"	{"server_time": "2026-08-03T04:10:32+00:00", "url": "https://fieldday-web.wcer.wisc.edu/wsgi-bin/opengamedata.wsgi/player/AccusingHutch/game/AQUALAB/state"}	"GAME"	"120"	"production"	"6"	"UTC+06:30"	"AccusingHutch"	{}	{"job_argumentation": 4, "job_experimentation": 1, "job_modeling": 1, "job_name": "turtle-danger", "money": 2320, "region": "BayouStation", "scene_type": "ship", "science_level": 3, "science_points": 240, "site": "Experimentation", "task_list": [{"is_complete": true, "task_id": "scanCyano"}, {"is_complete": true, "task_id": "countCyano"}, {"is_complete": true, "task_id": "experimentsForSiteO"}, {"is_complete": false, "task_id": "visualModelO"}, {"is_complete": false, "task_id": "reportBack"}], "time_since_launch": 647.9}	117
"26080315294666024"	"AQUALAB"	"2026-08-03T09:10:35.063000+00:00"	"load_error"	{"server_time": "2026-08-03T04:10:36+00:00", "url": "https://fieldday-web.wcer.wisc.edu/wsgi-bin/opengamedata.wsgi/player/AccusingHutch/game/AQUALAB/state"}	"GAME"	"120"	"production"	"6"	"UTC+06:30"	"AccusingHutch"	{}	{"job_argumentation": 4, "job_experimentation": 1, "job_modeling": 1, "job_name": "turtle-danger", "money": 2320, "region": "BayouStation", "scene_type": "ship", "science_level": 3, "science_points": 240, "site": "Experimentation", "task_list": [{"is_complete": true, "task_id": "scanCyano"}, {"is_complete": true, "task_id": "countCyano"}, {"is_complete": true, "task_id": "experimentsForSiteO"}, {"is_complete": false, "task_id": "visualModelO"}, {"is_complete": false, "task_id": "reportBack"}], "time_since_launch": 650.95}	118
"26080315294666024"	"AQUALAB"	"2026-08-03T09:10:39.301000+00:00"	"load_error"	{"server_time": "2026-08-03T04:10:39+00:00", "url": "https://fieldday-web.wcer.wisc.edu/wsgi-bin/opengamedata.wsgi/player/AccusingHutch/game/AQUALAB/state"}	"GAME"	"120"	"production"	"6"	"UTC+06:30"	"AccusingHutch"	{}	{"job_argumentation": 4, "job_experimentation": 1, "job_modeling": 1, "job_name": "turtle-danger", "money": 2320, "region": "BayouStation", "scene_type": "ship", "science_level": 3, "science_points": 240, "site": "Experimentation", "task_list": [{"is_complete": true, "task_id": "scanCyano"}, {"is_complete": true, "task_id": "countCyano"}, {"is_complete": true, "task_id": "experimentsForSiteO"}, {"is_complete": false, "task_id": "visualModelO"}, {"is_complete": false, "task_id": "reportBack"}], "time_since_launch": 655.19}	119
"26080315294666024"	"AQUALAB"	"2026-08-03T09:10:42.993000+00:00"	"load_error"	{"server_time": "2026-08-03T04:10:43+00:00", "url": "https://fieldday-web.wcer.wisc.edu/wsgi-bin/opengamedata.wsgi/player/AccusingHutch/game/AQUALAB/state"}	"GAME"	"120"	"production"	"6"	"UTC+06:30"	"AccusingHutch"	{}	{"job_argumentation": 4, "job_experimentation": 1, "job_modeling": 1, "job_name": "turtle-danger", "money": 2320, "region": "BayouStation", "scene_type": "ship", "science_level": 3, "science_points": 240, "site": "Experimentation", "task_list": [{"is_complete": true, "task_id": "scanCyano"}, {"is_complete": true, "task_id": "countCyano"}, {"is_complete": true, "task_id": "experimentsForSiteO"}, {"is_complete": false, "task_id": "visualModelO"}, {"is_complete": false, "task_id": "reportBack"}], "time_since_launch": 658.88}	120
"26080315294666024"	"AQUALAB"	"2026-08-03T09:10:47.153000+00:00"	"load_error"	{"server_time": "2026-08-03T04:10:47+00:00", "url": "https://fieldday-web.wcer.wisc.edu/wsgi-bin/opengamedata.wsgi/player/AccusingHutch/game/AQUALAB/state"}	"GAME"	"120"	"production"	"6"	"UTC+06:30"	"AccusingHutch"	{}	{"job_argumentation": 4, "job_experimentation": 1, "job_modeling": 1, "job_name": "turtle-danger", "money": 2320, "region": "BayouStation", "scene_type": "ship", "science_level": 3, "science_points": 240, "site": "Experimentation", "task_list": [{"is_complete": true, "task_id": "scanCyano"}, {"is_complete": true, "task_id": "countCyano"}, {"is_complete": true, "task_id": "experimentsForSiteO"}, {"is_complete": false, "task_id": "visualModelO"}, {"is_complete": false, "task_id": "reportBack"}], "time_since_launch": 663.04}	121
"26080315294666024"	"AQUALAB"	"2026-08-03T09:10:50.846000+00:00"	"load_error"	{"server_time": "2026-08-03T04:10:50+00:00", "url": "https://fieldday-web.wcer.wisc.edu/wsgi-bin/opengamedata.wsgi/player/AccusingHutch/game/AQUALAB/state"}	"GAME"	"120"	"production"	"6"	"UTC+06:30"	"AccusingHutch"	{}	{"job_argumentation": 4, "job_experimentation": 1, "job_modeling": 1, "job_name": "turtle-danger", "money": 2320, "region": "BayouStation", "scene_type": "ship", "science_level": 3, "science_points": 240, "site": "Experimentation", "task_list": [{"is_complete": true, "task_id": "scanCyano"}, {"is_complete": true, "task_id": "countCyano"}, {"is_complete": true, "task_id": "experimentsForSiteO"}, {"is_complete": false, "task_id": "visualModelO"}, {"is_complete": false, "task_id": "reportBack"}], "time_since_launch": 666.74}	122
"26080315294666024"	"AQUALAB"	"2026-08-03T09:10:51.310000+00:00"	"scene_changed"	{"scene_name": "ModelingFoyer", "server_time": "2026-08-03T04:10:51+00:00"}	"GAME"	"120"	"production"	"6"	"UTC+06:30"	"AccusingHutch"	{}	{"job_argumentation": 4, "job_experimentation": 1, "job_modeling": 1, "job_name": "turtle-danger", "money": 2320, "region": "BayouStation", "scene_type": "ship", "science_level": 3, "science_points": 240, "site": "Experimentation", "task_list": [{"is_complete": true, "task_id": "scanCyano"}, {"is_complete": true, "task_id": "countCyano"}, {"is_complete": true, "task_id": "experimentsForSiteO"}, {"is_complete": false, "task_id": "visualModelO"}, {"is_complete": false, "task_id": "reportBack"}], "time_since_launch": 666.74}	123
"26080315294666024"	"AQUALAB"	"2026-08-03T09:10:52.746000+00:00"	"load_error"	{"server_time": "2026-08-03T04:10:52+00:00", "url": "https://fieldday-web.wcer.wisc.edu/wsgi-bin/opengamedata.wsgi/player/AccusingHutch/game/AQUALAB/state"}	"GAME"	"120"	"production"	"6"	"UTC+06:30"	"AccusingHutch"	{}	{"job_argumentation": 4, "job_experimentation": 1, "job_modeling": 1, "job_name": "turtle-danger", "money": 2320, "region": "BayouStation", "scene_type": "ship", "science_level": 3, "science_points": 240, "site": "ModelingFoyer", "task_list": [{"is_complete": true, "task_id": "scanCyano"}, {"is_complete": true, "task_id": "countCyano"}, {"is_complete": true, "task_id": "experimentsForSiteO"}, {"is_complete": false, "task_id": "visualModelO"}, {"is_complete": false, "task_id": "reportBack"}], "time_since_launch": 668.64}	124
"26080315294666024"	"AQUALAB"	"2026-08-03T09:10:56.388000+00:00"	"load_error"	{"server_time": "2026-08-03T04:10:56+00:00", "url": "https://fieldday-web.wcer.wisc.edu/wsgi-bin/opengamedata.wsgi/player/AccusingHutch/game/AQUALAB/state"}	"GAME"	"120"	"production"	"6"	"UTC+06:30"	"AccusingHutch"	{}	{"job_argumentation": 4, "job_experimentation": 1, "job_modeling": 1, "job_name": "turtle-danger", "money": 2320, "region": "BayouStation", "scene_type": "ship", "science_level": 3, "science_points": 240, "site": "ModelingFoyer", "task_list": [{"is_complete": true, "task_id": "scanCyano"}, {"is_complete": true, "task_id": "countCyano"}, {"is_complete": true, "task_id": "experimentsForSiteO"}, {"is_complete": false, "task_id": "visualModelO"}, {"is_complete": false, "task_id": "reportBack"}], "time_since_launch": 672.28}	125
"26080315294666024"	"AQUALAB"	"2026-08-03T09:10:57.334000+00:00"	"begin_model"	{"server_time": "2026-08-03T04:10:57+00:00"}	"GAME"	"120"	"production"	"6"	"UTC+06:30"	"AccusingHutch"	{}	{"job_argumentation": 4, "job_experimentation": 1, "job_modeling": 1, "job_name": "turtle-danger", "money": 2320, "region": "BayouStation", "scene_type": "ship", "science_level": 3, "science_points": 240, "site": "ModelingFoyer", "task_list": [{"is_complete": true, "task_id": "scanCyano"}, {"is_complete": true, "task_id": "countCyano"}, {"is_complete": true, "task_id": "experimentsForSiteO"}, {"is_complete": false, "task_id": "visualModelO"}, {"is_complete": false, "task_id": "reportBack"}], "time_since_launch": 673.22}	126
"26080315294666024"	"AQUALAB"	"2026-08-03T09:11:01.011000+00:00"	"load_error"	{"server_time": "2026-08-03T04:11:01+00:00", "url": "https://fieldday-web.wcer.wisc.edu/wsgi-bin/opengamedata.wsgi/player/AccusingHutch/game/AQUALAB/state"}	"GAME"	"120"	"production"	"6"	"UTC+06:30"	"AccusingHutch"	{}	{"job_argumentation": 4, "job_experimentation": 1, "job_modeling": 1, "job_name": "turtle-danger", "money": 2320, "region": "BayouStation", "scene_type": "ship", "science_level": 3, "science_points": 240, "site": "ModelingFoyer", "task_list": [{"is_complete": true, "task_id": "scanCyano"}, {"is_complete": true, "task_id": "countCyano"}, {"is_complete": true, "task_id": "experimentsForSiteO"}, {"is_complete": false, "task_id": "visualModelO"}, {"is_complete": false, "task_id": "reportBack"}], "time_since_launch": 676.9}	127
"26080315294666024"	"AQUALAB"	"2026-08-03T09:11:04.687000+00:00"	"load_error"	{"server_time": "2026-08-03T04:11:04+00:00", "url": "https://fieldday-web.wcer.wisc.edu/wsgi-bin/opengamedata.wsgi/player/AccusingHutch/game/AQUALAB/state"}	"GAME"	"120"	"production"	"6"	"UTC+06:30"	"AccusingHutch"	{}	{"job_argumentation": 4, "job_experimentation": 1, "job_modeling": 1, "job_name": "turtle-danger", "money": 2320, "region": "BayouStation", "scene_type": "ship", "science_level": 3, "science_points": 240, "site": "ModelingFoyer", "task_list": [{"is_complete": true, "task_id": "scanCyano"}, {"is_complete": true, "task_id": "countCyano"}, {"is_complete": true, "task_id": "experimentsForSiteO"}, {"is_complete": false, "task_id": "visualModelO"}, {"is_complete": false, "task_id": "reportBack"}], "time_since_launch": 680.58}	128
"26080315294666024"	"AQUALAB"	"2026-08-03T09:11:08.997000+00:00"	"load_error"	{"server_time": "2026-08-03T04:11:09+00:00", "url": "https://fieldday-web.wcer.wisc.edu/wsgi-bin/opengamedata.wsgi/player/AccusingHutch/game/AQUALAB/state"}	"GAME"	"120"	"production"	"6"	"UTC+06:30"	"AccusingHutch"	{}	{"job_argumentation": 4, "job_experimentation": 1, "job_modeling": 1, "job_name": "turtle-danger", "money": 2320, "region": "BayouStation", "scene_type": "ship", "science_level": 3, "science_points": 240, "site": "ModelingFoyer", "task_list": [{"is_complete": true, "task_id": "scanCyano"}, {"is_complete": true, "task_id": "countCyano"}, {"is_complete": true, "task_id": "experimentsForSiteO"}, {"is_complete": false, "task_id": "visualModelO"}, {"is_complete": false, "task_id": "reportBack"}], "time_since_launch": 684.89}	129
"26080315294666024"	"AQUALAB"	"2026-08-03T09:11:12.673000+00:00"	"load_error"	{"server_time": "2026-08-03T04:11:12+00:00", "url": "https://fieldday-web.wcer.wisc.edu/wsgi-bin/opengamedata.wsgi/player/AccusingHutch/game/AQUALAB/state"}	"GAME"	"120"	"production"	"6"	"UTC+06:30"	"AccusingHutch"	{}	{"job_argumentation": 4, "job_experimentation": 1, "job_modeling": 1, "job_name": "turtle-danger", "money": 2320, "region": "BayouStation", "scene_type": "ship", "science_level": 3, "science_points": 240, "site": "ModelingFoyer", "task_list": [{"is_complete": true, "task_id": "scanCyano"}, {"is_complete": true, "task_id": "countCyano"}, {"is_complete": true, "task_id": "experimentsForSiteO"}, {"is_complete": false, "task_id": "visualModelO"}, {"is_complete": false, "task_id": "reportBack"}], "time_since_launch": 688.56}	130
"26080315294666024"	"AQUALAB"	"2026-08-03T09:11:16.986000+00:00"	"load_error"	{"server_time": "2026-08-03T04:11:17+00:00", "url": "https://fieldday-web.wcer.wisc.edu/wsgi-bin/opengamedata.wsgi/player/AccusingHutch/game/AQUALAB/state"}	"GAME"	"120"	"production"	"6"	"UTC+06:30"	"AccusingHutch"	{}	{"job_argumentation": 4, "job_experimentation": 1, "job_modeling": 1, "job_name": "turtle-danger", "money": 2320, "region": "BayouStation", "scene_type": "ship", "science_level": 3, "science_points": 240, "site": "ModelingFoyer", "task_list": [{"is_complete": true, "task_id": "scanCyano"}, {"is_complete": true, "task_id": "countCyano"}, {"is_complete": true, "task_id": "experimentsForSiteO"}, {"is_complete": false, "task_id": "visualModelO"}, {"is_complete": false, "task_id": "reportBack"}], "time_since_launch": 692.88}	131
"26080315294666024"	"AQUALAB"	"2026-08-03T09:11:20.677000+00:00"	"load_error"	{"server_time": "2026-08-03T04:11:20+00:00", "url": "https://fieldday-web.wcer.wisc.edu/wsgi-bin/opengamedata.wsgi/player/AccusingHutch/game/AQUALAB/state"}	"GAME"	"120"	"production"	"6"	"UTC+06:30"	"AccusingHutch"	{}	{"job_argumentation": 4, "job_experimentation": 1, "job_modeling": 1, "job_name": "turtle-danger", "money": 2320, "region": "BayouStation", "scene_type": "ship", "science_level": 3, "science_points": 240, "site": "ModelingFoyer", "task_list": [{"is_complete": true, "task_id": "scanCyano"}, {"is_complete": true, "task_id": "countCyano"}, {"is_complete": true, "task_id": "experimentsForSiteO"}, {"is_complete": false, "task_id": "visualModelO"}, {"is_complete": false, "task_id": "reportBack"}], "time_since_launch": 696.57}	132
"26080315294666024"	"AQUALAB"	"2026-08-03T09:11:24.783000+00:00"	"load_error"	{"server_time": "2026-08-03T04:11:24+00:00", "url": "https://fieldday-web.wcer.wisc.edu/wsgi-bin/opengamedata.wsgi/player/AccusingHutch/game/AQUALAB/state"}	"GAME"	"120"	"production"	"6"	"UTC+06:30"	"AccusingHutch"	{}	{"job_argumentation": 4, "job_experimentation": 1, "job_modeling": 1, "job_name": "turtle-danger", "money": 2320, "region": "BayouStation", "scene_type": "ship", "science_level": 3, "science_points": 240, "site": "ModelingFoyer", "task_list": [{"is_complete": true, "task_id": "scanCyano"}, {"is_complete": true, "task_id": "countCyano"}, {"is_complete": true, "task_id": "experimentsForSiteO"}, {"is_complete": false, "task_id": "visualModelO"}, {"is_complete": false, "task_id": "reportBack"}], "time_since_launch": 700.67}	133
"26080315294666024"	"AQUALAB"	"2026-08-03T09:11:25.336000+00:00"	"model_phase_changed"	{"phase": "Ecosystem", "server_time": "2026-08-03T04:11:25+00:00"}	"GAME"	"120"	"production"	"6"	"UTC+06:30"	"AccusingHutch"	{}	{"job_argumentation": 4, "job_experimentation": 1, "job_modeling": 1, "job_name": "turtle-danger", "money": 2320, "region": "BayouStation", "scene_type": "ship", "science_level": 3, "science_points": 240, "site": "ModelingFoyer", "task_list": [{"is_complete": true, "task_id": "scanCyano"}, {"is_complete": true, "task_id": "countCyano"}, {"is_complete": true, "task_id": "experimentsForSiteO"}, {"is_complete": false, "task_id": "visualModelO"}, {"is_complete": false, "task_id": "reportBack"}], "time_since_launch": 701.23}	134
"26080315294666024"	"AQUALAB"	"2026-08-03T09:11:25.337000+00:00"	"scene_changed"	{"scene_name": "Modeling", "server_time": "2026-08-03T04:11:25+00:00"}	"GAME"	"120"	"production"	"6"	"UTC+06:30"	"AccusingHutch"	{}	{"job_argumentation": 4, "job_experimentation": 1, "job_modeling": 1, "job_name": "turtle-danger", "money": 2320, "region": "BayouStation", "scene_type": "ship", "science_level": 3, "science_points": 240, "site": "ModelingFoyer", "task_list": [{"is_complete": true, "task_id": "scanCyano"}, {"is_complete": true, "task_id": "countCyano"}, {"is_complete": true, "task_id": "experimentsForSiteO"}, {"is_complete": false, "task_id": "visualModelO"}, {"is_complete": false, "task_id": "reportBack"}], "time_since_launch": 701.23}	135
"26080315294666024"	"AQUALAB"	"2026-08-03T09:11:35.388000+00:00"	"model_ecosystem_selected"	{"ecosystem": "O_OilRig", "server_time": "2026-08-03T04:11:35+00:00"}	"GAME"	"120"	"production"	"6"	"UTC+06:30"	"AccusingHutch"	{}	{"job_argumentation": 4, "job_experimentation": 1, "job_modeling": 1, "job_name": "turtle-danger", "money": 2320, "region": "BayouStation", "scene_type": "ship", "science_level": 3, "science_points": 240, "site": "Modeling", "task_list": [{"is_complete": true, "task_id": "scanCyano"}, {"is_complete": true, "task_id": "countCyano"}, {"is_complete": true, "task_id": "experimentsForSiteO"}, {"is_complete": false, "task_id": "visualModelO"}, {"is_complete": false, "task_id": "reportBack"}], "time_since_launch": 711.28}	136
"26080315294666024"	"AQUALAB"	"2026-08-03T09:11:36.030000+00:00"	"model_phase_changed"	{"phase": "Concept", "server_time": "2026-08-03T04:11:36+00:00"}	"GAME"	"120"	"production"	"6"	"UTC+06:30"	"AccusingHutch"	{}	{"job_argumentation": 4, "job_experimentation": 1, "job_modeling": 1, "job_name": "turtle-danger", "money": 2320, "region": "BayouStation", "scene_type": "ship", "science_level": 3, "science_points": 240, "site": "Modeling", "task_list": [{"is_complete": true, "task_id": "scanCyano"}, {"is_complete": true, "task_id": "countCyano"}, {"is_complete": true, "task_id": "experimentsForSiteO"}, {"is_complete": false, "task_id": "visualModelO"}, {"is_complete": false, "task_id": "reportBack"}], "time_since_launch": 711.92}	137
"26080315294666024"	"AQUALAB"	"2026-08-03T09:11:36.038000+00:00"	"model_concept_started"	{"ecosystem": "O_OilRig", "server_time": "2026-08-03T04:11:36+00:00"}	"GAME"	"120"	"production"	"6"	"UTC+06:30"	"AccusingHutch"	{}	{"job_argumentation": 4, "job_experimentation": 1, "job_modeling": 1, "job_name": "turtle-danger", "money": 2320, "region": "BayouStation", "scene_type": "ship", "science_level": 3, "science_points": 240, "site": "Modeling", "task_list": [{"is_complete": true, "task_id": "scanCyano"}, {"is_complete": true, "task_id": "countCyano"}, {"is_complete": true, "task_id": "experimentsForSiteO"}, {"is_complete": false, "task_id": "visualModelO"}, {"is_complete": false, "task_id": "reportBack"}], "time_since_launch": 711.93}	138
"26080315294666024"	"AQUALAB"	"2026-08-03T09:11:40.651000+00:00"	"model_concept_updated"	{"ecosystem": "O_OilRig", "server_time": "2026-08-03T04:11:40+00:00", "status": "ExportReady"}	"GAME"	"120"	"production"	"6"	"UTC+06:30"	"AccusingHutch"	{}	{"job_argumentation": 4, "job_experimentation": 1, "job_modeling": 1, "job_name": "turtle-danger", "money": 2320, "region": "BayouStation", "scene_type": "ship", "science_level": 3, "science_points": 240, "site": "Modeling", "task_list": [{"is_complete": true, "task_id": "scanCyano"}, {"is_complete": true, "task_id": "countCyano"}, {"is_complete": true, "task_id": "experimentsForSiteO"}, {"is_complete": false, "task_id": "visualModelO"}, {"is_complete": false, "task_id": "reportBack"}], "time_since_launch": 716.54}	139
"26080315294666024"	"AQUALAB"	"2026-08-03T09:11:43.155000+00:00"	"complete_task"	{"server_time": "2026-08-03T04:11:43+00:00", "task_id": "visualModelO"}	"GAME"	"120"	"production"	"6"	"UTC+06:30"	"AccusingHutch"	{}	{"job_argumentation": 4, "job_experimentation": 1, "job_modeling": 1, "job_name": "turtle-danger", "money": 2320, "region": "BayouStation", "scene_type": "ship", "science_level": 3, "science_points": 240, "site": "Modeling", "task_list": [{"is_complete": true, "task_id": "scanCyano"}, {"is_complete": true, "task_id": "countCyano"}, {"is_complete": true, "task_id": "experimentsForSiteO"}, {"is_complete": false, "task_id": "visualModelO"}, {"is_complete": false, "task_id": "reportBack"}], "time_since_launch": 719.05}	140
"26080315294666024"	"AQUALAB"	"2026-08-03T09:11:43.155000+00:00"	"receive_fact"	{"fact_entity": "O_OilRig", "fact_id": "O_OilRig.turtleDanger.Model.Visual", "fact_rate": false, "fact_stressed": false, "fact_type": "Model", "has_rate": false, "server_time": "2026-08-03T04:11:43+00:00"}	"GAME"	"120"	"production"	"6"	"UTC+06:30"	"AccusingHutch"	{}	{"job_argumentation": 4, "job_experimentation": 1, "job_modeling": 1, "job_name": "turtle-danger", "money": 2320, "region": "BayouStation", "scene_type": "ship", "science_level": 3, "science_points": 240, "site": "Modeling", "task_list": [{"is_complete": true, "task_id": "scanCyano"}, {"is_complete": true, "task_id": "countCyano"}, {"is_complete": true, "task_id": "experimentsForSiteO"}, {"is_complete": true, "task_id": "visualModelO"}, {"is_complete": false, "task_id": "reportBack"}], "time_since_launch": 719.05}	141
"26080315294666024"	"AQUALAB"	"2026-08-03T09:11:46.222000+00:00"	"script_began"	{"node_id": "modeling.generic.visual-model.saved", "server_time": "2026-08-03T04:11:46+00:00"}	"GAME"	"120"	"production"	"6"	"UTC+06:30"	"AccusingHutch"	{}	{"job_argumentation": 4, "job_experimentation": 1, "job_modeling": 1, "job_name": "turtle-danger", "money": 2320, "region": "BayouStation", "scene_type": "ship", "science_level": 3, "science_points": 240, "site": "Modeling", "task_list": [{"is_complete": true, "task_id": "scanCyano"}, {"is_complete": true, "task_id": "countCyano"}, {"is_complete": true, "task_id": "experimentsForSiteO"}, {"is_complete": true, "task_id": "visualModelO"}, {"is_complete": false, "task_id": "reportBack"}], "time_since_launch": 722.11}	142
"26080315294666024"	"AQUALAB"	"2026-08-03T09:11:46.224000+00:00"	"model_concept_exported"	{"ecosystem": "O_OilRig", "server_time": "2026-08-03T04:11:46+00:00"}	"GAME"	"120"	"production"	"6"	"UTC+06:30"	"AccusingHutch"	{}	{"job_argumentation": 4, "job_experimentation": 1, "job_modeling": 1, "job_name": "turtle-danger", "money": 2320, "region": "BayouStation", "scene_type": "ship", "science_level": 3, "science_points": 240, "site": "Modeling", "task_list": [{"is_complete": true, "task_id": "scanCyano"}, {"is_complete": true, "task_id": "countCyano"}, {"is_complete": true, "task_id": "experimentsForSiteO"}, {"is_complete": true, "task_id": "visualModelO"}, {"is_complete": false, "task_id": "reportBack"}], "time_since_launch": 722.11}	143
"26080315294666024"	"AQUALAB"	"2026-08-03T09:12:17.926000+00:00"	"model_end"	{"ecosystem": "O_OilRig", "phase": "Concept", "server_time": "2026-08-03T04:12:18+00:00"}	"GAME"	"120"	"production"	"6"	"UTC+06:30"	"AccusingHutch"	{}	{"job_argumentation": 4, "job_experimentation": 1, "job_modeling": 1, "job_name": "turtle-danger", "money": 2320, "region": "BayouStation", "scene_type": "ship", "science_level": 3, "science_points": 240, "site": "Modeling", "task_list": [{"is_complete": true, "task_id": "scanCyano"}, {"is_complete": true, "task_id": "countCyano"}, {"is_complete": true, "task_id": "experimentsForSiteO"}, {"is_complete": true, "task_id": "visualModelO"}, {"is_complete": false, "task_id": "reportBack"}], "time_since_launch": 753.82}	144
"26080315294666024"	"AQUALAB"	"2026-08-03T09:12:19.595000+00:00"	"scene_changed"	{"scene_name": "ModelingFoyer", "server_time": "2026-08-03T04:12:19+00:00"}	"GAME"	"120"	"production"	"6"	"UTC+06:30"	"AccusingHutch"	{}	{"job_argumentation": 4, "job_experimentation": 1, "job_modeling": 1, "job_name": "turtle-danger", "money": 2320, "region": "BayouStation", "scene_type": "ship", "science_level": 3, "science_points": 240, "site": "Modeling", "task_list": [{"is_complete": true, "task_id": "scanCyano"}, {"is_complete": true, "task_id": "countCyano"}, {"is_complete": true, "task_id": "experimentsForSiteO"}, {"is_complete": true, "task_id": "visualModelO"}, {"is_complete": false, "task_id": "reportBack"}], "time_since_launch": 753.82}	145
"26080315294666024"	"AQUALAB"	"2026-08-03T09:12:20.905000+00:00"	"load_error"	{"server_time": "2026-08-03T04:12:20+00:00", "url": "https://fieldday-web.wcer.wisc.edu/wsgi-bin/opengamedata.wsgi/player/AccusingHutch/game/AQUALAB/state"}	"GAME"	"120"	"production"	"6"	"UTC+06:30"	"AccusingHutch"	{}	{"job_argumentation": 4, "job_experimentation": 1, "job_modeling": 1, "job_name": "turtle-danger", "money": 2320, "region": "BayouStation", "scene_type": "ship", "science_level": 3, "science_points": 240, "site": "ModelingFoyer", "task_list": [{"is_complete": true, "task_id": "scanCyano"}, {"is_complete": true, "task_id": "countCyano"}, {"is_complete": true, "task_id": "experimentsForSiteO"}, {"is_complete": true, "task_id": "visualModelO"}, {"is_complete": false, "task_id": "reportBack"}], "time_since_launch": 756.8}	146
"26080315294666024"	"AQUALAB"	"2026-08-03T09:12:24.879000+00:00"	"load_error"	{"server_time": "2026-08-03T04:12:24+00:00", "url": "https://fieldday-web.wcer.wisc.edu/wsgi-bin/opengamedata.wsgi/player/AccusingHutch/game/AQUALAB/state"}	"GAME"	"120"	"production"	"6"	"UTC+06:30"	"AccusingHutch"	{}	{"job_argumentation": 4, "job_experimentation": 1, "job_modeling": 1, "job_name": "turtle-danger", "money": 2320, "region": "BayouStation", "scene_type": "ship", "science_level": 3, "science_points": 240, "site": "ModelingFoyer", "task_list": [{"is_complete": true, "task_id": "scanCyano"}, {"is_complete": true, "task_id": "countCyano"}, {"is_complete": true, "task_id": "experimentsForSiteO"}, {"is_complete": true, "task_id": "visualModelO"}, {"is_complete": false, "task_id": "reportBack"}], "time_since_launch": 760.77}	147
"26080315294666024"	"AQUALAB"	"2026-08-03T09:12:29.187000+00:00"	"load_error"	{"server_time": "2026-08-03T04:12:29+00:00", "url": "https://fieldday-web.wcer.wisc.edu/wsgi-bin/opengamedata.wsgi/player/AccusingHutch/game/AQUALAB/state"}	"GAME"	"120"	"production"	"6"	"UTC+06:30"	"AccusingHutch"	{}	{"job_argumentation": 4, "job_experimentation": 1, "job_modeling": 1, "job_name": "turtle-danger", "money": 2320, "region": "BayouStation", "scene_type": "ship", "science_level": 3, "science_points": 240, "site": "ModelingFoyer", "task_list": [{"is_complete": true, "task_id": "scanCyano"}, {"is_complete": true, "task_id": "countCyano"}, {"is_complete": true, "task_id": "experimentsForSiteO"}, {"is_complete": true, "task_id": "visualModelO"}, {"is_complete": false, "task_id": "reportBack"}], "time_since_launch": 765.08}	148
"26080315294666024"	"AQUALAB"	"2026-08-03T09:12:32.863000+00:00"	"load_error"	{"server_time": "2026-08-03T04:12:32+00:00", "url": "https://fieldday-web.wcer.wisc.edu/wsgi-bin/opengamedata.wsgi/player/AccusingHutch/game/AQUALAB/state"}	"GAME"	"120"	"production"	"6"	"UTC+06:30"	"AccusingHutch"	{}	{"job_argumentation": 4, "job_experimentation": 1, "job_modeling": 1, "job_name": "turtle-danger", "money": 2320, "region": "BayouStation", "scene_type": "ship", "science_level": 3, "science_points": 240, "site": "ModelingFoyer", "task_list": [{"is_complete": true, "task_id": "scanCyano"}, {"is_complete": true, "task_id": "countCyano"}, {"is_complete": true, "task_id": "experimentsForSiteO"}, {"is_complete": true, "task_id": "visualModelO"}, {"is_complete": false, "task_id": "reportBack"}], "time_since_launch": 768.75}	149
"26080315294666024"	"AQUALAB"	"2026-08-03T09:12:37.123000+00:00"	"load_error"	{"server_time": "2026-08-03T04:12:37+00:00", "url": "https://fieldday-web.wcer.wisc.edu/wsgi-bin/opengamedata.wsgi/player/AccusingHutch/game/AQUALAB/state"}	"GAME"	"120"	"production"	"6"	"UTC+06:30"	"AccusingHutch"	{}	{"job_argumentation": 4, "job_experimentation": 1, "job_modeling": 1, "job_name": "turtle-danger", "money": 2320, "region": "BayouStation", "scene_type": "ship", "science_level": 3, "science_points": 240, "site": "ModelingFoyer", "task_list": [{"is_complete": true, "task_id": "scanCyano"}, {"is_complete": true, "task_id": "countCyano"}, {"is_complete": true, "task_id": "experimentsForSiteO"}, {"is_complete": true, "task_id": "visualModelO"}, {"is_complete": false, "task_id": "reportBack"}], "time_since_launch": 773.01}	150
"26080315294666024"	"AQUALAB"	"2026-08-03T09:12:40.849000+00:00"	"load_error"	{"server_time": "2026-08-03T04:12:40+00:00", "url": "https://fieldday-web.wcer.wisc.edu/wsgi-bin/opengamedata.wsgi/player/AccusingHutch/game/AQUALAB/state"}	"GAME"	"120"	"production"	"6"	"UTC+06:30"	"AccusingHutch"	{}	{"job_argumentation": 4, "job_experimentation": 1, "job_modeling": 1, "job_name": "turtle-danger", "money": 2320, "region": "BayouStation", "scene_type": "ship", "science_level": 3, "science_points": 240, "site": "ModelingFoyer", "task_list": [{"is_complete": true, "task_id": "scanCyano"}, {"is_complete": true, "task_id": "countCyano"}, {"is_complete": true, "task_id": "experimentsForSiteO"}, {"is_complete": true, "task_id": "visualModelO"}, {"is_complete": false, "task_id": "reportBack"}], "time_since_launch": 776.74}	151
"26080315294666024"	"AQUALAB"	"2026-08-03T09:12:45.059000+00:00"	"load_error"	{"server_time": "2026-08-03T04:12:45+00:00", "url": "https://fieldday-web.wcer.wisc.edu/wsgi-bin/opengamedata.wsgi/player/AccusingHutch/game/AQUALAB/state"}	"GAME"	"120"	"production"	"6"	"UTC+06:30"	"AccusingHutch"	{}	{"job_argumentation": 4, "job_experimentation": 1, "job_modeling": 1, "job_name": "turtle-danger", "money": 2320, "region": "BayouStation", "scene_type": "ship", "science_level": 3, "science_points": 240, "site": "ModelingFoyer", "task_list": [{"is_complete": true, "task_id": "scanCyano"}, {"is_complete": true, "task_id": "countCyano"}, {"is_complete": true, "task_id": "experimentsForSiteO"}, {"is_complete": true, "task_id": "visualModelO"}, {"is_complete": false, "task_id": "reportBack"}], "time_since_launch": 780.95}	152
"26080315294666024"	"AQUALAB"	"2026-08-03T09:12:48.734000+00:00"	"load_error"	{"server_time": "2026-08-03T04:12:48+00:00", "url": "https://fieldday-web.wcer.wisc.edu/wsgi-bin/opengamedata.wsgi/player/AccusingHutch/game/AQUALAB/state"}	"GAME"	"120"	"production"	"6"	"UTC+06:30"	"AccusingHutch"	{}	{"job_argumentation": 4, "job_experimentation": 1, "job_modeling": 1, "job_name": "turtle-danger", "money": 2320, "region": "BayouStation", "scene_type": "ship", "science_level": 3, "science_points": 240, "site": "ModelingFoyer", "task_list": [{"is_complete": true, "task_id": "scanCyano"}, {"is_complete": true, "task_id": "countCyano"}, {"is_complete": true, "task_id": "experimentsForSiteO"}, {"is_complete": true, "task_id": "visualModelO"}, {"is_complete": false, "task_id": "reportBack"}], "time_since_launch": 784.63}	153
"26080315294666024"	"AQUALAB"	"2026-08-03T09:12:53.044000+00:00"	"load_error"	{"server_time": "2026-08-03T04:12:53+00:00", "url": "https://fieldday-web.wcer.wisc.edu/wsgi-bin/opengamedata.wsgi/player/AccusingHutch/game/AQUALAB/state"}	"GAME"	"120"	"production"	"6"	"UTC+06:30"	"AccusingHutch"	{}	{"job_argumentation": 4, "job_experimentation": 1, "job_modeling": 1, "job_name": "turtle-danger", "money": 2320, "region": "BayouStation", "scene_type": "ship", "science_level": 3, "science_points": 240, "site": "ModelingFoyer", "task_list": [{"is_complete": true, "task_id": "scanCyano"}, {"is_complete": true, "task_id": "countCyano"}, {"is_complete": true, "task_id": "experimentsForSiteO"}, {"is_complete": true, "task_id": "visualModelO"}, {"is_complete": false, "task_id": "reportBack"}], "time_since_launch": 788.94}	154
"26080315294666024"	"AQUALAB"	"2026-08-03T09:12:53.744000+00:00"	"room_changed"	{"room_name": "Station", "server_time": "2026-08-03T04:12:53+00:00"}	"GAME"	"120"	"production"	"6"	"UTC+06:30"	"AccusingHutch"	{}	{"job_argumentation": 4, "job_experimentation": 1, "job_modeling": 1, "job_name": "turtle-danger", "money": 2320, "region": "BayouStation", "scene_type": "ship", "science_level": 3, "science_points": 240, "site": "ModelingFoyer", "task_list": [{"is_complete": true, "task_id": "scanCyano"}, {"is_complete": true, "task_id": "countCyano"}, {"is_complete": true, "task_id": "experimentsForSiteO"}, {"is_complete": true, "task_id": "visualModelO"}, {"is_complete": false, "task_id": "reportBack"}], "time_since_launch": 788.94}	155
"26080315294666024"	"AQUALAB"	"2026-08-03T09:12:53.746000+00:00"	"scene_changed"	{"scene_name": "RS-3O-StationInterior", "server_time": "2026-08-03T04:12:53+00:00"}	"GAME"	"120"	"production"	"6"	"UTC+06:30"	"AccusingHutch"	{}	{"job_argumentation": 4, "job_experimentation": 1, "job_modeling": 1, "job_name": "turtle-danger", "money": 2320, "region": "BayouStation", "scene_type": "ship", "science_level": 3, "science_points": 240, "site": "ModelingFoyer", "task_list": [{"is_complete": true, "task_id": "scanCyano"}, {"is_complete": true, "task_id": "countCyano"}, {"is_complete": true, "task_id": "experimentsForSiteO"}, {"is_complete": true, "task_id": "visualModelO"}, {"is_complete": false, "task_id": "reportBack"}], "time_since_launch": 789.64}	156
"26080315294666024"	"AQUALAB"	"2026-08-03T09:12:54.391000+00:00"	"load_error"	{"server_time": "2026-08-03T04:12:54+00:00", "url": "https://fieldday-web.wcer.wisc.edu/wsgi-bin/opengamedata.wsgi/player/AccusingHutch/game/AQUALAB/state"}	"GAME"	"120"	"production"	"6"	"UTC+06:30"	"AccusingHutch"	{}	{"job_argumentation": 4, "job_experimentation": 1, "job_modeling": 1, "job_name": "turtle-danger", "money": 2320, "region": "BayouStation", "scene_type": "station-interior", "science_level": 3, "science_points": 240, "site": "RS-Bayou", "task_list": [{"is_complete": true, "task_id": "scanCyano"}, {"is_complete": true, "task_id": "countCyano"}, {"is_complete": true, "task_id": "experimentsForSiteO"}, {"is_complete": true, "task_id": "visualModelO"}, {"is_complete": false, "task_id": "reportBack"}], "time_since_launch": 790.28}	157
"26080315294666024"	"AQUALAB"	"2026-08-03T09:12:55.995000+00:00"	"room_changed"	{"room_name": "JobGiver", "server_time": "2026-08-03T04:12:56+00:00"}	"GAME"	"120"	"production"	"6"	"UTC+06:30"	"AccusingHutch"	{}	{"job_argumentation": 4, "job_experimentation": 1, "job_modeling": 1, "job_name": "turtle-danger", "money": 2320, "region": "BayouStation", "scene_type": "station-interior", "science_level": 3, "science_points": 240, "site": "RS-Bayou", "task_list": [{"is_complete": true, "task_id": "scanCyano"}, {"is_complete": true, "task_id": "countCyano"}, {"is_complete": true, "task_id": "experimentsForSiteO"}, {"is_complete": true, "task_id": "visualModelO"}, {"is_complete": false, "task_id": "reportBack"}], "time_since_launch": 790.28}	158
"26080315294666024"	"AQUALAB"	"2026-08-03T09:12:56.873000+00:00"	"script_began"	{"node_id": "interior.job.bayou.jobGiver.hasJob.a", "server_time": "2026-08-03T04:12:56+00:00"}	"GAME"	"120"	"production"	"6"	"UTC+06:30"	"AccusingHutch"	{}	{"job_argumentation": 4, "job_experimentation": 1, "job_modeling": 1, "job_name": "turtle-danger", "money": 2320, "region": "BayouStation", "scene_type": "station-interior", "science_level": 3, "science_points": 240, "site": "RS-Bayou", "task_list": [{"is_complete": true, "task_id": "scanCyano"}, {"is_complete": true, "task_id": "countCyano"}, {"is_complete": true, "task_id": "experimentsForSiteO"}, {"is_complete": true, "task_id": "visualModelO"}, {"is_complete": false, "task_id": "reportBack"}], "time_since_launch": 792.76}	159
"26080315294666024"	"AQUALAB"	"2026-08-03T09:12:56.883000+00:00"	"script_line_displayed"	{"node_id": "interior.job.bayou.jobGiver.hasJob.a", "server_time": "2026-08-03T04:12:56+00:00", "speaker": "", "text_string": "Hey, got anything to report for your current job?"}	"GAME"	"120"	"production"	"6"	"UTC+06:30"	"AccusingHutch"	{}	{"job_argumentation": 4, "job_experimentation": 1, "job_modeling": 1, "job_name": "turtle-danger", "money": 2320, "region": "BayouStation", "scene_type": "station-interior", "science_level": 3, "science_points": 240, "site": "RS-Bayou", "task_list": [{"is_complete": true, "task_id": "scanCyano"}, {"is_complete": true, "task_id": "countCyano"}, {"is_complete": true, "task_id": "experimentsForSiteO"}, {"is_complete": true, "task_id": "visualModelO"}, {"is_complete": false, "task_id": "reportBack"}], "time_since_launch": 792.77}	160
"26080315294666024"	"AQUALAB"	"2026-08-03T09:12:58.694000+00:00"	"load_error"	{"server_time": "2026-08-03T04:12:58+00:00", "url": "https://fieldday-web.wcer.wisc.edu/wsgi-bin/opengamedata.wsgi/player/AccusingHutch/game/AQUALAB/state"}	"GAME"	"120"	"production"	"6"	"UTC+06:30"	"AccusingHutch"	{}	{"job_argumentation": 4, "job_experimentation": 1, "job_modeling": 1, "job_name": "turtle-danger", "money": 2320, "region": "BayouStation", "scene_type": "station-interior", "science_level": 3, "science_points": 240, "site": "RS-Bayou", "task_list": [{"is_complete": true, "task_id": "scanCyano"}, {"is_complete": true, "task_id": "countCyano"}, {"is_complete": true, "task_id": "experimentsForSiteO"}, {"is_complete": true, "task_id": "visualModelO"}, {"is_complete": false, "task_id": "reportBack"}], "time_since_launch": 794.59}	161
"26080315294666024"	"AQUALAB"	"2026-08-03T09:13:00.110000+00:00"	"script_began"	{"node_id": "job.turtle-danger.argue.showMe", "server_time": "2026-08-03T04:13:00+00:00"}	"GAME"	"120"	"production"	"6"	"UTC+06:30"	"AccusingHutch"	{}	{"job_argumentation": 4, "job_experimentation": 1, "job_modeling": 1, "job_name": "turtle-danger", "money": 2320, "region": "BayouStation", "scene_type": "station-interior", "science_level": 3, "science_points": 240, "site": "RS-Bayou", "task_list": [{"is_complete": true, "task_id": "scanCyano"}, {"is_complete": true, "task_id": "countCyano"}, {"is_complete": true, "task_id": "experimentsForSiteO"}, {"is_complete": true, "task_id": "visualModelO"}, {"is_complete": false, "task_id": "reportBack"}], "time_since_launch": 796}	162
"26080315294666024"	"AQUALAB"	"2026-08-03T09:13:00.139000+00:00"	"begin_argument"	{"server_time": "2026-08-03T04:13:00+00:00"}	"GAME"	"120"	"production"	"6"	"UTC+06:30"	"AccusingHutch"	{}	{"job_argumentation": 4, "job_experimentation": 1, "job_modeling": 1, "job_name": "turtle-danger", "money": 2320, "region": "BayouStation", "scene_type": "station-interior", "science_level": 3, "science_points": 240, "site": "RS-Bayou", "task_list": [{"is_complete": true, "task_id": "scanCyano"}, {"is_complete": true, "task_id": "countCyano"}, {"is_complete": true, "task_id": "experimentsForSiteO"}, {"is_complete": true, "task_id": "visualModelO"}, {"is_complete": false, "task_id": "reportBack"}], "time_since_launch": 796.03}	163
"26080315294666024"	"AQUALAB"	"2026-08-03T09:13:00.141000+00:00"	"script_line_displayed"	{"node_id": "job.turtle-danger.argue.showMe", "server_time": "2026-08-03T04:13:00+00:00", "speaker": "", "text_string": "What did you observe in Site O? Are the Loggerhead Turtles in danger?"}	"GAME"	"120"	"production"	"6"	"UTC+06:30"	"AccusingHutch"	{}	{"job_argumentation": 4, "job_experimentation": 1, "job_modeling": 1, "job_name": "turtle-danger", "money": 2320, "region": "BayouStation", "scene_type": "station-interior", "science_level": 3, "science_points": 240, "site": "RS-Bayou", "task_list": [{"is_complete": true, "task_id": "scanCyano"}, {"is_complete": true, "task_id": "countCyano"}, {"is_complete": true, "task_id": "experimentsForSiteO"}, {"is_complete": true, "task_id": "visualModelO"}, {"is_complete": false, "task_id": "reportBack"}], "time_since_launch": 796.03}	164
"26080315294666024"	"AQUALAB"	"2026-08-03T09:13:02.419000+00:00"	"load_error"	{"server_time": "2026-08-03T04:13:02+00:00", "url": "https://fieldday-web.wcer.wisc.edu/wsgi-bin/opengamedata.wsgi/player/AccusingHutch/game/AQUALAB/state"}	"GAME"	"120"	"production"	"6"	"UTC+06:30"	"AccusingHutch"	{}	{"job_argumentation": 4, "job_experimentation": 1, "job_modeling": 1, "job_name": "turtle-danger", "money": 2320, "region": "BayouStation", "scene_type": "station-interior", "science_level": 3, "science_points": 240, "site": "RS-Bayou", "task_list": [{"is_complete": true, "task_id": "scanCyano"}, {"is_complete": true, "task_id": "countCyano"}, {"is_complete": true, "task_id": "experimentsForSiteO"}, {"is_complete": true, "task_id": "visualModelO"}, {"is_complete": false, "task_id": "reportBack"}], "time_since_launch": 798.31}	165
"26080315294666024"	"AQUALAB"	"2026-08-03T09:13:05.450000+00:00"	"script_line_displayed"	{"node_id": "job.turtle-danger.argue.turtleSafe", "server_time": "2026-08-03T04:13:05+00:00", "speaker": "", "text_string": "Do you have a model that proves the turtles at Site O are safe?"}	"GAME"	"120"	"production"	"6"	"UTC+06:30"	"AccusingHutch"	{}	{"job_argumentation": 4, "job_experimentation": 1, "job_modeling": 1, "job_name": "turtle-danger", "money": 2320, "region": "BayouStation", "scene_type": "station-interior", "science_level": 3, "science_points": 240, "site": "RS-Bayou", "task_list": [{"is_complete": true, "task_id": "scanCyano"}, {"is_complete": true, "task_id": "countCyano"}, {"is_complete": true, "task_id": "experimentsForSiteO"}, {"is_complete": true, "task_id": "visualModelO"}, {"is_complete": false, "task_id": "reportBack"}], "time_since_launch": 801.34}	166
"26080315294666024"	"AQUALAB"	"2026-08-03T09:13:06.763000+00:00"	"load_error"	{"server_time": "2026-08-03T04:13:06+00:00", "url": "https://fieldday-web.wcer.wisc.edu/wsgi-bin/opengamedata.wsgi/player/AccusingHutch/game/AQUALAB/state"}	"GAME"	"120"	"production"	"6"	"UTC+06:30"	"AccusingHutch"	{}	{"job_argumentation": 4, "job_experimentation": 1, "job_modeling": 1, "job_name": "turtle-danger", "money": 2320, "region": "BayouStation", "scene_type": "station-interior", "science_level": 3, "science_points": 240, "site": "RS-Bayou", "task_list": [{"is_complete": true, "task_id": "scanCyano"}, {"is_complete": true, "task_id": "countCyano"}, {"is_complete": true, "task_id": "experimentsForSiteO"}, {"is_complete": true, "task_id": "visualModelO"}, {"is_complete": false, "task_id": "reportBack"}], "time_since_launch": 802.65}	167
"26080315294666024"	"AQUALAB"	"2026-08-03T09:13:08.409000+00:00"	"open_bestiary"	{"server_time": "2026-08-03T04:13:08+00:00"}	"GAME"	"120"	"production"	"6"	"UTC+06:30"	"AccusingHutch"	{}	{"job_argumentation": 4, "job_experimentation": 1, "job_modeling": 1, "job_name": "turtle-danger", "money": 2320, "region": "BayouStation", "scene_type": "station-interior", "science_level": 3, "science_points": 240, "site": "RS-Bayou", "task_list": [{"is_complete": true, "task_id": "scanCyano"}, {"is_complete": true, "task_id": "countCyano"}, {"is_complete": true, "task_id": "experimentsForSiteO"}, {"is_complete": true, "task_id": "visualModelO"}, {"is_complete": false, "task_id": "reportBack"}], "time_since_launch": 804.3}	168
"26080315294666024"	"AQUALAB"	"2026-08-03T09:13:08.409000+00:00"	"bestiary_open_environments_tab"	{"server_time": "2026-08-03T04:13:08+00:00"}	"GAME"	"120"	"production"	"6"	"UTC+06:30"	"AccusingHutch"	{}	{"job_argumentation": 4, "job_experimentation": 1, "job_modeling": 1, "job_name": "turtle-danger", "money": 2320, "region": "BayouStation", "scene_type": "station-interior", "science_level": 3, "science_points": 240, "site": "RS-Bayou", "task_list": [{"is_complete": true, "task_id": "scanCyano"}, {"is_complete": true, "task_id": "countCyano"}, {"is_complete": true, "task_id": "experimentsForSiteO"}, {"is_complete": true, "task_id": "visualModelO"}, {"is_complete": false, "task_id": "reportBack"}], "time_since_launch": 804.3}	169
"26080315294666024"	"AQUALAB"	"2026-08-03T09:13:10.455000+00:00"	"load_error"	{"server_time": "2026-08-03T04:13:10+00:00", "url": "https://fieldday-web.wcer.wisc.edu/wsgi-bin/opengamedata.wsgi/player/AccusingHutch/game/AQUALAB/state"}	"GAME"	"120"	"production"	"6"	"UTC+06:30"	"AccusingHutch"	{}	{"job_argumentation": 4, "job_experimentation": 1, "job_modeling": 1, "job_name": "turtle-danger", "money": 2320, "region": "BayouStation", "scene_type": "station-interior", "science_level": 3, "science_points": 240, "site": "RS-Bayou", "task_list": [{"is_complete": true, "task_id": "scanCyano"}, {"is_complete": true, "task_id": "countCyano"}, {"is_complete": true, "task_id": "experimentsForSiteO"}, {"is_complete": true, "task_id": "visualModelO"}, {"is_complete": false, "task_id": "reportBack"}], "time_since_launch": 806.35}	170
"26080315294666024"	"AQUALAB"	"2026-08-03T09:13:14.735000+00:00"	"load_error"	{"server_time": "2026-08-03T04:13:14+00:00", "url": "https://fieldday-web.wcer.wisc.edu/wsgi-bin/opengamedata.wsgi/player/AccusingHutch/game/AQUALAB/state"}	"GAME"	"120"	"production"	"6"	"UTC+06:30"	"AccusingHutch"	{}	{"job_argumentation": 4, "job_experimentation": 1, "job_modeling": 1, "job_name": "turtle-danger", "money": 2320, "region": "BayouStation", "scene_type": "station-interior", "science_level": 3, "science_points": 240, "site": "RS-Bayou", "task_list": [{"is_complete": true, "task_id": "scanCyano"}, {"is_complete": true, "task_id": "countCyano"}, {"is_complete": true, "task_id": "experimentsForSiteO"}, {"is_complete": true, "task_id": "visualModelO"}, {"is_complete": false, "task_id": "reportBack"}], "time_since_launch": 810.63}	171
"26080315294666024"	"AQUALAB"	"2026-08-03T09:13:18.442000+00:00"	"load_error"	{"server_time": "2026-08-03T04:13:18+00:00", "url": "https://fieldday-web.wcer.wisc.edu/wsgi-bin/opengamedata.wsgi/player/AccusingHutch/game/AQUALAB/state"}	"GAME"	"120"	"production"	"6"	"UTC+06:30"	"AccusingHutch"	{}	{"job_argumentation": 4, "job_experimentation": 1, "job_modeling": 1, "job_name": "turtle-danger", "money": 2320, "region": "BayouStation", "scene_type": "station-interior", "science_level": 3, "science_points": 240, "site": "RS-Bayou", "task_list": [{"is_complete": true, "task_id": "scanCyano"}, {"is_complete": true, "task_id": "countCyano"}, {"is_complete": true, "task_id": "experimentsForSiteO"}, {"is_complete": true, "task_id": "visualModelO"}, {"is_complete": false, "task_id": "reportBack"}], "time_since_launch": 814.33}	172
"26080315294666024"	"AQUALAB"	"2026-08-03T09:13:19.058000+00:00"	"close_bestiary"	{"server_time": "2026-08-03T04:13:18+00:00"}	"GAME"	"120"	"production"	"6"	"UTC+06:30"	"AccusingHutch"	{}	{"job_argumentation": 4, "job_experimentation": 1, "job_modeling": 1, "job_name": "turtle-danger", "money": 2320, "region": "BayouStation", "scene_type": "station-interior", "science_level": 3, "science_points": 240, "site": "RS-Bayou", "task_list": [{"is_complete": true, "task_id": "scanCyano"}, {"is_complete": true, "task_id": "countCyano"}, {"is_complete": true, "task_id": "experimentsForSiteO"}, {"is_complete": true, "task_id": "visualModelO"}, {"is_complete": false, "task_id": "reportBack"}], "time_since_launch": 814.95}	173
"26080315294666024"	"AQUALAB"	"2026-08-03T09:13:19.098000+00:00"	"fact_submitted"	{"fact_id": "O_OilRig.turtleDanger.Model.Visual", "server_time": "2026-08-03T04:13:19+00:00"}	"GAME"	"120"	"production"	"6"	"UTC+06:30"	"AccusingHutch"	{}	{"job_argumentation": 4, "job_experimentation": 1, "job_modeling": 1, "job_name": "turtle-danger", "money": 2320, "region": "BayouStation", "scene_type": "station-interior", "science_level": 3, "science_points": 240, "site": "RS-Bayou", "task_list": [{"is_complete": true, "task_id": "scanCyano"}, {"is_complete": true, "task_id": "countCyano"}, {"is_complete": true, "task_id": "experimentsForSiteO"}, {"is_complete": true, "task_id": "visualModelO"}, {"is_complete": false, "task_id": "reportBack"}], "time_since_launch": 814.99}	174
"26080315294666024"	"AQUALAB"	"2026-08-03T09:13:19.753000+00:00"	"complete_argument"	{"server_time": "2026-08-03T04:13:19+00:00"}	"GAME"	"120"	"production"	"6"	"UTC+06:30"	"AccusingHutch"	{}	{"job_argumentation": 4, "job_experimentation": 1, "job_modeling": 1, "job_name": "turtle-danger", "money": 2320, "region": "BayouStation", "scene_type": "station-interior", "science_level": 3, "science_points": 240, "site": "RS-Bayou", "task_list": [{"is_complete": true, "task_id": "scanCyano"}, {"is_complete": true, "task_id": "countCyano"}, {"is_complete": true, "task_id": "experimentsForSiteO"}, {"is_complete": true, "task_id": "visualModelO"}, {"is_complete": false, "task_id": "reportBack"}], "time_since_launch": 815.64}	175
"26080315294666024"	"AQUALAB"	"2026-08-03T09:13:19.754000+00:00"	"script_line_displayed"	{"node_id": "job.turtle-danger.argue.complete", "server_time": "2026-08-03T04:13:19+00:00", "speaker": "", "text_string": "Hmm. It appears the turtles aren't in danger here."}	"GAME"	"120"	"production"	"6"	"UTC+06:30"	"AccusingHutch"	{}	{"job_argumentation": 4, "job_experimentation": 1, "job_modeling": 1, "job_name": "turtle-danger", "money": 2320, "region": "BayouStation", "scene_type": "station-interior", "science_level": 3, "science_points": 240, "site": "RS-Bayou", "task_list": [{"is_complete": true, "task_id": "scanCyano"}, {"is_complete": true, "task_id": "countCyano"}, {"is_complete": true, "task_id": "experimentsForSiteO"}, {"is_complete": true, "task_id": "visualModelO"}, {"is_complete": false, "task_id": "reportBack"}], "time_since_launch": 815.65}	176
"26080315294666024"	"AQUALAB"	"2026-08-03T09:13:21.556000+00:00"	"script_line_displayed"	{"node_id": "job.turtle-danger.argue.complete", "server_time": "2026-08-03T04:13:21+00:00", "speaker": "", "text_string": "But if we want to know for certain, we'll need to make a descriptive model using historic population data."}	"GAME"	"120"	"production"	"6"	"UTC+06:30"	"AccusingHutch"	{}	{"job_argumentation": 4, "job_experimentation": 1, "job_modeling": 1, "job_name": "turtle-danger", "money": 2320, "region": "BayouStation", "scene_type": "station-interior", "science_level": 3, "science_points": 240, "site": "RS-Bayou", "task_list": [{"is_complete": true, "task_id": "scanCyano"}, {"is_complete": true, "task_id": "countCyano"}, {"is_complete": true, "task_id": "experimentsForSiteO"}, {"is_complete": true, "task_id": "visualModelO"}, {"is_complete": false, "task_id": "reportBack"}], "time_since_launch": 817.45}	177
"26080315294666024"	"AQUALAB"	"2026-08-03T09:13:22.752000+00:00"	"load_error"	{"server_time": "2026-08-03T04:13:22+00:00", "url": "https://fieldday-web.wcer.wisc.edu/wsgi-bin/opengamedata.wsgi/player/AccusingHutch/game/AQUALAB/state"}	"GAME"	"120"	"production"	"6"	"UTC+06:30"	"AccusingHutch"	{}	{"job_argumentation": 4, "job_experimentation": 1, "job_modeling": 1, "job_name": "turtle-danger", "money": 2320, "region": "BayouStation", "scene_type": "station-interior", "science_level": 3, "science_points": 240, "site": "RS-Bayou", "task_list": [{"is_complete": true, "task_id": "scanCyano"}, {"is_complete": true, "task_id": "countCyano"}, {"is_complete": true, "task_id": "experimentsForSiteO"}, {"is_complete": true, "task_id": "visualModelO"}, {"is_complete": false, "task_id": "reportBack"}], "time_since_launch": 818.64}	178
"26080315294666024"	"AQUALAB"	"2026-08-03T09:13:25.010000+00:00"	"script_line_displayed"	{"node_id": "job.turtle-danger.argue.complete", "server_time": "2026-08-03T04:13:25+00:00", "speaker": "", "text_string": "Thank you, Ollie. Your work was adequate."}	"GAME"	"120"	"production"	"6"	"UTC+06:30"	"AccusingHutch"	{}	{"job_argumentation": 4, "job_experimentation": 1, "job_modeling": 1, "job_name": "turtle-danger", "money": 2320, "region": "BayouStation", "scene_type": "station-interior", "science_level": 3, "science_points": 240, "site": "RS-Bayou", "task_list": [{"is_complete": true, "task_id": "scanCyano"}, {"is_complete": true, "task_id": "countCyano"}, {"is_complete": true, "task_id": "experimentsForSiteO"}, {"is_complete": true, "task_id": "visualModelO"}, {"is_complete": false, "task_id": "reportBack"}], "time_since_launch": 820.9}	179
"26080315294666024"	"AQUALAB"	"2026-08-03T09:13:26.536000+00:00"	"load_error"	{"server_time": "2026-08-03T04:13:26+00:00", "url": "https://fieldday-web.wcer.wisc.edu/wsgi-bin/opengamedata.wsgi/player/AccusingHutch/game/AQUALAB/state"}	"GAME"	"120"	"production"	"6"	"UTC+06:30"	"AccusingHutch"	{}	{"job_argumentation": 4, "job_experimentation": 1, "job_modeling": 1, "job_name": "turtle-danger", "money": 2320, "region": "BayouStation", "scene_type": "station-interior", "science_level": 3, "science_points": 240, "site": "RS-Bayou", "task_list": [{"is_complete": true, "task_id": "scanCyano"}, {"is_complete": true, "task_id": "countCyano"}, {"is_complete": true, "task_id": "experimentsForSiteO"}, {"is_complete": true, "task_id": "visualModelO"}, {"is_complete": false, "task_id": "reportBack"}], "time_since_launch": 822.43}	180
"26080315294666024"	"AQUALAB"	"2026-08-03T09:13:26.669000+00:00"	"script_line_displayed"	{"node_id": "job.turtle-danger.argue.complete", "server_time": "2026-08-03T04:13:26+00:00", "speaker": "", "text_string": "Ha. I think you and my A.I. would get along great."}	"GAME"	"120"	"production"	"6"	"UTC+06:30"	"AccusingHutch"	{}	{"job_argumentation": 4, "job_experimentation": 1, "job_modeling": 1, "job_name": "turtle-danger", "money": 2320, "region": "BayouStation", "scene_type": "station-interior", "science_level": 3, "science_points": 240, "site": "RS-Bayou", "task_list": [{"is_complete": true, "task_id": "scanCyano"}, {"is_complete": true, "task_id": "countCyano"}, {"is_complete": true, "task_id": "experimentsForSiteO"}, {"is_complete": true, "task_id": "visualModelO"}, {"is_complete": false, "task_id": "reportBack"}], "time_since_launch": 822.56}	181
"26080315294666024"	"AQUALAB"	"2026-08-03T09:13:29.942000+00:00"	"script_line_displayed"	{"node_id": "job.turtle-danger.argue.complete", "server_time": "2026-08-03T04:13:29+00:00", "speaker": "", "text_string": "\u00bfC\u00f3mo?"}	"GAME"	"120"	"production"	"6"	"UTC+06:30"	"AccusingHutch"	{}	{"job_argumentation": 4, "job_experimentation": 1, "job_modeling": 1, "job_name": "turtle-danger", "money": 2320, "region": "BayouStation", "scene_type": "station-interior", "science_level": 3, "science_points": 240, "site": "RS-Bayou", "task_list": [{"is_complete": true, "task_id": "scanCyano"}, {"is_complete": true, "task_id": "countCyano"}, {"is_complete": true, "task_id": "experimentsForSiteO"}, {"is_complete": true, "task_id": "visualModelO"}, {"is_complete": false, "task_id": "reportBack"}], "time_since_launch": 825.83}	182
"26080315294666024"	"AQUALAB"	"2026-08-03T09:13:30.794000+00:00"	"script_line_displayed"	{"node_id": "job.turtle-danger.argue.complete", "server_time": "2026-08-03T04:13:30+00:00", "speaker": "", "text_string": "Oh, uh, nothing. Happy to help, Professor."}	"GAME"	"120"	"production"	"6"	"UTC+06:30"	"AccusingHutch"	{}	{"job_argumentation": 4, "job_experimentation": 1, "job_modeling": 1, "job_name": "turtle-danger", "money": 2320, "region": "BayouStation", "scene_type": "station-interior", "science_level": 3, "science_points": 240, "site": "RS-Bayou", "task_list": [{"is_complete": true, "task_id": "scanCyano"}, {"is_complete": true, "task_id": "countCyano"}, {"is_complete": true, "task_id": "experimentsForSiteO"}, {"is_complete": true, "task_id": "visualModelO"}, {"is_complete": false, "task_id": "reportBack"}], "time_since_launch": 826.69}	183
"26080315294666024"	"AQUALAB"	"2026-08-03T09:13:32.499000+00:00"	"complete_job"	{"job_name": "turtle-danger", "server_time": "2026-08-03T04:13:32+00:00"}	"GAME"	"120"	"production"	"6"	"UTC+06:30"	"AccusingHutch"	{}	{"job_argumentation": 4, "job_experimentation": 1, "job_modeling": 1, "job_name": "turtle-danger", "money": 2420, "region": "BayouStation", "scene_type": "station-interior", "science_level": 3, "science_points": 245, "site": "RS-Bayou", "task_list": [{"is_complete": true, "task_id": "scanCyano"}, {"is_complete": true, "task_id": "countCyano"}, {"is_complete": true, "task_id": "experimentsForSiteO"}, {"is_complete": true, "task_id": "visualModelO"}, {"is_complete": false, "task_id": "reportBack"}], "time_since_launch": 828.39}	184
"26080315294666024"	"AQUALAB"	"2026-08-03T09:13:32.500000+00:00"	"switch_job"	{"prev_job_name": "turtle-danger", "server_time": "2026-08-03T04:13:32+00:00"}	"GAME"	"120"	"production"	"6"	"UTC+06:30"	"AccusingHutch"	{}	{"job_argumentation": -1, "job_experimentation": 1, "job_modeling": -1, "job_name": "no-active-job", "money": 2420, "region": "BayouStation", "scene_type": "station-interior", "science_level": 3, "science_points": 245, "site": "RS-Bayou", "task_list": [], "time_since_launch": 828.39}	185
"26080315294666024"	"AQUALAB"	"2026-08-03T09:13:32.600000+00:00"	"leave_argument"	{"server_time": "2026-08-03T04:13:32+00:00"}	"GAME"	"120"	"production"	"6"	"UTC+06:30"	"AccusingHutch"	{}	{"job_argumentation": -1, "job_experimentation": 1, "job_modeling": -1, "job_name": "no-active-job", "money": 2420, "region": "BayouStation", "scene_type": "station-interior", "science_level": 3, "science_points": 245, "site": "RS-Bayou", "task_list": [], "time_since_launch": 828.49}	186
"26080315294666024"	"AQUALAB"	"2026-08-03T09:14:12.607000+00:00"	"survey_submitted"	{"display_event_id": "affective", "package_config_id": "winter2025_v1", "responses": [{"prompt": "How are you feeling right now?", "response": "Happy"}, {"prompt": "Why are you feeling that way?", "response": "I just figured something out"}], "server_time": "2026-08-03T04:14:13+00:00"}	"GAME"	"120"	"production"	"6"	"UTC+06:30"	"AccusingHutch"	{}	{"job_argumentation": -1, "job_experimentation": 1, "job_modeling": -1, "job_name": "no-active-job", "money": 2420, "region": "BayouStation", "scene_type": "station-interior", "science_level": 3, "science_points": 245, "site": "RS-Bayou", "task_list": [], "time_since_launch": 828.49}	187
"26080315294666024"	"AQUALAB"	"2026-08-03T09:14:14.226000+00:00"	"load_error"	{"server_time": "2026-08-03T04:14:14+00:00", "url": "https://fieldday-web.wcer.wisc.edu/wsgi-bin/opengamedata.wsgi/player/AccusingHutch/game/AQUALAB/state"}	"GAME"	"120"	"production"	"6"	"UTC+06:30"	"AccusingHutch"	{}	{"job_argumentation": -1, "job_experimentation": 1, "job_modeling": -1, "job_name": "no-active-job", "money": 2420, "region": "BayouStation", "scene_type": "station-interior", "science_level": 3, "science_points": 245, "site": "RS-Bayou", "task_list": [], "time_since_launch": 870.12}	188
"26080315294666024"	"AQUALAB"	"2026-08-03T09:14:14.585000+00:00"	"room_changed"	{"room_name": "Station", "server_time": "2026-08-03T04:14:14+00:00"}	"GAME"	"120"	"production"	"6"	"UTC+06:30"	"AccusingHutch"	{}	{"job_argumentation": -1, "job_experimentation": 1, "job_modeling": -1, "job_name": "no-active-job", "money": 2420, "region": "BayouStation", "scene_type": "station-interior", "science_level": 3, "science_points": 245, "site": "RS-Bayou", "task_list": [], "time_since_launch": 870.12}	189
"26080315294666024"	"AQUALAB"	"2026-08-03T09:14:15.411000+00:00"	"room_changed"	{"room_name": "JobGiver", "server_time": "2026-08-03T04:14:15+00:00"}	"GAME"	"120"	"production"	"6"	"UTC+06:30"	"AccusingHutch"	{}	{"job_argumentation": -1, "job_experimentation": 1, "job_modeling": -1, "job_name": "no-active-job", "money": 2420, "region": "BayouStation", "scene_type": "station-interior", "science_level": 3, "science_points": 245, "site": "RS-Bayou", "task_list": [], "time_since_launch": 870.48}	190
"26080315294666024"	"AQUALAB"	"2026-08-03T09:14:16.248000+00:00"	"script_began"	{"node_id": "interior.job.bayou.jobGiver.noJob.a", "server_time": "2026-08-03T04:14:16+00:00"}	"GAME"	"120"	"production"	"6"	"UTC+06:30"	"AccusingHutch"	{}	{"job_argumentation": -1, "job_experimentation": 1, "job_modeling": -1, "job_name": "no-active-job", "money": 2420, "region": "BayouStation", "scene_type": "station-interior", "science_level": 3, "science_points": 245, "site": "RS-Bayou", "task_list": [], "time_since_launch": 872.14}	191
"26080315294666024"	"AQUALAB"	"2026-08-03T09:14:16.255000+00:00"	"script_line_displayed"	{"node_id": "interior.job.bayou.jobGiver.noJob.a", "server_time": "2026-08-03T04:14:16+00:00", "speaker": "", "text_string": "Hey, want to see the Job Board?"}	"GAME"	"120"	"production"	"6"	"UTC+06:30"	"AccusingHutch"	{}	{"job_argumentation": -1, "job_experimentation": 1, "job_modeling": -1, "job_name": "no-active-job", "money": 2420, "region": "BayouStation", "scene_type": "station-interior", "science_level": 3, "science_points": 245, "site": "RS-Bayou", "task_list": [], "time_since_launch": 872.15}	192
"26080315294666024"	"AQUALAB"	"2026-08-03T09:14:17.934000+00:00"	"load_error"	{"server_time": "2026-08-03T04:14:17+00:00", "url": "https://fieldday-web.wcer.wisc.edu/wsgi-bin/opengamedata.wsgi/player/AccusingHutch/game/AQUALAB/state"}	"GAME"	"120"	"production"	"6"	"UTC+06:30"	"AccusingHutch"	{}	{"job_argumentation": -1, "job_experimentation": 1, "job_modeling": -1, "job_name": "no-active-job", "money": 2420, "region": "BayouStation", "scene_type": "station-interior", "science_level": 3, "science_points": 245, "site": "RS-Bayou", "task_list": [], "time_since_launch": 873.82}	193
"26080315294666024"	"AQUALAB"	"2026-08-03T09:14:22.135000+00:00"	"load_error"	{"server_time": "2026-08-03T04:14:22+00:00", "url": "https://fieldday-web.wcer.wisc.edu/wsgi-bin/opengamedata.wsgi/player/AccusingHutch/game/AQUALAB/state"}	"GAME"	"120"	"production"	"6"	"UTC+06:30"	"AccusingHutch"	{}	{"job_argumentation": -1, "job_experimentation": 1, "job_modeling": -1, "job_name": "no-active-job", "money": 2420, "region": "BayouStation", "scene_type": "station-interior", "science_level": 3, "science_points": 245, "site": "RS-Bayou", "task_list": [], "time_since_launch": 878.03}	194
"26080315294666024"	"AQUALAB"	"2026-08-03T09:14:25.089000+00:00"	"switch_job"	{"prev_job_name": "no-active-job", "server_time": "2026-08-03T04:14:25+00:00"}	"GAME"	"120"	"production"	"6"	"UTC+06:30"	"AccusingHutch"	{}	{"job_argumentation": 1, "job_experimentation": 5, "job_modeling": 0, "job_name": "bayou-blue-waters", "money": 2420, "region": "BayouStation", "scene_type": "station-interior", "science_level": 3, "science_points": 245, "site": "RS-Bayou", "task_list": [{"is_complete": true, "task_id": "findGreen"}, {"is_complete": true, "task_id": "countGreen"}, {"is_complete": true, "task_id": "stressCB"}, {"is_complete": false, "task_id": "measureEffect"}, {"is_complete": true, "task_id": "measureReproduce"}, {"is_complete": false, "task_id": "reportBack"}], "time_since_launch": 880.98}	195
"26080315294666024"	"AQUALAB"	"2026-08-03T09:14:25.768000+00:00"	"load_error"	{"server_time": "2026-08-03T04:14:25+00:00", "url": "https://fieldday-web.wcer.wisc.edu/wsgi-bin/opengamedata.wsgi/player/AccusingHutch/game/AQUALAB/state"}	"GAME"	"120"	"production"	"6"	"UTC+06:30"	"AccusingHutch"	{}	{"job_argumentation": 1, "job_experimentation": 5, "job_modeling": 0, "job_name": "bayou-blue-waters", "money": 2420, "region": "BayouStation", "scene_type": "station-interior", "science_level": 3, "science_points": 245, "site": "RS-Bayou", "task_list": [{"is_complete": true, "task_id": "findGreen"}, {"is_complete": true, "task_id": "countGreen"}, {"is_complete": true, "task_id": "stressCB"}, {"is_complete": false, "task_id": "measureEffect"}, {"is_complete": true, "task_id": "measureReproduce"}, {"is_complete": false, "task_id": "reportBack"}], "time_since_launch": 881.66}	196
"26080315294666024"	"AQUALAB"	"2026-08-03T09:14:28.568000+00:00"	"open_status"	{"server_time": "2026-08-03T04:14:28+00:00"}	"GAME"	"120"	"production"	"6"	"UTC+06:30"	"AccusingHutch"	{}	{"job_argumentation": 1, "job_experimentation": 5, "job_modeling": 0, "job_name": "bayou-blue-waters", "money": 2420, "region": "BayouStation", "scene_type": "station-interior", "science_level": 3, "science_points": 245, "site": "RS-Bayou", "task_list": [{"is_complete": true, "task_id": "findGreen"}, {"is_complete": true, "task_id": "countGreen"}, {"is_complete": true, "task_id": "stressCB"}, {"is_complete": false, "task_id": "measureEffect"}, {"is_complete": true, "task_id": "measureReproduce"}, {"is_complete": false, "task_id": "reportBack"}], "time_since_launch": 884.46}	197
"26080315294666024"	"AQUALAB"	"2026-08-03T09:14:28.568000+00:00"	"status_open_job_tab"	{"server_time": "2026-08-03T04:14:28+00:00"}	"GAME"	"120"	"production"	"6"	"UTC+06:30"	"AccusingHutch"	{}	{"job_argumentation": 1, "job_experimentation": 5, "job_modeling": 0, "job_name": "bayou-blue-waters", "money": 2420, "region": "BayouStation", "scene_type": "station-interior", "science_level": 3, "science_points": 245, "site": "RS-Bayou", "task_list": [{"is_complete": true, "task_id": "findGreen"}, {"is_complete": true, "task_id": "countGreen"}, {"is_complete": true, "task_id": "stressCB"}, {"is_complete": false, "task_id": "measureEffect"}, {"is_complete": true, "task_id": "measureReproduce"}, {"is_complete": false, "task_id": "reportBack"}], "time_since_launch": 884.46}	198
"26080315294666024"	"AQUALAB"	"2026-08-03T09:14:28.568000+00:00"	"status_open_job_tab"	{"server_time": "2026-08-03T04:14:28+00:00"}	"GAME"	"120"	"production"	"6"	"UTC+06:30"	"AccusingHutch"	{}	{"job_argumentation": 1, "job_experimentation": 5, "job_modeling": 0, "job_name": "bayou-blue-waters", "money": 2420, "region": "BayouStation", "scene_type": "station-interior", "science_level": 3, "science_points": 245, "site": "RS-Bayou", "task_list": [{"is_complete": true, "task_id": "findGreen"}, {"is_complete": true, "task_id": "countGreen"}, {"is_complete": true, "task_id": "stressCB"}, {"is_complete": false, "task_id": "measureEffect"}, {"is_complete": true, "task_id": "measureReproduce"}, {"is_complete": false, "task_id": "reportBack"}], "time_since_launch": 884.46}	199
"26080315294666024"	"AQUALAB"	"2026-08-03T09:14:30.014000+00:00"	"load_error"	{"server_time": "2026-08-03T04:14:30+00:00", "url": "https://fieldday-web.wcer.wisc.edu/wsgi-bin/opengamedata.wsgi/player/AccusingHutch/game/AQUALAB/state"}	"GAME"	"120"	"production"	"6"	"UTC+06:30"	"AccusingHutch"	{}	{"job_argumentation": 1, "job_experimentation": 5, "job_modeling": 0, "job_name": "bayou-blue-waters", "money": 2420, "region": "BayouStation", "scene_type": "station-interior", "science_level": 3, "science_points": 245, "site": "RS-Bayou", "task_list": [{"is_complete": true, "task_id": "findGreen"}, {"is_complete": true, "task_id": "countGreen"}, {"is_complete": true, "task_id": "stressCB"}, {"is_complete": false, "task_id": "measureEffect"}, {"is_complete": true, "task_id": "measureReproduce"}, {"is_complete": false, "task_id": "reportBack"}], "time_since_launch": 885.9}	200
"26080315294666024"	"AQUALAB"	"2026-08-03T09:14:33.085000+00:00"	"close_status"	{"server_time": "2026-08-03T04:14:33+00:00"}	"GAME"	"120"	"production"	"6"	"UTC+06:30"	"AccusingHutch"	{}	{"job_argumentation": 1, "job_experimentation": 5, "job_modeling": 0, "job_name": "bayou-blue-waters", "money": 2420, "region": "BayouStation", "scene_type": "station-interior", "science_level": 3, "science_points": 245, "site": "RS-Bayou", "task_list": [{"is_complete": true, "task_id": "findGreen"}, {"is_complete": true, "task_id": "countGreen"}, {"is_complete": true, "task_id": "stressCB"}, {"is_complete": false, "task_id": "measureEffect"}, {"is_complete": true, "task_id": "measureReproduce"}, {"is_complete": false, "task_id": "reportBack"}], "time_since_launch": 888.98}	201
"26080315294666024"	"AQUALAB"	"2026-08-03T09:14:33.714000+00:00"	"load_error"	{"server_time": "2026-08-03T04:14:33+00:00", "url": "https://fieldday-web.wcer.wisc.edu/wsgi-bin/opengamedata.wsgi/player/AccusingHutch/game/AQUALAB/state"}	"GAME"	"120"	"production"	"6"	"UTC+06:30"	"AccusingHutch"	{}	{"job_argumentation": 1, "job_experimentation": 5, "job_modeling": 0, "job_name": "bayou-blue-waters", "money": 2420, "region": "BayouStation", "scene_type": "station-interior", "science_level": 3, "science_points": 245, "site": "RS-Bayou", "task_list": [{"is_complete": true, "task_id": "findGreen"}, {"is_complete": true, "task_id": "countGreen"}, {"is_complete": true, "task_id": "stressCB"}, {"is_complete": false, "task_id": "measureEffect"}, {"is_complete": true, "task_id": "measureReproduce"}, {"is_complete": false, "task_id": "reportBack"}], "time_since_launch": 889.6}	202
"26080315294666024"	"AQUALAB"	"2026-08-03T09:14:38.183000+00:00"	"load_error"	{"server_time": "2026-08-03T04:14:38+00:00", "url": "https://fieldday-web.wcer.wisc.edu/wsgi-bin/opengamedata.wsgi/player/AccusingHutch/game/AQUALAB/state"}	"GAME"	"120"	"production"	"6"	"UTC+06:30"	"AccusingHutch"	{}	{"job_argumentation": 1, "job_experimentation": 5, "job_modeling": 0, "job_name": "bayou-blue-waters", "money": 2420, "region": "BayouStation", "scene_type": "station-interior", "science_level": 3, "science_points": 245, "site": "RS-Bayou", "task_list": [{"is_complete": true, "task_id": "findGreen"}, {"is_complete": true, "task_id": "countGreen"}, {"is_complete": true, "task_id": "stressCB"}, {"is_complete": false, "task_id": "measureEffect"}, {"is_complete": true, "task_id": "measureReproduce"}, {"is_complete": false, "task_id": "reportBack"}], "time_since_launch": 894.07}	203
"26080315294666024"	"AQUALAB"	"2026-08-03T09:14:39.481000+00:00"	"room_changed"	{"room_name": "Station", "server_time": "2026-08-03T04:14:39+00:00"}	"GAME"	"120"	"production"	"6"	"UTC+06:30"	"AccusingHutch"	{}	{"job_argumentation": 1, "job_experimentation": 5, "job_modeling": 0, "job_name": "bayou-blue-waters", "money": 2420, "region": "BayouStation", "scene_type": "station-interior", "science_level": 3, "science_points": 245, "site": "RS-Bayou", "task_list": [{"is_complete": true, "task_id": "findGreen"}, {"is_complete": true, "task_id": "countGreen"}, {"is_complete": true, "task_id": "stressCB"}, {"is_complete": false, "task_id": "measureEffect"}, {"is_complete": true, "task_id": "measureReproduce"}, {"is_complete": false, "task_id": "reportBack"}], "time_since_launch": 894.07}	204
"26080315294666024"	"AQUALAB"	"2026-08-03T09:14:41.907000+00:00"	"load_error"	{"server_time": "2026-08-03T04:14:41+00:00", "url": "https://fieldday-web.wcer.wisc.edu/wsgi-bin/opengamedata.wsgi/player/AccusingHutch/game/AQUALAB/state"}	"GAME"	"120"	"production"	"6"	"UTC+06:30"	"AccusingHutch"	{}	{"job_argumentation": 1, "job_experimentation": 5, "job_modeling": 0, "job_name": "bayou-blue-waters", "money": 2420, "region": "BayouStation", "scene_type": "station-interior", "science_level": 3, "science_points": 245, "site": "RS-Bayou", "task_list": [{"is_complete": true, "task_id": "findGreen"}, {"is_complete": true, "task_id": "countGreen"}, {"is_complete": true, "task_id": "stressCB"}, {"is_complete": false, "task_id": "measureEffect"}, {"is_complete": true, "task_id": "measureReproduce"}, {"is_complete": false, "task_id": "reportBack"}], "time_since_launch": 897.8}	205
"26080315294666024"	"AQUALAB"	"2026-08-03T09:14:46.192000+00:00"	"load_error"	{"server_time": "2026-08-03T04:14:46+00:00", "url": "https://fieldday-web.wcer.wisc.edu/wsgi-bin/opengamedata.wsgi/player/AccusingHutch/game/AQUALAB/state"}	"GAME"	"120"	"production"	"6"	"UTC+06:30"	"AccusingHutch"	{}	{"job_argumentation": 1, "job_experimentation": 5, "job_modeling": 0, "job_name": "bayou-blue-waters", "money": 2420, "region": "BayouStation", "scene_type": "station-interior", "science_level": 3, "science_points": 245, "site": "RS-Bayou", "task_list": [{"is_complete": true, "task_id": "findGreen"}, {"is_complete": true, "task_id": "countGreen"}, {"is_complete": true, "task_id": "stressCB"}, {"is_complete": false, "task_id": "measureEffect"}, {"is_complete": true, "task_id": "measureReproduce"}, {"is_complete": false, "task_id": "reportBack"}], "time_since_launch": 902.08}	206
"26080315294666024"	"AQUALAB"	"2026-08-03T09:14:50.156000+00:00"	"scene_changed"	{"scene_name": "BayouStation", "server_time": "2026-08-03T04:14:50+00:00"}	"GAME"	"120"	"production"	"6"	"UTC+06:30"	"AccusingHutch"	{}	{"job_argumentation": 1, "job_experimentation": 5, "job_modeling": 0, "job_name": "bayou-blue-waters", "money": 2420, "region": "BayouStation", "scene_type": "station-interior", "science_level": 3, "science_points": 245, "site": "RS-Bayou", "task_list": [{"is_complete": true, "task_id": "findGreen"}, {"is_complete": true, "task_id": "countGreen"}, {"is_complete": true, "task_id": "stressCB"}, {"is_complete": false, "task_id": "measureEffect"}, {"is_complete": true, "task_id": "measureReproduce"}, {"is_complete": false, "task_id": "reportBack"}], "time_since_launch": 902.08}	207
"26080315294666024"	"AQUALAB"	"2026-08-03T09:14:50.780000+00:00"	"load_error"	{"server_time": "2026-08-03T04:14:50+00:00", "url": "https://fieldday-web.wcer.wisc.edu/wsgi-bin/opengamedata.wsgi/player/AccusingHutch/game/AQUALAB/state"}	"GAME"	"120"	"production"	"6"	"UTC+06:30"	"AccusingHutch"	{}	{"job_argumentation": 1, "job_experimentation": 5, "job_modeling": 0, "job_name": "bayou-blue-waters", "money": 2420, "region": "BayouStation", "scene_type": "surface", "science_level": 3, "science_points": 245, "site": "BayouStation", "task_list": [{"is_complete": true, "task_id": "findGreen"}, {"is_complete": true, "task_id": "countGreen"}, {"is_complete": true, "task_id": "stressCB"}, {"is_complete": false, "task_id": "measureEffect"}, {"is_complete": true, "task_id": "measureReproduce"}, {"is_complete": false, "task_id": "reportBack"}], "time_since_launch": 906.67}	208
"26080315294666024"	"AQUALAB"	"2026-08-03T09:14:55.089000+00:00"	"load_error"	{"server_time": "2026-08-03T04:14:55+00:00", "url": "https://fieldday-web.wcer.wisc.edu/wsgi-bin/opengamedata.wsgi/player/AccusingHutch/game/AQUALAB/state"}	"GAME"	"120"	"production"	"6"	"UTC+06:30"	"AccusingHutch"	{}	{"job_argumentation": 1, "job_experimentation": 5, "job_modeling": 0, "job_name": "bayou-blue-waters", "money": 2420, "region": "BayouStation", "scene_type": "surface", "science_level": 3, "science_points": 245, "site": "BayouStation", "task_list": [{"is_complete": true, "task_id": "findGreen"}, {"is_complete": true, "task_id": "countGreen"}, {"is_complete": true, "task_id": "stressCB"}, {"is_complete": false, "task_id": "measureEffect"}, {"is_complete": true, "task_id": "measureReproduce"}, {"is_complete": false, "task_id": "reportBack"}], "time_since_launch": 910.98}	209
"26080315294666024"	"AQUALAB"	"2026-08-03T09:14:58.714000+00:00"	"load_error"	{"server_time": "2026-08-03T04:14:58+00:00", "url": "https://fieldday-web.wcer.wisc.edu/wsgi-bin/opengamedata.wsgi/player/AccusingHutch/game/AQUALAB/state"}	"GAME"	"120"	"production"	"6"	"UTC+06:30"	"AccusingHutch"	{}	{"job_argumentation": 1, "job_experimentation": 5, "job_modeling": 0, "job_name": "bayou-blue-waters", "money": 2420, "region": "BayouStation", "scene_type": "surface", "science_level": 3, "science_points": 245, "site": "BayouStation", "task_list": [{"is_complete": true, "task_id": "findGreen"}, {"is_complete": true, "task_id": "countGreen"}, {"is_complete": true, "task_id": "stressCB"}, {"is_complete": false, "task_id": "measureEffect"}, {"is_complete": true, "task_id": "measureReproduce"}, {"is_complete": false, "task_id": "reportBack"}], "time_since_launch": 914.61}	210
"26080315294666024"	"AQUALAB"	"2026-08-03T09:15:02.994000+00:00"	"load_error"	{"server_time": "2026-08-03T04:15:03+00:00", "url": "https://fieldday-web.wcer.wisc.edu/wsgi-bin/opengamedata.wsgi/player/AccusingHutch/game/AQUALAB/state"}	"GAME"	"120"	"production"	"6"	"UTC+06:30"	"AccusingHutch"	{}	{"job_argumentation": 1, "job_experimentation": 5, "job_modeling": 0, "job_name": "bayou-blue-waters", "money": 2420, "region": "BayouStation", "scene_type": "surface", "science_level": 3, "science_points": 245, "site": "BayouStation", "task_list": [{"is_complete": true, "task_id": "findGreen"}, {"is_complete": true, "task_id": "countGreen"}, {"is_complete": true, "task_id": "stressCB"}, {"is_complete": false, "task_id": "measureEffect"}, {"is_complete": true, "task_id": "measureReproduce"}, {"is_complete": false, "task_id": "reportBack"}], "time_since_launch": 918.89}	211
"26080315294666024"	"AQUALAB"	"2026-08-03T09:15:06.669000+00:00"	"load_error"	{"server_time": "2026-08-03T04:15:06+00:00", "url": "https://fieldday-web.wcer.wisc.edu/wsgi-bin/opengamedata.wsgi/player/AccusingHutch/game/AQUALAB/state"}	"GAME"	"120"	"production"	"6"	"UTC+06:30"	"AccusingHutch"	{}	{"job_argumentation": 1, "job_experimentation": 5, "job_modeling": 0, "job_name": "bayou-blue-waters", "money": 2420, "region": "BayouStation", "scene_type": "surface", "science_level": 3, "science_points": 245, "site": "BayouStation", "task_list": [{"is_complete": true, "task_id": "findGreen"}, {"is_complete": true, "task_id": "countGreen"}, {"is_complete": true, "task_id": "stressCB"}, {"is_complete": false, "task_id": "measureEffect"}, {"is_complete": true, "task_id": "measureReproduce"}, {"is_complete": false, "task_id": "reportBack"}], "time_since_launch": 922.56}	212
"26080315294666024"	"AQUALAB"	"2026-08-03T09:15:10.878000+00:00"	"load_error"	{"server_time": "2026-08-03T04:15:10+00:00", "url": "https://fieldday-web.wcer.wisc.edu/wsgi-bin/opengamedata.wsgi/player/AccusingHutch/game/AQUALAB/state"}	"GAME"	"120"	"production"	"6"	"UTC+06:30"	"AccusingHutch"	{}	{"job_argumentation": 1, "job_experimentation": 5, "job_modeling": 0, "job_name": "bayou-blue-waters", "money": 2420, "region": "BayouStation", "scene_type": "surface", "science_level": 3, "science_points": 245, "site": "BayouStation", "task_list": [{"is_complete": true, "task_id": "findGreen"}, {"is_complete": true, "task_id": "countGreen"}, {"is_complete": true, "task_id": "stressCB"}, {"is_complete": false, "task_id": "measureEffect"}, {"is_complete": true, "task_id": "measureReproduce"}, {"is_complete": false, "task_id": "reportBack"}], "time_since_launch": 926.77}	213
"26080315294666024"	"AQUALAB"	"2026-08-03T09:15:14.570000+00:00"	"load_error"	{"server_time": "2026-08-03T04:15:14+00:00", "url": "https://fieldday-web.wcer.wisc.edu/wsgi-bin/opengamedata.wsgi/player/AccusingHutch/game/AQUALAB/state"}	"GAME"	"120"	"production"	"6"	"UTC+06:30"	"AccusingHutch"	{}	{"job_argumentation": 1, "job_experimentation": 5, "job_modeling": 0, "job_name": "bayou-blue-waters", "money": 2420, "region": "BayouStation", "scene_type": "surface", "science_level": 3, "science_points": 245, "site": "BayouStation", "task_list": [{"is_complete": true, "task_id": "findGreen"}, {"is_complete": true, "task_id": "countGreen"}, {"is_complete": true, "task_id": "stressCB"}, {"is_complete": false, "task_id": "measureEffect"}, {"is_complete": true, "task_id": "measureReproduce"}, {"is_complete": false, "task_id": "reportBack"}], "time_since_launch": 930.46}	214
"26080315294666024"	"AQUALAB"	"2026-08-03T09:15:18.863000+00:00"	"load_error"	{"server_time": "2026-08-03T04:15:18+00:00", "url": "https://fieldday-web.wcer.wisc.edu/wsgi-bin/opengamedata.wsgi/player/AccusingHutch/game/AQUALAB/state"}	"GAME"	"120"	"production"	"6"	"UTC+06:30"	"AccusingHutch"	{}	{"job_argumentation": 1, "job_experimentation": 5, "job_modeling": 0, "job_name": "bayou-blue-waters", "money": 2420, "region": "BayouStation", "scene_type": "surface", "science_level": 3, "science_points": 245, "site": "BayouStation", "task_list": [{"is_complete": true, "task_id": "findGreen"}, {"is_complete": true, "task_id": "countGreen"}, {"is_complete": true, "task_id": "stressCB"}, {"is_complete": false, "task_id": "measureEffect"}, {"is_complete": true, "task_id": "measureReproduce"}, {"is_complete": false, "task_id": "reportBack"}], "time_since_launch": 934.75}	215
"26080315294666024"	"AQUALAB"	"2026-08-03T09:15:22.541000+00:00"	"load_error"	{"server_time": "2026-08-03T04:15:22+00:00", "url": "https://fieldday-web.wcer.wisc.edu/wsgi-bin/opengamedata.wsgi/player/AccusingHutch/game/AQUALAB/state"}	"GAME"	"120"	"production"	"6"	"UTC+06:30"	"AccusingHutch"	{}	{"job_argumentation": 1, "job_experimentation": 5, "job_modeling": 0, "job_name": "bayou-blue-waters", "money": 2420, "region": "BayouStation", "scene_type": "surface", "science_level": 3, "science_points": 245, "site": "BayouStation", "task_list": [{"is_complete": true, "task_id": "findGreen"}, {"is_complete": true, "task_id": "countGreen"}, {"is_complete": true, "task_id": "stressCB"}, {"is_complete": false, "task_id": "measureEffect"}, {"is_complete": true, "task_id": "measureReproduce"}, {"is_complete": false, "task_id": "reportBack"}], "time_since_launch": 938.43}	216
"26080315294666024"	"AQUALAB"	"2026-08-03T09:15:23.029000+00:00"	"scene_changed"	{"scene_name": "ExperimentV2", "server_time": "2026-08-03T04:15:22+00:00"}	"GAME"	"120"	"production"	"6"	"UTC+06:30"	"AccusingHutch"	{}	{"job_argumentation": 1, "job_experimentation": 5, "job_modeling": 0, "job_name": "bayou-blue-waters", "money": 2420, "region": "BayouStation", "scene_type": "surface", "science_level": 3, "science_points": 245, "site": "BayouStation", "task_list": [{"is_complete": true, "task_id": "findGreen"}, {"is_complete": true, "task_id": "countGreen"}, {"is_complete": true, "task_id": "stressCB"}, {"is_complete": false, "task_id": "measureEffect"}, {"is_complete": true, "task_id": "measureReproduce"}, {"is_complete": false, "task_id": "reportBack"}], "time_since_launch": 938.43}	217
"26080315294666024"	"AQUALAB"	"2026-08-03T09:15:24.342000+00:00"	"load_error"	{"server_time": "2026-08-03T04:15:24+00:00", "url": "https://fieldday-web.wcer.wisc.edu/wsgi-bin/opengamedata.wsgi/player/AccusingHutch/game/AQUALAB/state"}	"GAME"	"120"	"production"	"6"	"UTC+06:30"	"AccusingHutch"	{}	{"job_argumentation": 1, "job_experimentation": 5, "job_modeling": 0, "job_name": "bayou-blue-waters", "money": 2420, "region": "BayouStation", "scene_type": "ship", "science_level": 3, "science_points": 245, "site": "Experimentation", "task_list": [{"is_complete": true, "task_id": "findGreen"}, {"is_complete": true, "task_id": "countGreen"}, {"is_complete": true, "task_id": "stressCB"}, {"is_complete": false, "task_id": "measureEffect"}, {"is_complete": true, "task_id": "measureReproduce"}, {"is_complete": false, "task_id": "reportBack"}], "time_since_launch": 940.23}	218
"26080315294666024"	"AQUALAB"	"2026-08-03T09:15:28.068000+00:00"	"load_error"	{"server_time": "2026-08-03T04:15:28+00:00", "url": "https://fieldday-web.wcer.wisc.edu/wsgi-bin/opengamedata.wsgi/player/AccusingHutch/game/AQUALAB/state"}	"GAME"	"120"	"production"	"6"	"UTC+06:30"	"AccusingHutch"	{}	{"job_argumentation": 1, "job_experimentation": 5, "job_modeling": 0, "job_name": "bayou-blue-waters", "money": 2420, "region": "BayouStation", "scene_type": "ship", "science_level": 3, "science_points": 245, "site": "Experimentation", "task_list": [{"is_complete": true, "task_id": "findGreen"}, {"is_complete": true, "task_id": "countGreen"}, {"is_complete": true, "task_id": "stressCB"}, {"is_complete": false, "task_id": "measureEffect"}, {"is_complete": true, "task_id": "measureReproduce"}, {"is_complete": false, "task_id": "reportBack"}], "time_since_launch": 943.96}	219
"26080315294666024"	"AQUALAB"	"2026-08-03T09:15:28.895000+00:00"	"begin_experiment"	{"autofeeder_enabled": false, "critters": "", "environment": "", "server_time": "2026-08-03T04:15:28+00:00", "stabilizer_enabled": false, "tank_type": "Stress"}	"GAME"	"120"	"production"	"6"	"UTC+06:30"	"AccusingHutch"	{}	{"job_argumentation": 1, "job_experimentation": 5, "job_modeling": 0, "job_name": "bayou-blue-waters", "money": 2420, "region": "BayouStation", "scene_type": "ship", "science_level": 3, "science_points": 245, "site": "Experimentation", "task_list": [{"is_complete": true, "task_id": "findGreen"}, {"is_complete": true, "task_id": "countGreen"}, {"is_complete": true, "task_id": "stressCB"}, {"is_complete": false, "task_id": "measureEffect"}, {"is_complete": true, "task_id": "measureReproduce"}, {"is_complete": false, "task_id": "reportBack"}], "time_since_launch": 944.79}	220
"26080315294666024"	"AQUALAB"	"2026-08-03T09:15:32.384000+00:00"	"load_error"	{"server_time": "2026-08-03T04:15:32+00:00", "url": "https://fieldday-web.wcer.wisc.edu/wsgi-bin/opengamedata.wsgi/player/AccusingHutch/game/AQUALAB/state"}	"GAME"	"120"	"production"	"6"	"UTC+06:30"	"AccusingHutch"	{}	{"job_argumentation": 1, "job_experimentation": 5, "job_modeling": 0, "job_name": "bayou-blue-waters", "money": 2420, "region": "BayouStation", "scene_type": "ship", "science_level": 3, "science_points": 245, "site": "Experimentation", "task_list": [{"is_complete": true, "task_id": "findGreen"}, {"is_complete": true, "task_id": "countGreen"}, {"is_complete": true, "task_id": "stressCB"}, {"is_complete": false, "task_id": "measureEffect"}, {"is_complete": true, "task_id": "measureReproduce"}, {"is_complete": false, "task_id": "reportBack"}], "time_since_launch": 948.27}	221
"26080315294666024"	"AQUALAB"	"2026-08-03T09:15:36.191000+00:00"	"load_error"	{"server_time": "2026-08-03T04:15:36+00:00", "url": "https://fieldday-web.wcer.wisc.edu/wsgi-bin/opengamedata.wsgi/player/AccusingHutch/game/AQUALAB/state"}	"GAME"	"120"	"production"	"6"	"UTC+06:30"	"AccusingHutch"	{}	{"job_argumentation": 1, "job_experimentation": 5, "job_modeling": 0, "job_name": "bayou-blue-waters", "money": 2420, "region": "BayouStation", "scene_type": "ship", "science_level": 3, "science_points": 245, "site": "Experimentation", "task_list": [{"is_complete": true, "task_id": "findGreen"}, {"is_complete": true, "task_id": "countGreen"}, {"is_complete": true, "task_id": "stressCB"}, {"is_complete": false, "task_id": "measureEffect"}, {"is_complete": true, "task_id": "measureReproduce"}, {"is_complete": false, "task_id": "reportBack"}], "time_since_launch": 952.08}	222
"26080315294666024"	"AQUALAB"	"2026-08-03T09:15:40.582000+00:00"	"load_error"	{"server_time": "2026-08-03T04:15:40+00:00", "url": "https://fieldday-web.wcer.wisc.edu/wsgi-bin/opengamedata.wsgi/player/AccusingHutch/game/AQUALAB/state"}	"GAME"	"120"	"production"	"6"	"UTC+06:30"	"AccusingHutch"	{}	{"job_argumentation": 1, "job_experimentation": 5, "job_modeling": 0, "job_name": "bayou-blue-waters", "money": 2420, "region": "BayouStation", "scene_type": "ship", "science_level": 3, "science_points": 245, "site": "Experimentation", "task_list": [{"is_complete": true, "task_id": "findGreen"}, {"is_complete": true, "task_id": "countGreen"}, {"is_complete": true, "task_id": "stressCB"}, {"is_complete": false, "task_id": "measureEffect"}, {"is_complete": true, "task_id": "measureReproduce"}, {"is_complete": false, "task_id": "reportBack"}], "time_since_launch": 956.47}	223
"26080315294666024"	"AQUALAB"	"2026-08-03T09:15:41.035000+00:00"	"end_experiment"	{"autofeeder_enabled": false, "critters": "", "environment": "", "server_time": "2026-08-03T04:15:40+00:00", "stabilizer_enabled": false, "tank_type": "Stress"}	"GAME"	"120"	"production"	"6"	"UTC+06:30"	"AccusingHutch"	{}	{"job_argumentation": 1, "job_experimentation": 5, "job_modeling": 0, "job_name": "bayou-blue-waters", "money": 2420, "region": "BayouStation", "scene_type": "ship", "science_level": 3, "science_points": 245, "site": "Experimentation", "task_list": [{"is_complete": true, "task_id": "findGreen"}, {"is_complete": true, "task_id": "countGreen"}, {"is_complete": true, "task_id": "stressCB"}, {"is_complete": false, "task_id": "measureEffect"}, {"is_complete": true, "task_id": "measureReproduce"}, {"is_complete": false, "task_id": "reportBack"}], "time_since_launch": 956.93}	224
"26080315294666024"	"AQUALAB"	"2026-08-03T09:15:42.625000+00:00"	"open_status"	{"server_time": "2026-08-03T04:15:42+00:00"}	"GAME"	"120"	"production"	"6"	"UTC+06:30"	"AccusingHutch"	{}	{"job_argumentation": 1, "job_experimentation": 5, "job_modeling": 0, "job_name": "bayou-blue-waters", "money": 2420, "region": "BayouStation", "scene_type": "ship", "science_level": 3, "science_points": 245, "site": "Experimentation", "task_list": [{"is_complete": true, "task_id": "findGreen"}, {"is_complete": true, "task_id": "countGreen"}, {"is_complete": true, "task_id": "stressCB"}, {"is_complete": false, "task_id": "measureEffect"}, {"is_complete": true, "task_id": "measureReproduce"}, {"is_complete": false, "task_id": "reportBack"}], "time_since_launch": 958.52}	225
"26080315294666024"	"AQUALAB"	"2026-08-03T09:15:42.625000+00:00"	"status_open_job_tab"	{"server_time": "2026-08-03T04:15:42+00:00"}	"GAME"	"120"	"production"	"6"	"UTC+06:30"	"AccusingHutch"	{}	{"job_argumentation": 1, "job_experimentation": 5, "job_modeling": 0, "job_name": "bayou-blue-waters", "money": 2420, "region": "BayouStation", "scene_type": "ship", "science_level": 3, "science_points": 245, "site": "Experimentation", "task_list": [{"is_complete": true, "task_id": "findGreen"}, {"is_complete": true, "task_id": "countGreen"}, {"is_complete": true, "task_id": "stressCB"}, {"is_complete": false, "task_id": "measureEffect"}, {"is_complete": true, "task_id": "measureReproduce"}, {"is_complete": false, "task_id": "reportBack"}], "time_since_launch": 958.52}	226
"26080315294666024"	"AQUALAB"	"2026-08-03T09:15:42.626000+00:00"	"status_open_job_tab"	{"server_time": "2026-08-03T04:15:42+00:00"}	"GAME"	"120"	"production"	"6"	"UTC+06:30"	"AccusingHutch"	{}	{"job_argumentation": 1, "job_experimentation": 5, "job_modeling": 0, "job_name": "bayou-blue-waters", "money": 2420, "region": "BayouStation", "scene_type": "ship", "science_level": 3, "science_points": 245, "site": "Experimentation", "task_list": [{"is_complete": true, "task_id": "findGreen"}, {"is_complete": true, "task_id": "countGreen"}, {"is_complete": true, "task_id": "stressCB"}, {"is_complete": false, "task_id": "measureEffect"}, {"is_complete": true, "task_id": "measureReproduce"}, {"is_complete": false, "task_id": "reportBack"}], "time_since_launch": 958.52}	227
"26080315294666024"	"AQUALAB"	"2026-08-03T09:15:44.274000+00:00"	"load_error"	{"server_time": "2026-08-03T04:15:44+00:00", "url": "https://fieldday-web.wcer.wisc.edu/wsgi-bin/opengamedata.wsgi/player/AccusingHutch/game/AQUALAB/state"}	"GAME"	"120"	"production"	"6"	"UTC+06:30"	"AccusingHutch"	{}	{"job_argumentation": 1, "job_experimentation": 5, "job_modeling": 0, "job_name": "bayou-blue-waters", "money": 2420, "region": "BayouStation", "scene_type": "ship", "science_level": 3, "science_points": 245, "site": "Experimentation", "task_list": [{"is_complete": true, "task_id": "findGreen"}, {"is_complete": true, "task_id": "countGreen"}, {"is_complete": true, "task_id": "stressCB"}, {"is_complete": false, "task_id": "measureEffect"}, {"is_complete": true, "task_id": "measureReproduce"}, {"is_complete": false, "task_id": "reportBack"}], "time_since_launch": 960.17}	228
"26080315294666024"	"AQUALAB"	"2026-08-03T09:15:44.319000+00:00"	"close_status"	{"server_time": "2026-08-03T04:15:44+00:00"}	"GAME"	"120"	"production"	"6"	"UTC+06:30"	"AccusingHutch"	{}	{"job_argumentation": 1, "job_experimentation": 5, "job_modeling": 0, "job_name": "bayou-blue-waters", "money": 2420, "region": "BayouStation", "scene_type": "ship", "science_level": 3, "science_points": 245, "site": "Experimentation", "task_list": [{"is_complete": true, "task_id": "findGreen"}, {"is_complete": true, "task_id": "countGreen"}, {"is_complete": true, "task_id": "stressCB"}, {"is_complete": false, "task_id": "measureEffect"}, {"is_complete": true, "task_id": "measureReproduce"}, {"is_complete": false, "task_id": "reportBack"}], "time_since_launch": 960.21}	229
"26080315294666024"	"AQUALAB"	"2026-08-03T09:15:44.327000+00:00"	"open_bestiary"	{"server_time": "2026-08-03T04:15:44+00:00"}	"GAME"	"120"	"production"	"6"	"UTC+06:30"	"AccusingHutch"	{}	{"job_argumentation": 1, "job_experimentation": 5, "job_modeling": 0, "job_name": "bayou-blue-waters", "money": 2420, "region": "BayouStation", "scene_type": "ship", "science_level": 3, "science_points": 245, "site": "Experimentation", "task_list": [{"is_complete": true, "task_id": "findGreen"}, {"is_complete": true, "task_id": "countGreen"}, {"is_complete": true, "task_id": "stressCB"}, {"is_complete": false, "task_id": "measureEffect"}, {"is_complete": true, "task_id": "measureReproduce"}, {"is_complete": false, "task_id": "reportBack"}], "time_since_launch": 960.22}	230
"26080315294666024"	"AQUALAB"	"2026-08-03T09:15:44.327000+00:00"	"bestiary_open_environments_tab"	{"server_time": "2026-08-03T04:15:44+00:00"}	"GAME"	"120"	"production"	"6"	"UTC+06:30"	"AccusingHutch"	{}	{"job_argumentation": 1, "job_experimentation": 5, "job_modeling": 0, "job_name": "bayou-blue-waters", "money": 2420, "region": "BayouStation", "scene_type": "ship", "science_level": 3, "science_points": 245, "site": "Experimentation", "task_list": [{"is_complete": true, "task_id": "findGreen"}, {"is_complete": true, "task_id": "countGreen"}, {"is_complete": true, "task_id": "stressCB"}, {"is_complete": false, "task_id": "measureEffect"}, {"is_complete": true, "task_id": "measureReproduce"}, {"is_complete": false, "task_id": "reportBack"}], "time_since_launch": 960.22}	231
"26080315294666024"	"AQUALAB"	"2026-08-03T09:15:46.508000+00:00"	"bestiary_select_environment"	{"environment_id": "P_DeadZone", "server_time": "2026-08-03T04:15:46+00:00"}	"GAME"	"120"	"production"	"6"	"UTC+06:30"	"AccusingHutch"	{}	{"job_argumentation": 1, "job_experimentation": 5, "job_modeling": 0, "job_name": "bayou-blue-waters", "money": 2420, "region": "BayouStation", "scene_type": "ship", "science_level": 3, "science_points": 245, "site": "Experimentation", "task_list": [{"is_complete": true, "task_id": "findGreen"}, {"is_complete": true, "task_id": "countGreen"}, {"is_complete": true, "task_id": "stressCB"}, {"is_complete": false, "task_id": "measureEffect"}, {"is_complete": true, "task_id": "measureReproduce"}, {"is_complete": false, "task_id": "reportBack"}], "time_since_launch": 962.4}	232
"26080315294666024"	"AQUALAB"	"2026-08-03T09:15:48.533000+00:00"	"load_error"	{"server_time": "2026-08-03T04:15:48+00:00", "url": "https://fieldday-web.wcer.wisc.edu/wsgi-bin/opengamedata.wsgi/player/AccusingHutch/game/AQUALAB/state"}	"GAME"	"120"	"production"	"6"	"UTC+06:30"	"AccusingHutch"	{}	{"job_argumentation": 1, "job_experimentation": 5, "job_modeling": 0, "job_name": "bayou-blue-waters", "money": 2420, "region": "BayouStation", "scene_type": "ship", "science_level": 3, "science_points": 245, "site": "Experimentation", "task_list": [{"is_complete": true, "task_id": "findGreen"}, {"is_complete": true, "task_id": "countGreen"}, {"is_complete": true, "task_id": "stressCB"}, {"is_complete": false, "task_id": "measureEffect"}, {"is_complete": true, "task_id": "measureReproduce"}, {"is_complete": false, "task_id": "reportBack"}], "time_since_launch": 964.42}	233
"26080315294666024"	"AQUALAB"	"2026-08-03T09:15:52.241000+00:00"	"bestiary_select_environment"	{"environment_id": "W_WhaleFall", "server_time": "2026-08-03T04:15:52+00:00"}	"GAME"	"120"	"production"	"6"	"UTC+06:30"	"AccusingHutch"	{}	{"job_argumentation": 1, "job_experimentation": 5, "job_modeling": 0, "job_name": "bayou-blue-waters", "money": 2420, "region": "BayouStation", "scene_type": "ship", "science_level": 3, "science_points": 245, "site": "Experimentation", "task_list": [{"is_complete": true, "task_id": "findGreen"}, {"is_complete": true, "task_id": "countGreen"}, {"is_complete": true, "task_id": "stressCB"}, {"is_complete": false, "task_id": "measureEffect"}, {"is_complete": true, "task_id": "measureReproduce"}, {"is_complete": false, "task_id": "reportBack"}], "time_since_launch": 968.13}	234
"26080315294666024"	"AQUALAB"	"2026-08-03T09:15:55.341000+00:00"	"close_bestiary"	{"server_time": "2026-08-03T04:15:55+00:00"}	"GAME"	"120"	"production"	"6"	"UTC+06:30"	"AccusingHutch"	{}	{"job_argumentation": 1, "job_experimentation": 5, "job_modeling": 0, "job_name": "bayou-blue-waters", "money": 2420, "region": "BayouStation", "scene_type": "ship", "science_level": 3, "science_points": 245, "site": "Experimentation", "task_list": [{"is_complete": true, "task_id": "findGreen"}, {"is_complete": true, "task_id": "countGreen"}, {"is_complete": true, "task_id": "stressCB"}, {"is_complete": false, "task_id": "measureEffect"}, {"is_complete": true, "task_id": "measureReproduce"}, {"is_complete": false, "task_id": "reportBack"}], "time_since_launch": 971.23}	235
"26080315294666024"	"AQUALAB"	"2026-08-03T09:15:55.343000+00:00"	"open_bestiary"	{"server_time": "2026-08-03T04:15:55+00:00"}	"GAME"	"120"	"production"	"6"	"UTC+06:30"	"AccusingHutch"	{}	{"job_argumentation": 1, "job_experimentation": 5, "job_modeling": 0, "job_name": "bayou-blue-waters", "money": 2420, "region": "BayouStation", "scene_type": "ship", "science_level": 3, "science_points": 245, "site": "Experimentation", "task_list": [{"is_complete": true, "task_id": "findGreen"}, {"is_complete": true, "task_id": "countGreen"}, {"is_complete": true, "task_id": "stressCB"}, {"is_complete": false, "task_id": "measureEffect"}, {"is_complete": true, "task_id": "measureReproduce"}, {"is_complete": false, "task_id": "reportBack"}], "time_since_launch": 971.23}	236
"26080315294666024"	"AQUALAB"	"2026-08-03T09:15:55.343000+00:00"	"bestiary_open_species_tab"	{"server_time": "2026-08-03T04:15:55+00:00"}	"GAME"	"120"	"production"	"6"	"UTC+06:30"	"AccusingHutch"	{}	{"job_argumentation": 1, "job_experimentation": 5, "job_modeling": 0, "job_name": "bayou-blue-waters", "money": 2420, "region": "BayouStation", "scene_type": "ship", "science_level": 3, "science_points": 245, "site": "Experimentation", "task_list": [{"is_complete": true, "task_id": "findGreen"}, {"is_complete": true, "task_id": "countGreen"}, {"is_complete": true, "task_id": "stressCB"}, {"is_complete": false, "task_id": "measureEffect"}, {"is_complete": true, "task_id": "measureReproduce"}, {"is_complete": false, "task_id": "reportBack"}], "time_since_launch": 971.23}	237
"26080315294666024"	"AQUALAB"	"2026-08-03T09:16:00.163000+00:00"	"close_bestiary"	{"server_time": "2026-08-03T04:16:00+00:00"}	"GAME"	"120"	"production"	"6"	"UTC+06:30"	"AccusingHutch"	{}	{"job_argumentation": 1, "job_experimentation": 5, "job_modeling": 0, "job_name": "bayou-blue-waters", "money": 2420, "region": "BayouStation", "scene_type": "ship", "science_level": 3, "science_points": 245, "site": "Experimentation", "task_list": [{"is_complete": true, "task_id": "findGreen"}, {"is_complete": true, "task_id": "countGreen"}, {"is_complete": true, "task_id": "stressCB"}, {"is_complete": false, "task_id": "measureEffect"}, {"is_complete": true, "task_id": "measureReproduce"}, {"is_complete": false, "task_id": "reportBack"}], "time_since_launch": 976.05}	238
"26080315294666024"	"AQUALAB"	"2026-08-03T09:16:00.166000+00:00"	"open_bestiary"	{"server_time": "2026-08-03T04:16:00+00:00"}	"GAME"	"120"	"production"	"6"	"UTC+06:30"	"AccusingHutch"	{}	{"job_argumentation": 1, "job_experimentation": 5, "job_modeling": 0, "job_name": "bayou-blue-waters", "money": 2420, "region": "BayouStation", "scene_type": "ship", "science_level": 3, "science_points": 245, "site": "Experimentation", "task_list": [{"is_complete": true, "task_id": "findGreen"}, {"is_complete": true, "task_id": "countGreen"}, {"is_complete": true, "task_id": "stressCB"}, {"is_complete": false, "task_id": "measureEffect"}, {"is_complete": true, "task_id": "measureReproduce"}, {"is_complete": false, "task_id": "reportBack"}], "time_since_launch": 976.06}	239
"26080315294666024"	"AQUALAB"	"2026-08-03T09:16:00.166000+00:00"	"bestiary_open_environments_tab"	{"server_time": "2026-08-03T04:16:00+00:00"}	"GAME"	"120"	"production"	"6"	"UTC+06:30"	"AccusingHutch"	{}	{"job_argumentation": 1, "job_experimentation": 5, "job_modeling": 0, "job_name": "bayou-blue-waters", "money": 2420, "region": "BayouStation", "scene_type": "ship", "science_level": 3, "science_points": 245, "site": "Experimentation", "task_list": [{"is_complete": true, "task_id": "findGreen"}, {"is_complete": true, "task_id": "countGreen"}, {"is_complete": true, "task_id": "stressCB"}, {"is_complete": false, "task_id": "measureEffect"}, {"is_complete": true, "task_id": "measureReproduce"}, {"is_complete": false, "task_id": "reportBack"}], "time_since_launch": 976.06}	240
"26080315294666024"	"AQUALAB"	"2026-08-03T09:16:02.955000+00:00"	"bestiary_select_environment"	{"environment_id": "W_WhaleFall", "server_time": "2026-08-03T04:16:02+00:00"}	"GAME"	"120"	"production"	"6"	"UTC+06:30"	"AccusingHutch"	{}	{"job_argumentation": 1, "job_experimentation": 5, "job_modeling": 0, "job_name": "bayou-blue-waters", "money": 2420, "region": "BayouStation", "scene_type": "ship", "science_level": 3, "science_points": 245, "site": "Experimentation", "task_list": [{"is_complete": true, "task_id": "findGreen"}, {"is_complete": true, "task_id": "countGreen"}, {"is_complete": true, "task_id": "stressCB"}, {"is_complete": false, "task_id": "measureEffect"}, {"is_complete": true, "task_id": "measureReproduce"}, {"is_complete": false, "task_id": "reportBack"}], "time_since_launch": 978.85}	241
"26080315294666024"	"AQUALAB"	"2026-08-03T09:16:32.126000+00:00"	"bestiary_select_environment"	{"environment_id": "X_UnderTheIce", "server_time": "2026-08-03T04:16:32+00:00"}	"GAME"	"120"	"production"	"6"	"UTC+06:30"	"AccusingHutch"	{}	{"job_argumentation": 1, "job_experimentation": 5, "job_modeling": 0, "job_name": "bayou-blue-waters", "money": 2420, "region": "BayouStation", "scene_type": "ship", "science_level": 3, "science_points": 245, "site": "Experimentation", "task_list": [{"is_complete": true, "task_id": "findGreen"}, {"is_complete": true, "task_id": "countGreen"}, {"is_complete": true, "task_id": "stressCB"}, {"is_complete": false, "task_id": "measureEffect"}, {"is_complete": true, "task_id": "measureReproduce"}, {"is_complete": false, "task_id": "reportBack"}], "time_since_launch": 1008.02}	242
"26080315294666024"	"AQUALAB"	"2026-08-03T09:16:35.277000+00:00"	"bestiary_select_environment"	{"environment_id": "Y_IceCrevice", "server_time": "2026-08-03T04:16:35+00:00"}	"GAME"	"120"	"production"	"6"	"UTC+06:30"	"AccusingHutch"	{}	{"job_argumentation": 1, "job_experimentation": 5, "job_modeling": 0, "job_name": "bayou-blue-waters", "money": 2420, "region": "BayouStation", "scene_type": "ship", "science_level": 3, "science_points": 245, "site": "Experimentation", "task_list": [{"is_complete": true, "task_id": "findGreen"}, {"is_complete": true, "task_id": "countGreen"}, {"is_complete": true, "task_id": "stressCB"}, {"is_complete": false, "task_id": "measureEffect"}, {"is_complete": true, "task_id": "measureReproduce"}, {"is_complete": false, "task_id": "reportBack"}], "time_since_launch": 1011.17}	243
"26080315294666024"	"AQUALAB"	"2026-08-03T09:16:43.709000+00:00"	"close_bestiary"	{"server_time": "2026-08-03T04:16:43+00:00"}	"GAME"	"120"	"production"	"6"	"UTC+06:30"	"AccusingHutch"	{}	{"job_argumentation": 1, "job_experimentation": 5, "job_modeling": 0, "job_name": "bayou-blue-waters", "money": 2420, "region": "BayouStation", "scene_type": "ship", "science_level": 3, "science_points": 245, "site": "Experimentation", "task_list": [{"is_complete": true, "task_id": "findGreen"}, {"is_complete": true, "task_id": "countGreen"}, {"is_complete": true, "task_id": "stressCB"}, {"is_complete": false, "task_id": "measureEffect"}, {"is_complete": true, "task_id": "measureReproduce"}, {"is_complete": false, "task_id": "reportBack"}], "time_since_launch": 1019.6}	244
"26080315294666024"	"AQUALAB"	"2026-08-03T09:16:43.711000+00:00"	"open_status"	{"server_time": "2026-08-03T04:16:43+00:00"}	"GAME"	"120"	"production"	"6"	"UTC+06:30"	"AccusingHutch"	{}	{"job_argumentation": 1, "job_experimentation": 5, "job_modeling": 0, "job_name": "bayou-blue-waters", "money": 2420, "region": "BayouStation", "scene_type": "ship", "science_level": 3, "science_points": 245, "site": "Experimentation", "task_list": [{"is_complete": true, "task_id": "findGreen"}, {"is_complete": true, "task_id": "countGreen"}, {"is_complete": true, "task_id": "stressCB"}, {"is_complete": false, "task_id": "measureEffect"}, {"is_complete": true, "task_id": "measureReproduce"}, {"is_complete": false, "task_id": "reportBack"}], "time_since_launch": 1019.6}	245
"26080315294666024"	"AQUALAB"	"2026-08-03T09:16:43.711000+00:00"	"status_open_job_tab"	{"server_time": "2026-08-03T04:16:43+00:00"}	"GAME"	"120"	"production"	"6"	"UTC+06:30"	"AccusingHutch"	{}	{"job_argumentation": 1, "job_experimentation": 5, "job_modeling": 0, "job_name": "bayou-blue-waters", "money": 2420, "region": "BayouStation", "scene_type": "ship", "science_level": 3, "science_points": 245, "site": "Experimentation", "task_list": [{"is_complete": true, "task_id": "findGreen"}, {"is_complete": true, "task_id": "countGreen"}, {"is_complete": true, "task_id": "stressCB"}, {"is_complete": false, "task_id": "measureEffect"}, {"is_complete": true, "task_id": "measureReproduce"}, {"is_complete": false, "task_id": "reportBack"}], "time_since_launch": 1019.6}	246
"26080315294666024"	"AQUALAB"	"2026-08-03T09:16:43.711000+00:00"	"status_open_job_tab"	{"server_time": "2026-08-03T04:16:43+00:00"}	"GAME"	"120"	"production"	"6"	"UTC+06:30"	"AccusingHutch"	{}	{"job_argumentation": 1, "job_experimentation": 5, "job_modeling": 0, "job_name": "bayou-blue-waters", "money": 2420, "region": "BayouStation", "scene_type": "ship", "science_level": 3, "science_points": 245, "site": "Experimentation", "task_list": [{"is_complete": true, "task_id": "findGreen"}, {"is_complete": true, "task_id": "countGreen"}, {"is_complete": true, "task_id": "stressCB"}, {"is_complete": false, "task_id": "measureEffect"}, {"is_complete": true, "task_id": "measureReproduce"}, {"is_complete": false, "task_id": "reportBack"}], "time_since_launch": 1019.6}	247
"26080315294666024"	"AQUALAB"	"2026-08-03T09:16:44.187000+00:00"	"close_status"	{"server_time": "2026-08-03T04:16:44+00:00"}	"GAME"	"120"	"production"	"6"	"UTC+06:30"	"AccusingHutch"	{}	{"job_argumentation": 1, "job_experimentation": 5, "job_modeling": 0, "job_name": "bayou-blue-waters", "money": 2420, "region": "BayouStation", "scene_type": "ship", "science_level": 3, "science_points": 245, "site": "Experimentation", "task_list": [{"is_complete": true, "task_id": "findGreen"}, {"is_complete": true, "task_id": "countGreen"}, {"is_complete": true, "task_id": "stressCB"}, {"is_complete": false, "task_id": "measureEffect"}, {"is_complete": true, "task_id": "measureReproduce"}, {"is_complete": false, "task_id": "reportBack"}], "time_since_launch": 1020.08}	248
"26080315294666024"	"AQUALAB"	"2026-08-03T09:16:44.194000+00:00"	"open_bestiary"	{"server_time": "2026-08-03T04:16:44+00:00"}	"GAME"	"120"	"production"	"6"	"UTC+06:30"	"AccusingHutch"	{}	{"job_argumentation": 1, "job_experimentation": 5, "job_modeling": 0, "job_name": "bayou-blue-waters", "money": 2420, "region": "BayouStation", "scene_type": "ship", "science_level": 3, "science_points": 245, "site": "Experimentation", "task_list": [{"is_complete": true, "task_id": "findGreen"}, {"is_complete": true, "task_id": "countGreen"}, {"is_complete": true, "task_id": "stressCB"}, {"is_complete": false, "task_id": "measureEffect"}, {"is_complete": true, "task_id": "measureReproduce"}, {"is_complete": false, "task_id": "reportBack"}], "time_since_launch": 1020.09}	249
"26080315294666024"	"AQUALAB"	"2026-08-03T09:16:44.194000+00:00"	"bestiary_open_species_tab"	{"server_time": "2026-08-03T04:16:44+00:00"}	"GAME"	"120"	"production"	"6"	"UTC+06:30"	"AccusingHutch"	{}	{"job_argumentation": 1, "job_experimentation": 5, "job_modeling": 0, "job_name": "bayou-blue-waters", "money": 2420, "region": "BayouStation", "scene_type": "ship", "science_level": 3, "science_points": 245, "site": "Experimentation", "task_list": [{"is_complete": true, "task_id": "findGreen"}, {"is_complete": true, "task_id": "countGreen"}, {"is_complete": true, "task_id": "stressCB"}, {"is_complete": false, "task_id": "measureEffect"}, {"is_complete": true, "task_id": "measureReproduce"}, {"is_complete": false, "task_id": "reportBack"}], "time_since_launch": 1020.09}	250
"26080315294666024"	"AQUALAB"	"2026-08-03T09:16:50.964000+00:00"	"bestiary_select_species"	{"server_time": "2026-08-03T04:16:51+00:00", "species_id": "Cyanobacteria"}	"GAME"	"120"	"production"	"6"	"UTC+06:30"	"AccusingHutch"	{}	{"job_argumentation": 1, "job_experimentation": 5, "job_modeling": 0, "job_name": "bayou-blue-waters", "money": 2420, "region": "BayouStation", "scene_type": "ship", "science_level": 3, "science_points": 245, "site": "Experimentation", "task_list": [{"is_complete": true, "task_id": "findGreen"}, {"is_complete": true, "task_id": "countGreen"}, {"is_complete": true, "task_id": "stressCB"}, {"is_complete": false, "task_id": "measureEffect"}, {"is_complete": true, "task_id": "measureReproduce"}, {"is_complete": false, "task_id": "reportBack"}], "time_since_launch": 1026.86}	251
"26080315294666024"	"AQUALAB"	"2026-08-03T09:17:26.143000+00:00"	"close_bestiary"	{"server_time": "2026-08-03T04:17:27+00:00"}	"GAME"	"120"	"production"	"6"	"UTC+06:30"	"AccusingHutch"	{}	{"job_argumentation": 1, "job_experimentation": 5, "job_modeling": 0, "job_name": "bayou-blue-waters", "money": 2420, "region": "BayouStation", "scene_type": "ship", "science_level": 3, "science_points": 245, "site": "Experimentation", "task_list": [{"is_complete": true, "task_id": "findGreen"}, {"is_complete": true, "task_id": "countGreen"}, {"is_complete": true, "task_id": "stressCB"}, {"is_complete": false, "task_id": "measureEffect"}, {"is_complete": true, "task_id": "measureReproduce"}, {"is_complete": false, "task_id": "reportBack"}], "time_since_launch": 1062.03}	252
"26080315294666024"	"AQUALAB"	"2026-08-03T09:17:34.719000+00:00"	"add_environment"	{"environment": "Y_IceCrevice", "server_time": "2026-08-03T04:17:34+00:00", "tank_type": "Measurement"}	"GAME"	"120"	"production"	"6"	"UTC+06:30"	"AccusingHutch"	{}	{"job_argumentation": 1, "job_experimentation": 5, "job_modeling": 0, "job_name": "bayou-blue-waters", "money": 2420, "region": "BayouStation", "scene_type": "ship", "science_level": 3, "science_points": 245, "site": "Experimentation", "task_list": [{"is_complete": true, "task_id": "findGreen"}, {"is_complete": true, "task_id": "countGreen"}, {"is_complete": true, "task_id": "stressCB"}, {"is_complete": false, "task_id": "measureEffect"}, {"is_complete": true, "task_id": "measureReproduce"}, {"is_complete": false, "task_id": "reportBack"}], "time_since_launch": 1070.61}	253
"26080315294666024"	"AQUALAB"	"2026-08-03T09:17:43.496000+00:00"	"add_critter"	{"critter": "Cyanobacteria", "environment": "Y_IceCrevice", "server_time": "2026-08-03T04:17:44+00:00", "tank_type": "Measurement"}	"GAME"	"120"	"production"	"6"	"UTC+06:30"	"AccusingHutch"	{}	{"job_argumentation": 1, "job_experimentation": 5, "job_modeling": 0, "job_name": "bayou-blue-waters", "money": 2420, "region": "BayouStation", "scene_type": "ship", "science_level": 3, "science_points": 245, "site": "Experimentation", "task_list": [{"is_complete": true, "task_id": "findGreen"}, {"is_complete": true, "task_id": "countGreen"}, {"is_complete": true, "task_id": "stressCB"}, {"is_complete": false, "task_id": "measureEffect"}, {"is_complete": true, "task_id": "measureReproduce"}, {"is_complete": false, "task_id": "reportBack"}], "time_since_launch": 1079.39}	254
"26080315294666024"	"AQUALAB"	"2026-08-03T09:17:51.119000+00:00"	"begin_experiment"	{"autofeeder_enabled": true, "critters": "Cyanobacteria", "environment": "Y_IceCrevice", "server_time": "2026-08-03T04:17:51+00:00", "stabilizer_enabled": false, "tank_type": "Measurement"}	"GAME"	"120"	"production"	"6"	"UTC+06:30"	"AccusingHutch"	{}	{"job_argumentation": 1, "job_experimentation": 5, "job_modeling": 0, "job_name": "bayou-blue-waters", "money": 2420, "region": "BayouStation", "scene_type": "ship", "science_level": 3, "science_points": 245, "site": "Experimentation", "task_list": [{"is_complete": true, "task_id": "findGreen"}, {"is_complete": true, "task_id": "countGreen"}, {"is_complete": true, "task_id": "stressCB"}, {"is_complete": false, "task_id": "measureEffect"}, {"is_complete": true, "task_id": "measureReproduce"}, {"is_complete": false, "task_id": "reportBack"}], "time_since_launch": 1087.01}	255
"26080315294666024"	"AQUALAB"	"2026-08-03T09:18:01.494000+00:00"	"complete_task"	{"server_time": "2026-08-03T04:18:02+00:00", "task_id": "measureEffect"}	"GAME"	"120"	"production"	"6"	"UTC+06:30"	"AccusingHutch"	{}	{"job_argumentation": 1, "job_experimentation": 5, "job_modeling": 0, "job_name": "bayou-blue-waters", "money": 2420, "region": "BayouStation", "scene_type": "ship", "science_level": 3, "science_points": 245, "site": "Experimentation", "task_list": [{"is_complete": true, "task_id": "findGreen"}, {"is_complete": true, "task_id": "countGreen"}, {"is_complete": true, "task_id": "stressCB"}, {"is_complete": false, "task_id": "measureEffect"}, {"is_complete": true, "task_id": "measureReproduce"}, {"is_complete": false, "task_id": "reportBack"}], "time_since_launch": 1097.38}	256
"26080315294666024"	"AQUALAB"	"2026-08-03T09:18:01.494000+00:00"	"receive_fact"	{"fact_entity": "Cyanobacteria", "fact_id": "Cyanobacteria.Consume.Light.Stressed", "fact_rate": true, "fact_stressed": true, "fact_type": "Consume", "has_rate": true, "server_time": "2026-08-03T04:18:02+00:00"}	"GAME"	"120"	"production"	"6"	"UTC+06:30"	"AccusingHutch"	{}	{"job_argumentation": 1, "job_experimentation": 5, "job_modeling": 0, "job_name": "bayou-blue-waters", "money": 2420, "region": "BayouStation", "scene_type": "ship", "science_level": 3, "science_points": 245, "site": "Experimentation", "task_list": [{"is_complete": true, "task_id": "findGreen"}, {"is_complete": true, "task_id": "countGreen"}, {"is_complete": true, "task_id": "stressCB"}, {"is_complete": true, "task_id": "measureEffect"}, {"is_complete": true, "task_id": "measureReproduce"}, {"is_complete": false, "task_id": "reportBack"}], "time_since_launch": 1097.39}	257
"26080315294666024"	"AQUALAB"	"2026-08-03T09:18:01.494000+00:00"	"receive_fact"	{"fact_entity": "Cyanobacteria", "fact_id": "Cyanobacteria.Produce.Oxygen.Stressed", "fact_rate": true, "fact_stressed": true, "fact_type": "Produce", "has_rate": true, "server_time": "2026-08-03T04:18:02+00:00"}	"GAME"	"120"	"production"	"6"	"UTC+06:30"	"AccusingHutch"	{}	{"job_argumentation": 1, "job_experimentation": 5, "job_modeling": 0, "job_name": "bayou-blue-waters", "money": 2420, "region": "BayouStation", "scene_type": "ship", "science_level": 3, "science_points": 245, "site": "Experimentation", "task_list": [{"is_complete": true, "task_id": "findGreen"}, {"is_complete": true, "task_id": "countGreen"}, {"is_complete": true, "task_id": "stressCB"}, {"is_complete": true, "task_id": "measureEffect"}, {"is_complete": true, "task_id": "measureReproduce"}, {"is_complete": false, "task_id": "reportBack"}], "time_since_launch": 1097.39}	258
"26080315294666024"	"AQUALAB"	"2026-08-03T09:18:01.494000+00:00"	"receive_fact"	{"fact_entity": "Cyanobacteria", "fact_id": "Cyanobacteria.Consume.CarbonDioxide.Stressed", "fact_rate": true, "fact_stressed": true, "fact_type": "Consume", "has_rate": true, "server_time": "2026-08-03T04:18:02+00:00"}	"GAME"	"120"	"production"	"6"	"UTC+06:30"	"AccusingHutch"	{}	{"job_argumentation": 1, "job_experimentation": 5, "job_modeling": 0, "job_name": "bayou-blue-waters", "money": 2420, "region": "BayouStation", "scene_type": "ship", "science_level": 3, "science_points": 245, "site": "Experimentation", "task_list": [{"is_complete": true, "task_id": "findGreen"}, {"is_complete": true, "task_id": "countGreen"}, {"is_complete": true, "task_id": "stressCB"}, {"is_complete": true, "task_id": "measureEffect"}, {"is_complete": true, "task_id": "measureReproduce"}, {"is_complete": false, "task_id": "reportBack"}], "time_since_launch": 1097.39}	259
"26080315294666024"	"AQUALAB"	"2026-08-03T09:18:07.781000+00:00"	"script_began"	{"node_id": "partner.talk.experiment.generic.measurement-tank.track-complete", "server_time": "2026-08-03T04:18:07+00:00"}	"GAME"	"120"	"production"	"6"	"UTC+06:30"	"AccusingHutch"	{}	{"job_argumentation": 1, "job_experimentation": 5, "job_modeling": 0, "job_name": "bayou-blue-waters", "money": 2420, "region": "BayouStation", "scene_type": "ship", "science_level": 3, "science_points": 245, "site": "Experimentation", "task_list": [{"is_complete": true, "task_id": "findGreen"}, {"is_complete": true, "task_id": "countGreen"}, {"is_complete": true, "task_id": "stressCB"}, {"is_complete": true, "task_id": "measureEffect"}, {"is_complete": true, "task_id": "measureReproduce"}, {"is_complete": false, "task_id": "reportBack"}], "time_since_launch": 1103.67}	260
"26080315294666024"	"AQUALAB"	"2026-08-03T09:18:07.782000+00:00"	"end_experiment"	{"autofeeder_enabled": true, "critters": "Cyanobacteria", "environment": "Y_IceCrevice", "server_time": "2026-08-03T04:18:07+00:00", "stabilizer_enabled": false, "tank_type": "Measurement"}	"GAME"	"120"	"production"	"6"	"UTC+06:30"	"AccusingHutch"	{}	{"job_argumentation": 1, "job_experimentation": 5, "job_modeling": 0, "job_name": "bayou-blue-waters", "money": 2420, "region": "BayouStation", "scene_type": "ship", "science_level": 3, "science_points": 245, "site": "Experimentation", "task_list": [{"is_complete": true, "task_id": "findGreen"}, {"is_complete": true, "task_id": "countGreen"}, {"is_complete": true, "task_id": "stressCB"}, {"is_complete": true, "task_id": "measureEffect"}, {"is_complete": true, "task_id": "measureReproduce"}, {"is_complete": false, "task_id": "reportBack"}], "time_since_launch": 1103.67}	261
"26080315294666024"	"AQUALAB"	"2026-08-03T09:18:07.828000+00:00"	"script_began"	{"node_id": "job.bayou-blue-waters.experimentsCompleted", "server_time": "2026-08-03T04:18:07+00:00"}	"GAME"	"120"	"production"	"6"	"UTC+06:30"	"AccusingHutch"	{}	{"job_argumentation": 1, "job_experimentation": 5, "job_modeling": 0, "job_name": "bayou-blue-waters", "money": 2420, "region": "BayouStation", "scene_type": "ship", "science_level": 3, "science_points": 245, "site": "Experimentation", "task_list": [{"is_complete": true, "task_id": "findGreen"}, {"is_complete": true, "task_id": "countGreen"}, {"is_complete": true, "task_id": "stressCB"}, {"is_complete": true, "task_id": "measureEffect"}, {"is_complete": true, "task_id": "measureReproduce"}, {"is_complete": false, "task_id": "reportBack"}], "time_since_launch": 1103.72}	262
"26080315294666024"	"AQUALAB"	"2026-08-03T09:18:07.873000+00:00"	"script_line_displayed"	{"node_id": "job.bayou-blue-waters.experimentsCompleted", "server_time": "2026-08-03T04:18:07+00:00", "speaker": "", "text_string": "We've learned quite a bit about Cyanobacteria. Let's show Silias how they're impacting the water."}	"GAME"	"120"	"production"	"6"	"UTC+06:30"	"AccusingHutch"	{}	{"job_argumentation": 1, "job_experimentation": 5, "job_modeling": 0, "job_name": "bayou-blue-waters", "money": 2420, "region": "BayouStation", "scene_type": "ship", "science_level": 3, "science_points": 245, "site": "Experimentation", "task_list": [{"is_complete": true, "task_id": "findGreen"}, {"is_complete": true, "task_id": "countGreen"}, {"is_complete": true, "task_id": "stressCB"}, {"is_complete": true, "task_id": "measureEffect"}, {"is_complete": true, "task_id": "measureReproduce"}, {"is_complete": false, "task_id": "reportBack"}], "time_since_launch": 1103.76}	263
"26080315294666024"	"AQUALAB"	"2026-08-03T09:19:27.373000+00:00"	"load_error"	{"server_time": "2026-08-03T04:19:29+00:00", "url": "https://fieldday-web.wcer.wisc.edu/wsgi-bin/opengamedata.wsgi/player/AccusingHutch/game/AQUALAB/state"}	"GAME"	"120"	"production"	"6"	"UTC+06:30"	"AccusingHutch"	{}	{"job_argumentation": 1, "job_experimentation": 5, "job_modeling": 0, "job_name": "bayou-blue-waters", "money": 2420, "region": "BayouStation", "scene_type": "ship", "science_level": 3, "science_points": 245, "site": "Experimentation", "task_list": [{"is_complete": true, "task_id": "findGreen"}, {"is_complete": true, "task_id": "countGreen"}, {"is_complete": true, "task_id": "stressCB"}, {"is_complete": true, "task_id": "measureEffect"}, {"is_complete": true, "task_id": "measureReproduce"}, {"is_complete": false, "task_id": "reportBack"}], "time_since_launch": 1183.26}	264
"26080410283393275"	"AQUALAB"	"2026-08-04T03:59:04.786000+00:00"	"scene_changed"	{"scene_name": "ExperimentV2", "server_time": "2026-08-03T23:00:16+00:00"}	"GAME"	"120"	"production"	"6"	"UTC+06:30"	"AccusingHutch"	{}	{"job_name": "no-active-job", "money": 0, "region": "no-active-region", "scene_type": "menu", "science_level": 0, "science_points": 0, "site": "no-active-site", "time_since_launch": 13.04}	0
"26080410283393275"	"AQUALAB"	"2026-08-04T03:59:04.792000+00:00"	"switch_job"	{"prev_job_name": "bayou-blue-waters", "server_time": "2026-08-03T23:00:16+00:00"}	"GAME"	"120"	"production"	"6"	"UTC+06:30"	"AccusingHutch"	{}	{"job_argumentation": 1, "job_experimentation": 5, "job_modeling": 0, "job_name": "bayou-blue-waters", "money": 2420, "region": "BayouStation", "scene_type": "ship", "science_level": 3, "science_points": 245, "site": "Experimentation", "task_list": [{"is_complete": true, "task_id": "findGreen"}, {"is_complete": true, "task_id": "countGreen"}, {"is_complete": true, "task_id": "stressCB"}, {"is_complete": false, "task_id": "measureEffect"}, {"is_complete": true, "task_id": "measureReproduce"}, {"is_complete": false, "task_id": "reportBack"}], "time_since_launch": 33.41}	1
"26080410283393275"	"AQUALAB"	"2026-08-04T03:59:09.761000+00:00"	"script_began"	{"node_id": "job.bayou-blue-waters.catchMeasureEffect", "server_time": "2026-08-03T23:00:16+00:00"}	"GAME"	"120"	"production"	"6"	"UTC+06:30"	"AccusingHutch"	{}	{"job_argumentation": 1, "job_experimentation": 5, "job_modeling": 0, "job_name": "bayou-blue-waters", "money": 2420, "region": "BayouStation", "scene_type": "ship", "science_level": 3, "science_points": 245, "site": "Experimentation", "task_list": [{"is_complete": true, "task_id": "findGreen"}, {"is_complete": true, "task_id": "countGreen"}, {"is_complete": true, "task_id": "stressCB"}, {"is_complete": false, "task_id": "measureEffect"}, {"is_complete": true, "task_id": "measureReproduce"}, {"is_complete": false, "task_id": "reportBack"}], "time_since_launch": 38.38}	2
"26080410283393275"	"AQUALAB"	"2026-08-04T03:59:09.768000+00:00"	"ask_for_help"	{"node_id": "job.bayou-blue-waters.catchMeasureEffect", "server_time": "2026-08-03T23:00:16+00:00"}	"GAME"	"120"	"production"	"6"	"UTC+06:30"	"AccusingHutch"	{}	{"job_argumentation": 1, "job_experimentation": 5, "job_modeling": 0, "job_name": "bayou-blue-waters", "money": 2420, "region": "BayouStation", "scene_type": "ship", "science_level": 3, "science_points": 245, "site": "Experimentation", "task_list": [{"is_complete": true, "task_id": "findGreen"}, {"is_complete": true, "task_id": "countGreen"}, {"is_complete": true, "task_id": "stressCB"}, {"is_complete": false, "task_id": "measureEffect"}, {"is_complete": true, "task_id": "measureReproduce"}, {"is_complete": false, "task_id": "reportBack"}], "time_since_launch": 38.39}	3
"26080410283393275"	"AQUALAB"	"2026-08-04T03:59:09.785000+00:00"	"script_line_displayed"	{"node_id": "job.bayou-blue-waters.catchMeasureEffect", "server_time": "2026-08-03T23:00:16+00:00", "speaker": "", "text_string": "The Measurement Tank will help us understand Cyanobacteria better."}	"GAME"	"120"	"production"	"6"	"UTC+06:30"	"AccusingHutch"	{}	{"job_argumentation": 1, "job_experimentation": 5, "job_modeling": 0, "job_name": "bayou-blue-waters", "money": 2420, "region": "BayouStation", "scene_type": "ship", "science_level": 3, "science_points": 245, "site": "Experimentation", "task_list": [{"is_complete": true, "task_id": "findGreen"}, {"is_complete": true, "task_id": "countGreen"}, {"is_complete": true, "task_id": "stressCB"}, {"is_complete": false, "task_id": "measureEffect"}, {"is_complete": true, "task_id": "measureReproduce"}, {"is_complete": false, "task_id": "reportBack"}], "time_since_launch": 38.41}	4
"26080410283393275"	"AQUALAB"	"2026-08-04T03:59:11.665000+00:00"	"script_line_displayed"	{"node_id": "job.bayou-blue-waters.catchMeasureEffect", "server_time": "2026-08-03T23:00:16+00:00", "speaker": "", "text_string": "We'll need to measure Cyanobacteria in an environment with water that stresses it."}	"GAME"	"120"	"production"	"6"	"UTC+06:30"	"AccusingHutch"	{}	{"job_argumentation": 1, "job_experimentation": 5, "job_modeling": 0, "job_name": "bayou-blue-waters", "money": 2420, "region": "BayouStation", "scene_type": "ship", "science_level": 3, "science_points": 245, "site": "Experimentation", "task_list": [{"is_complete": true, "task_id": "findGreen"}, {"is_complete": true, "task_id": "countGreen"}, {"is_complete": true, "task_id": "stressCB"}, {"is_complete": false, "task_id": "measureEffect"}, {"is_complete": true, "task_id": "measureReproduce"}, {"is_complete": false, "task_id": "reportBack"}], "time_since_launch": 40.29}	5
"26080410283393275"	"AQUALAB"	"2026-08-04T03:59:13.848000+00:00"	"script_line_displayed"	{"node_id": "job.bayou-blue-waters.catchMeasureEffect", "server_time": "2026-08-03T23:00:16+00:00", "speaker": "", "text_string": "...Though scanning through AQOS, I don't believe we've identified any sites with conditions that would stress them."}	"GAME"	"120"	"production"	"6"	"UTC+06:30"	"AccusingHutch"	{}	{"job_argumentation": 1, "job_experimentation": 5, "job_modeling": 0, "job_name": "bayou-blue-waters", "money": 2420, "region": "BayouStation", "scene_type": "ship", "science_level": 3, "science_points": 245, "site": "Experimentation", "task_list": [{"is_complete": true, "task_id": "findGreen"}, {"is_complete": true, "task_id": "countGreen"}, {"is_complete": true, "task_id": "stressCB"}, {"is_complete": false, "task_id": "measureEffect"}, {"is_complete": true, "task_id": "measureReproduce"}, {"is_complete": false, "task_id": "reportBack"}], "time_since_launch": 42.47}	6
"26080410283393275"	"AQUALAB"	"2026-08-04T03:59:16.838000+00:00"	"script_line_displayed"	{"node_id": "job.bayou-blue-waters.catchMeasureEffect", "server_time": "2026-08-03T23:00:16+00:00", "speaker": "", "text_string": "We may need to come back to this job once we've seen more extreme biomes."}	"GAME"	"120"	"production"	"6"	"UTC+06:30"	"AccusingHutch"	{}	{"job_argumentation": 1, "job_experimentation": 5, "job_modeling": 0, "job_name": "bayou-blue-waters", "money": 2420, "region": "BayouStation", "scene_type": "ship", "science_level": 3, "science_points": 245, "site": "Experimentation", "task_list": [{"is_complete": true, "task_id": "findGreen"}, {"is_complete": true, "task_id": "countGreen"}, {"is_complete": true, "task_id": "stressCB"}, {"is_complete": false, "task_id": "measureEffect"}, {"is_complete": true, "task_id": "measureReproduce"}, {"is_complete": false, "task_id": "reportBack"}], "time_since_launch": 45.46}	7
"26080410283393275"	"AQUALAB"	"2026-08-04T03:59:20.433000+00:00"	"open_status"	{"server_time": "2026-08-03T23:00:16+00:00"}	"GAME"	"120"	"production"	"6"	"UTC+06:30"	"AccusingHutch"	{}	{"job_argumentation": 1, "job_experimentation": 5, "job_modeling": 0, "job_name": "bayou-blue-waters", "money": 2420, "region": "BayouStation", "scene_type": "ship", "science_level": 3, "science_points": 245, "site": "Experimentation", "task_list": [{"is_complete": true, "task_id": "findGreen"}, {"is_complete": true, "task_id": "countGreen"}, {"is_complete": true, "task_id": "stressCB"}, {"is_complete": false, "task_id": "measureEffect"}, {"is_complete": true, "task_id": "measureReproduce"}, {"is_complete": false, "task_id": "reportBack"}], "time_since_launch": 49.06}	8
"26080410283393275"	"AQUALAB"	"2026-08-04T03:59:20.434000+00:00"	"status_open_job_tab"	{"server_time": "2026-08-03T23:00:16+00:00"}	"GAME"	"120"	"production"	"6"	"UTC+06:30"	"AccusingHutch"	{}	{"job_argumentation": 1, "job_experimentation": 5, "job_modeling": 0, "job_name": "bayou-blue-waters", "money": 2420, "region": "BayouStation", "scene_type": "ship", "science_level": 3, "science_points": 245, "site": "Experimentation", "task_list": [{"is_complete": true, "task_id": "findGreen"}, {"is_complete": true, "task_id": "countGreen"}, {"is_complete": true, "task_id": "stressCB"}, {"is_complete": false, "task_id": "measureEffect"}, {"is_complete": true, "task_id": "measureReproduce"}, {"is_complete": false, "task_id": "reportBack"}], "time_since_launch": 49.06}	9
"26080410283393275"	"AQUALAB"	"2026-08-04T03:59:20.434000+00:00"	"status_open_job_tab"	{"server_time": "2026-08-03T23:00:16+00:00"}	"GAME"	"120"	"production"	"6"	"UTC+06:30"	"AccusingHutch"	{}	{"job_argumentation": 1, "job_experimentation": 5, "job_modeling": 0, "job_name": "bayou-blue-waters", "money": 2420, "region": "BayouStation", "scene_type": "ship", "science_level": 3, "science_points": 245, "site": "Experimentation", "task_list": [{"is_complete": true, "task_id": "findGreen"}, {"is_complete": true, "task_id": "countGreen"}, {"is_complete": true, "task_id": "stressCB"}, {"is_complete": false, "task_id": "measureEffect"}, {"is_complete": true, "task_id": "measureReproduce"}, {"is_complete": false, "task_id": "reportBack"}], "time_since_launch": 49.06}	10
"26080410283393275"	"AQUALAB"	"2026-08-04T03:59:23.312000+00:00"	"close_status"	{"server_time": "2026-08-03T23:00:16+00:00"}	"GAME"	"120"	"production"	"6"	"UTC+06:30"	"AccusingHutch"	{}	{"job_argumentation": 1, "job_experimentation": 5, "job_modeling": 0, "job_name": "bayou-blue-waters", "money": 2420, "region": "BayouStation", "scene_type": "ship", "science_level": 3, "science_points": 245, "site": "Experimentation", "task_list": [{"is_complete": true, "task_id": "findGreen"}, {"is_complete": true, "task_id": "countGreen"}, {"is_complete": true, "task_id": "stressCB"}, {"is_complete": false, "task_id": "measureEffect"}, {"is_complete": true, "task_id": "measureReproduce"}, {"is_complete": false, "task_id": "reportBack"}], "time_since_launch": 51.93}	11
"26080410283393275"	"AQUALAB"	"2026-08-04T03:59:23.320000+00:00"	"open_bestiary"	{"server_time": "2026-08-03T23:00:16+00:00"}	"GAME"	"120"	"production"	"6"	"UTC+06:30"	"AccusingHutch"	{}	{"job_argumentation": 1, "job_experimentation": 5, "job_modeling": 0, "job_name": "bayou-blue-waters", "money": 2420, "region": "BayouStation", "scene_type": "ship", "science_level": 3, "science_points": 245, "site": "Experimentation", "task_list": [{"is_complete": true, "task_id": "findGreen"}, {"is_complete": true, "task_id": "countGreen"}, {"is_complete": true, "task_id": "stressCB"}, {"is_complete": false, "task_id": "measureEffect"}, {"is_complete": true, "task_id": "measureReproduce"}, {"is_complete": false, "task_id": "reportBack"}], "time_since_launch": 51.94}	12
"26080410283393275"	"AQUALAB"	"2026-08-04T03:59:23.320000+00:00"	"bestiary_open_environments_tab"	{"server_time": "2026-08-03T23:00:16+00:00"}	"GAME"	"120"	"production"	"6"	"UTC+06:30"	"AccusingHutch"	{}	{"job_argumentation": 1, "job_experimentation": 5, "job_modeling": 0, "job_name": "bayou-blue-waters", "money": 2420, "region": "BayouStation", "scene_type": "ship", "science_level": 3, "science_points": 245, "site": "Experimentation", "task_list": [{"is_complete": true, "task_id": "findGreen"}, {"is_complete": true, "task_id": "countGreen"}, {"is_complete": true, "task_id": "stressCB"}, {"is_complete": false, "task_id": "measureEffect"}, {"is_complete": true, "task_id": "measureReproduce"}, {"is_complete": false, "task_id": "reportBack"}], "time_since_launch": 51.94}	13
"26080410283393275"	"AQUALAB"	"2026-08-04T03:59:27.629000+00:00"	"close_bestiary"	{"server_time": "2026-08-03T23:00:16+00:00"}	"GAME"	"120"	"production"	"6"	"UTC+06:30"	"AccusingHutch"	{}	{"job_argumentation": 1, "job_experimentation": 5, "job_modeling": 0, "job_name": "bayou-blue-waters", "money": 2420, "region": "BayouStation", "scene_type": "ship", "science_level": 3, "science_points": 245, "site": "Experimentation", "task_list": [{"is_complete": true, "task_id": "findGreen"}, {"is_complete": true, "task_id": "countGreen"}, {"is_complete": true, "task_id": "stressCB"}, {"is_complete": false, "task_id": "measureEffect"}, {"is_complete": true, "task_id": "measureReproduce"}, {"is_complete": false, "task_id": "reportBack"}], "time_since_launch": 56.25}	14
"26080410283393275"	"AQUALAB"	"2026-08-04T03:59:36.289000+00:00"	"add_environment"	{"environment": "Y_IceCrevice", "server_time": "2026-08-03T23:00:16+00:00", "tank_type": "Measurement"}	"GAME"	"120"	"production"	"6"	"UTC+06:30"	"AccusingHutch"	{}	{"job_argumentation": 1, "job_experimentation": 5, "job_modeling": 0, "job_name": "bayou-blue-waters", "money": 2420, "region": "BayouStation", "scene_type": "ship", "science_level": 3, "science_points": 245, "site": "Experimentation", "task_list": [{"is_complete": true, "task_id": "findGreen"}, {"is_complete": true, "task_id": "countGreen"}, {"is_complete": true, "task_id": "stressCB"}, {"is_complete": false, "task_id": "measureEffect"}, {"is_complete": true, "task_id": "measureReproduce"}, {"is_complete": false, "task_id": "reportBack"}], "time_since_launch": 64.91}	15
"26080410283393275"	"AQUALAB"	"2026-08-04T03:59:43.229000+00:00"	"add_critter"	{"critter": "Cyanobacteria", "environment": "Y_IceCrevice", "server_time": "2026-08-03T23:00:16+00:00", "tank_type": "Measurement"}	"GAME"	"120"	"production"	"6"	"UTC+06:30"	"AccusingHutch"	{}	{"job_argumentation": 1, "job_experimentation": 5, "job_modeling": 0, "job_name": "bayou-blue-waters", "money": 2420, "region": "BayouStation", "scene_type": "ship", "science_level": 3, "science_points": 245, "site": "Experimentation", "task_list": [{"is_complete": true, "task_id": "findGreen"}, {"is_complete": true, "task_id": "countGreen"}, {"is_complete": true, "task_id": "stressCB"}, {"is_complete": false, "task_id": "measureEffect"}, {"is_complete": true, "task_id": "measureReproduce"}, {"is_complete": false, "task_id": "reportBack"}], "time_since_launch": 71.85}	16
"26080410283393275"	"AQUALAB"	"2026-08-04T03:59:48.344000+00:00"	"begin_experiment"	{"autofeeder_enabled": true, "critters": "Cyanobacteria", "environment": "Y_IceCrevice", "server_time": "2026-08-03T23:00:16+00:00", "stabilizer_enabled": true, "tank_type": "Measurement"}	"GAME"	"120"	"production"	"6"	"UTC+06:30"	"AccusingHutch"	{}	{"job_argumentation": 1, "job_experimentation": 5, "job_modeling": 0, "job_name": "bayou-blue-waters", "money": 2420, "region": "BayouStation", "scene_type": "ship", "science_level": 3, "science_points": 245, "site": "Experimentation", "task_list": [{"is_complete": true, "task_id": "findGreen"}, {"is_complete": true, "task_id": "countGreen"}, {"is_complete": true, "task_id": "stressCB"}, {"is_complete": false, "task_id": "measureEffect"}, {"is_complete": true, "task_id": "measureReproduce"}, {"is_complete": false, "task_id": "reportBack"}], "time_since_launch": 76.97}	17
"26080410283393275"	"AQUALAB"	"2026-08-04T04:00:10.584000+00:00"	"script_began"	{"node_id": "partner.talk.experiment.generic.measurement-tank.track-complete", "server_time": "2026-08-03T23:00:16+00:00"}	"GAME"	"120"	"production"	"6"	"UTC+06:30"	"AccusingHutch"	{}	{"job_argumentation": 1, "job_experimentation": 5, "job_modeling": 0, "job_name": "bayou-blue-waters", "money": 2420, "region": "BayouStation", "scene_type": "ship", "science_level": 3, "science_points": 245, "site": "Experimentation", "task_list": [{"is_complete": true, "task_id": "findGreen"}, {"is_complete": true, "task_id": "countGreen"}, {"is_complete": true, "task_id": "stressCB"}, {"is_complete": false, "task_id": "measureEffect"}, {"is_complete": true, "task_id": "measureReproduce"}, {"is_complete": false, "task_id": "reportBack"}], "time_since_launch": 99.21}	18
"26080410283393275"	"AQUALAB"	"2026-08-04T04:00:10.586000+00:00"	"end_experiment"	{"autofeeder_enabled": true, "critters": "Cyanobacteria", "environment": "Y_IceCrevice", "server_time": "2026-08-03T23:00:16+00:00", "stabilizer_enabled": true, "tank_type": "Measurement"}	"GAME"	"120"	"production"	"6"	"UTC+06:30"	"AccusingHutch"	{}	{"job_argumentation": 1, "job_experimentation": 5, "job_modeling": 0, "job_name": "bayou-blue-waters", "money": 2420, "region": "BayouStation", "scene_type": "ship", "science_level": 3, "science_points": 245, "site": "Experimentation", "task_list": [{"is_complete": true, "task_id": "findGreen"}, {"is_complete": true, "task_id": "countGreen"}, {"is_complete": true, "task_id": "stressCB"}, {"is_complete": false, "task_id": "measureEffect"}, {"is_complete": true, "task_id": "measureReproduce"}, {"is_complete": false, "task_id": "reportBack"}], "time_since_launch": 99.21}	19
"26080410283393275"	"AQUALAB"	"2026-08-04T04:00:14.287000+00:00"	"add_environment"	{"environment": "Y_IceCrevice", "server_time": "2026-08-03T23:00:16+00:00", "tank_type": ""}	"GAME"	"120"	"production"	"6"	"UTC+06:30"	"AccusingHutch"	{}	{"job_argumentation": 1, "job_experimentation": 5, "job_modeling": 0, "job_name": "bayou-blue-waters", "money": 2420, "region": "BayouStation", "scene_type": "ship", "science_level": 3, "science_points": 245, "site": "Experimentation", "task_list": [{"is_complete": true, "task_id": "findGreen"}, {"is_complete": true, "task_id": "countGreen"}, {"is_complete": true, "task_id": "stressCB"}, {"is_complete": false, "task_id": "measureEffect"}, {"is_complete": true, "task_id": "measureReproduce"}, {"is_complete": false, "task_id": "reportBack"}], "time_since_launch": 102.91}	20
"26080410283393275"	"AQUALAB"	"2026-08-04T04:00:20.794000+00:00"	"add_critter"	{"critter": "Cyanobacteria", "environment": "Y_IceCrevice", "server_time": "2026-08-03T23:00:20+00:00", "tank_type": ""}	"GAME"	"120"	"production"	"6"	"UTC+06:30"	"AccusingHutch"	{}	{"job_argumentation": 1, "job_experimentation": 5, "job_modeling": 0, "job_name": "bayou-blue-waters", "money": 2420, "region": "BayouStation", "scene_type": "ship", "science_level": 3, "science_points": 245, "site": "Experimentation", "task_list": [{"is_complete": true, "task_id": "findGreen"}, {"is_complete": true, "task_id": "countGreen"}, {"is_complete": true, "task_id": "stressCB"}, {"is_complete": false, "task_id": "measureEffect"}, {"is_complete": true, "task_id": "measureReproduce"}, {"is_complete": false, "task_id": "reportBack"}], "time_since_launch": 109.42}	21
"26080410283393275"	"AQUALAB"	"2026-08-04T04:00:21.805000+00:00"	"script_began"	{"node_id": "job.bayou-blue-waters.catchMeasureEffect", "server_time": "2026-08-03T23:00:21+00:00"}	"GAME"	"120"	"production"	"6"	"UTC+06:30"	"AccusingHutch"	{}	{"job_argumentation": 1, "job_experimentation": 5, "job_modeling": 0, "job_name": "bayou-blue-waters", "money": 2420, "region": "BayouStation", "scene_type": "ship", "science_level": 3, "science_points": 245, "site": "Experimentation", "task_list": [{"is_complete": true, "task_id": "findGreen"}, {"is_complete": true, "task_id": "countGreen"}, {"is_complete": true, "task_id": "stressCB"}, {"is_complete": false, "task_id": "measureEffect"}, {"is_complete": true, "task_id": "measureReproduce"}, {"is_complete": false, "task_id": "reportBack"}], "time_since_launch": 110.43}	22
"26080410283393275"	"AQUALAB"	"2026-08-04T04:00:21.807000+00:00"	"ask_for_help"	{"node_id": "job.bayou-blue-waters.catchMeasureEffect", "server_time": "2026-08-03T23:00:21+00:00"}	"GAME"	"120"	"production"	"6"	"UTC+06:30"	"AccusingHutch"	{}	{"job_argumentation": 1, "job_experimentation": 5, "job_modeling": 0, "job_name": "bayou-blue-waters", "money": 2420, "region": "BayouStation", "scene_type": "ship", "science_level": 3, "science_points": 245, "site": "Experimentation", "task_list": [{"is_complete": true, "task_id": "findGreen"}, {"is_complete": true, "task_id": "countGreen"}, {"is_complete": true, "task_id": "stressCB"}, {"is_complete": false, "task_id": "measureEffect"}, {"is_complete": true, "task_id": "measureReproduce"}, {"is_complete": false, "task_id": "reportBack"}], "time_since_launch": 110.43}	23
"26080410283393275"	"AQUALAB"	"2026-08-04T04:00:21.810000+00:00"	"script_line_displayed"	{"node_id": "job.bayou-blue-waters.catchMeasureEffect", "server_time": "2026-08-03T23:00:21+00:00", "speaker": "", "text_string": "The Measurement Tank will help us understand Cyanobacteria better."}	"GAME"	"120"	"production"	"6"	"UTC+06:30"	"AccusingHutch"	{}	{"job_argumentation": 1, "job_experimentation": 5, "job_modeling": 0, "job_name": "bayou-blue-waters", "money": 2420, "region": "BayouStation", "scene_type": "ship", "science_level": 3, "science_points": 245, "site": "Experimentation", "task_list": [{"is_complete": true, "task_id": "findGreen"}, {"is_complete": true, "task_id": "countGreen"}, {"is_complete": true, "task_id": "stressCB"}, {"is_complete": false, "task_id": "measureEffect"}, {"is_complete": true, "task_id": "measureReproduce"}, {"is_complete": false, "task_id": "reportBack"}], "time_since_launch": 110.43}	24
"26080410283393275"	"AQUALAB"	"2026-08-04T04:00:23.667000+00:00"	"script_line_displayed"	{"node_id": "job.bayou-blue-waters.catchMeasureEffect", "server_time": "2026-08-03T23:00:23+00:00", "speaker": "", "text_string": "We'll need to measure Cyanobacteria in an environment with water that stresses it."}	"GAME"	"120"	"production"	"6"	"UTC+06:30"	"AccusingHutch"	{}	{"job_argumentation": 1, "job_experimentation": 5, "job_modeling": 0, "job_name": "bayou-blue-waters", "money": 2420, "region": "BayouStation", "scene_type": "ship", "science_level": 3, "science_points": 245, "site": "Experimentation", "task_list": [{"is_complete": true, "task_id": "findGreen"}, {"is_complete": true, "task_id": "countGreen"}, {"is_complete": true, "task_id": "stressCB"}, {"is_complete": false, "task_id": "measureEffect"}, {"is_complete": true, "task_id": "measureReproduce"}, {"is_complete": false, "task_id": "reportBack"}], "time_since_launch": 112.29}	25
"26080410283393275"	"AQUALAB"	"2026-08-04T04:00:24.633000+00:00"	"script_line_displayed"	{"node_id": "job.bayou-blue-waters.catchMeasureEffect", "server_time": "2026-08-03T23:00:24+00:00", "speaker": "", "text_string": "...Though scanning through AQOS, I don't believe we've identified any sites with conditions that would stress them."}	"GAME"	"120"	"production"	"6"	"UTC+06:30"	"AccusingHutch"	{}	{"job_argumentation": 1, "job_experimentation": 5, "job_modeling": 0, "job_name": "bayou-blue-waters", "money": 2420, "region": "BayouStation", "scene_type": "ship", "science_level": 3, "science_points": 245, "site": "Experimentation", "task_list": [{"is_complete": true, "task_id": "findGreen"}, {"is_complete": true, "task_id": "countGreen"}, {"is_complete": true, "task_id": "stressCB"}, {"is_complete": false, "task_id": "measureEffect"}, {"is_complete": true, "task_id": "measureReproduce"}, {"is_complete": false, "task_id": "reportBack"}], "time_since_launch": 113.26}	26
"26080410283393275"	"AQUALAB"	"2026-08-04T04:00:27.410000+00:00"	"script_line_displayed"	{"node_id": "job.bayou-blue-waters.catchMeasureEffect", "server_time": "2026-08-03T23:00:27+00:00", "speaker": "", "text_string": "We may need to come back to this job once we've seen more extreme biomes."}	"GAME"	"120"	"production"	"6"	"UTC+06:30"	"AccusingHutch"	{}	{"job_argumentation": 1, "job_experimentation": 5, "job_modeling": 0, "job_name": "bayou-blue-waters", "money": 2420, "region": "BayouStation", "scene_type": "ship", "science_level": 3, "science_points": 245, "site": "Experimentation", "task_list": [{"is_complete": true, "task_id": "findGreen"}, {"is_complete": true, "task_id": "countGreen"}, {"is_complete": true, "task_id": "stressCB"}, {"is_complete": false, "task_id": "measureEffect"}, {"is_complete": true, "task_id": "measureReproduce"}, {"is_complete": false, "task_id": "reportBack"}], "time_since_launch": 116.03}	27
"26080410283393275"	"AQUALAB"	"2026-08-04T04:00:33.409000+00:00"	"begin_experiment"	{"autofeeder_enabled": true, "critters": "Cyanobacteria", "environment": "Y_IceCrevice", "server_time": "2026-08-03T23:00:33+00:00", "stabilizer_enabled": false, "tank_type": "Measurement"}	"GAME"	"120"	"production"	"6"	"UTC+06:30"	"AccusingHutch"	{}	{"job_argumentation": 1, "job_experimentation": 5, "job_modeling": 0, "job_name": "bayou-blue-waters", "money": 2420, "region": "BayouStation", "scene_type": "ship", "science_level": 3, "science_points": 245, "site": "Experimentation", "task_list": [{"is_complete": true, "task_id": "findGreen"}, {"is_complete": true, "task_id": "countGreen"}, {"is_complete": true, "task_id": "stressCB"}, {"is_complete": false, "task_id": "measureEffect"}, {"is_complete": true, "task_id": "measureReproduce"}, {"is_complete": false, "task_id": "reportBack"}], "time_since_launch": 122.03}	28
"26080410283393275"	"AQUALAB"	"2026-08-04T04:00:42.881000+00:00"	"complete_task"	{"server_time": "2026-08-03T23:00:43+00:00", "task_id": "measureEffect"}	"GAME"	"120"	"production"	"6"	"UTC+06:30"	"AccusingHutch"	{}	{"job_argumentation": 1, "job_experimentation": 5, "job_modeling": 0, "job_name": "bayou-blue-waters", "money": 2420, "region": "BayouStation", "scene_type": "ship", "science_level": 3, "science_points": 245, "site": "Experimentation", "task_list": [{"is_complete": true, "task_id": "findGreen"}, {"is_complete": true, "task_id": "countGreen"}, {"is_complete": true, "task_id": "stressCB"}, {"is_complete": false, "task_id": "measureEffect"}, {"is_complete": true, "task_id": "measureReproduce"}, {"is_complete": false, "task_id": "reportBack"}], "time_since_launch": 131.5}	29
"26080410283393275"	"AQUALAB"	"2026-08-04T04:00:42.882000+00:00"	"receive_fact"	{"fact_entity": "Cyanobacteria", "fact_id": "Cyanobacteria.Consume.Light.Stressed", "fact_rate": true, "fact_stressed": true, "fact_type": "Consume", "has_rate": true, "server_time": "2026-08-03T23:00:43+00:00"}	"GAME"	"120"	"production"	"6"	"UTC+06:30"	"AccusingHutch"	{}	{"job_argumentation": 1, "job_experimentation": 5, "job_modeling": 0, "job_name": "bayou-blue-waters", "money": 2420, "region": "BayouStation", "scene_type": "ship", "science_level": 3, "science_points": 245, "site": "Experimentation", "task_list": [{"is_complete": true, "task_id": "findGreen"}, {"is_complete": true, "task_id": "countGreen"}, {"is_complete": true, "task_id": "stressCB"}, {"is_complete": true, "task_id": "measureEffect"}, {"is_complete": true, "task_id": "measureReproduce"}, {"is_complete": false, "task_id": "reportBack"}], "time_since_launch": 131.5}	30
"26080410283393275"	"AQUALAB"	"2026-08-04T04:00:42.884000+00:00"	"receive_fact"	{"fact_entity": "Cyanobacteria", "fact_id": "Cyanobacteria.Produce.Oxygen.Stressed", "fact_rate": true, "fact_stressed": true, "fact_type": "Produce", "has_rate": true, "server_time": "2026-08-03T23:00:43+00:00"}	"GAME"	"120"	"production"	"6"	"UTC+06:30"	"AccusingHutch"	{}	{"job_argumentation": 1, "job_experimentation": 5, "job_modeling": 0, "job_name": "bayou-blue-waters", "money": 2420, "region": "BayouStation", "scene_type": "ship", "science_level": 3, "science_points": 245, "site": "Experimentation", "task_list": [{"is_complete": true, "task_id": "findGreen"}, {"is_complete": true, "task_id": "countGreen"}, {"is_complete": true, "task_id": "stressCB"}, {"is_complete": true, "task_id": "measureEffect"}, {"is_complete": true, "task_id": "measureReproduce"}, {"is_complete": false, "task_id": "reportBack"}], "time_since_launch": 131.51}	31
"26080410283393275"	"AQUALAB"	"2026-08-04T04:00:42.885000+00:00"	"receive_fact"	{"fact_entity": "Cyanobacteria", "fact_id": "Cyanobacteria.Consume.CarbonDioxide.Stressed", "fact_rate": true, "fact_stressed": true, "fact_type": "Consume", "has_rate": true, "server_time": "2026-08-03T23:00:43+00:00"}	"GAME"	"120"	"production"	"6"	"UTC+06:30"	"AccusingHutch"	{}	{"job_argumentation": 1, "job_experimentation": 5, "job_modeling": 0, "job_name": "bayou-blue-waters", "money": 2420, "region": "BayouStation", "scene_type": "ship", "science_level": 3, "science_points": 245, "site": "Experimentation", "task_list": [{"is_complete": true, "task_id": "findGreen"}, {"is_complete": true, "task_id": "countGreen"}, {"is_complete": true, "task_id": "stressCB"}, {"is_complete": true, "task_id": "measureEffect"}, {"is_complete": true, "task_id": "measureReproduce"}, {"is_complete": false, "task_id": "reportBack"}], "time_since_launch": 131.51}	32
"26080410283393275"	"AQUALAB"	"2026-08-04T04:00:48.225000+00:00"	"script_began"	{"node_id": "partner.talk.experiment.generic.measurement-tank.track-complete", "server_time": "2026-08-03T23:00:47+00:00"}	"GAME"	"120"	"production"	"6"	"UTC+06:30"	"AccusingHutch"	{}	{"job_argumentation": 1, "job_experimentation": 5, "job_modeling": 0, "job_name": "bayou-blue-waters", "money": 2420, "region": "BayouStation", "scene_type": "ship", "science_level": 3, "science_points": 245, "site": "Experimentation", "task_list": [{"is_complete": true, "task_id": "findGreen"}, {"is_complete": true, "task_id": "countGreen"}, {"is_complete": true, "task_id": "stressCB"}, {"is_complete": true, "task_id": "measureEffect"}, {"is_complete": true, "task_id": "measureReproduce"}, {"is_complete": false, "task_id": "reportBack"}], "time_since_launch": 136.85}	33
"26080410283393275"	"AQUALAB"	"2026-08-04T04:00:48.226000+00:00"	"end_experiment"	{"autofeeder_enabled": true, "critters": "Cyanobacteria", "environment": "Y_IceCrevice", "server_time": "2026-08-03T23:00:47+00:00", "stabilizer_enabled": false, "tank_type": "Measurement"}	"GAME"	"120"	"production"	"6"	"UTC+06:30"	"AccusingHutch"	{}	{"job_argumentation": 1, "job_experimentation": 5, "job_modeling": 0, "job_name": "bayou-blue-waters", "money": 2420, "region": "BayouStation", "scene_type": "ship", "science_level": 3, "science_points": 245, "site": "Experimentation", "task_list": [{"is_complete": true, "task_id": "findGreen"}, {"is_complete": true, "task_id": "countGreen"}, {"is_complete": true, "task_id": "stressCB"}, {"is_complete": true, "task_id": "measureEffect"}, {"is_complete": true, "task_id": "measureReproduce"}, {"is_complete": false, "task_id": "reportBack"}], "time_since_launch": 136.85}	34
"26080410283393275"	"AQUALAB"	"2026-08-04T04:00:48.271000+00:00"	"script_began"	{"node_id": "job.bayou-blue-waters.experimentsCompleted", "server_time": "2026-08-03T23:00:47+00:00"}	"GAME"	"120"	"production"	"6"	"UTC+06:30"	"AccusingHutch"	{}	{"job_argumentation": 1, "job_experimentation": 5, "job_modeling": 0, "job_name": "bayou-blue-waters", "money": 2420, "region": "BayouStation", "scene_type": "ship", "science_level": 3, "science_points": 245, "site": "Experimentation", "task_list": [{"is_complete": true, "task_id": "findGreen"}, {"is_complete": true, "task_id": "countGreen"}, {"is_complete": true, "task_id": "stressCB"}, {"is_complete": true, "task_id": "measureEffect"}, {"is_complete": true, "task_id": "measureReproduce"}, {"is_complete": false, "task_id": "reportBack"}], "time_since_launch": 136.89}	35
"26080410283393275"	"AQUALAB"	"2026-08-04T04:00:48.311000+00:00"	"script_line_displayed"	{"node_id": "job.bayou-blue-waters.experimentsCompleted", "server_time": "2026-08-03T23:00:47+00:00", "speaker": "", "text_string": "We've learned quite a bit about Cyanobacteria. Let's show Silias how they're impacting the water."}	"GAME"	"120"	"production"	"6"	"UTC+06:30"	"AccusingHutch"	{}	{"job_argumentation": 1, "job_experimentation": 5, "job_modeling": 0, "job_name": "bayou-blue-waters", "money": 2420, "region": "BayouStation", "scene_type": "ship", "science_level": 3, "science_points": 245, "site": "Experimentation", "task_list": [{"is_complete": true, "task_id": "findGreen"}, {"is_complete": true, "task_id": "countGreen"}, {"is_complete": true, "task_id": "stressCB"}, {"is_complete": true, "task_id": "measureEffect"}, {"is_complete": true, "task_id": "measureReproduce"}, {"is_complete": false, "task_id": "reportBack"}], "time_since_launch": 136.93}	36
"26080410283393275"	"AQUALAB"	"2026-08-04T04:00:58.236000+00:00"	"room_changed"	{"room_name": "Station", "server_time": "2026-08-03T23:00:57+00:00"}	"GAME"	"120"	"production"	"6"	"UTC+06:30"	"AccusingHutch"	{}	{"job_argumentation": 1, "job_experimentation": 5, "job_modeling": 0, "job_name": "bayou-blue-waters", "money": 2420, "region": "BayouStation", "scene_type": "ship", "science_level": 3, "science_points": 245, "site": "Experimentation", "task_list": [{"is_complete": true, "task_id": "findGreen"}, {"is_complete": true, "task_id": "countGreen"}, {"is_complete": true, "task_id": "stressCB"}, {"is_complete": true, "task_id": "measureEffect"}, {"is_complete": true, "task_id": "measureReproduce"}, {"is_complete": false, "task_id": "reportBack"}], "time_since_launch": 136.93}	37
"26080410283393275"	"AQUALAB"	"2026-08-04T04:00:58.238000+00:00"	"scene_changed"	{"scene_name": "RS-3O-StationInterior", "server_time": "2026-08-03T23:00:57+00:00"}	"GAME"	"120"	"production"	"6"	"UTC+06:30"	"AccusingHutch"	{}	{"job_argumentation": 1, "job_experimentation": 5, "job_modeling": 0, "job_name": "bayou-blue-waters", "money": 2420, "region": "BayouStation", "scene_type": "ship", "science_level": 3, "science_points": 245, "site": "Experimentation", "task_list": [{"is_complete": true, "task_id": "findGreen"}, {"is_complete": true, "task_id": "countGreen"}, {"is_complete": true, "task_id": "stressCB"}, {"is_complete": true, "task_id": "measureEffect"}, {"is_complete": true, "task_id": "measureReproduce"}, {"is_complete": false, "task_id": "reportBack"}], "time_since_launch": 146.86}	38
"26080410283393275"	"AQUALAB"	"2026-08-04T04:01:00.164000+00:00"	"room_changed"	{"room_name": "JobGiver", "server_time": "2026-08-03T23:00:59+00:00"}	"GAME"	"120"	"production"	"6"	"UTC+06:30"	"AccusingHutch"	{}	{"job_argumentation": 1, "job_experimentation": 5, "job_modeling": 0, "job_name": "bayou-blue-waters", "money": 2420, "region": "BayouStation", "scene_type": "station-interior", "science_level": 3, "science_points": 245, "site": "RS-Bayou", "task_list": [{"is_complete": true, "task_id": "findGreen"}, {"is_complete": true, "task_id": "countGreen"}, {"is_complete": true, "task_id": "stressCB"}, {"is_complete": true, "task_id": "measureEffect"}, {"is_complete": true, "task_id": "measureReproduce"}, {"is_complete": false, "task_id": "reportBack"}], "time_since_launch": 146.86}	39
"26080410283393275"	"AQUALAB"	"2026-08-04T04:01:00.908000+00:00"	"script_began"	{"node_id": "interior.job.bayou_alt.jobGiver.hasJob.a", "server_time": "2026-08-03T23:01:00+00:00"}	"GAME"	"120"	"production"	"6"	"UTC+06:30"	"AccusingHutch"	{}	{"job_argumentation": 1, "job_experimentation": 5, "job_modeling": 0, "job_name": "bayou-blue-waters", "money": 2420, "region": "BayouStation", "scene_type": "station-interior", "science_level": 3, "science_points": 245, "site": "RS-Bayou", "task_list": [{"is_complete": true, "task_id": "findGreen"}, {"is_complete": true, "task_id": "countGreen"}, {"is_complete": true, "task_id": "stressCB"}, {"is_complete": true, "task_id": "measureEffect"}, {"is_complete": true, "task_id": "measureReproduce"}, {"is_complete": false, "task_id": "reportBack"}], "time_since_launch": 149.53}	40
"26080410283393275"	"AQUALAB"	"2026-08-04T04:01:00.921000+00:00"	"script_line_displayed"	{"node_id": "interior.job.bayou_alt.jobGiver.hasJob.a", "server_time": "2026-08-03T23:01:00+00:00", "speaker": "", "text_string": "Hey, got anything to report for your current job?"}	"GAME"	"120"	"production"	"6"	"UTC+06:30"	"AccusingHutch"	{}	{"job_argumentation": 1, "job_experimentation": 5, "job_modeling": 0, "job_name": "bayou-blue-waters", "money": 2420, "region": "BayouStation", "scene_type": "station-interior", "science_level": 3, "science_points": 245, "site": "RS-Bayou", "task_list": [{"is_complete": true, "task_id": "findGreen"}, {"is_complete": true, "task_id": "countGreen"}, {"is_complete": true, "task_id": "stressCB"}, {"is_complete": true, "task_id": "measureEffect"}, {"is_complete": true, "task_id": "measureReproduce"}, {"is_complete": false, "task_id": "reportBack"}], "time_since_launch": 149.54}	41
"26080410283393275"	"AQUALAB"	"2026-08-04T04:01:03.704000+00:00"	"script_began"	{"node_id": "job.bayou-blue-waters.argue.intro", "server_time": "2026-08-03T23:01:03+00:00"}	"GAME"	"120"	"production"	"6"	"UTC+06:30"	"AccusingHutch"	{}	{"job_argumentation": 1, "job_experimentation": 5, "job_modeling": 0, "job_name": "bayou-blue-waters", "money": 2420, "region": "BayouStation", "scene_type": "station-interior", "science_level": 3, "science_points": 245, "site": "RS-Bayou", "task_list": [{"is_complete": true, "task_id": "findGreen"}, {"is_complete": true, "task_id": "countGreen"}, {"is_complete": true, "task_id": "stressCB"}, {"is_complete": true, "task_id": "measureEffect"}, {"is_complete": true, "task_id": "measureReproduce"}, {"is_complete": false, "task_id": "reportBack"}], "time_since_launch": 152.33}	42
"26080410283393275"	"AQUALAB"	"2026-08-04T04:01:03.733000+00:00"	"begin_argument"	{"server_time": "2026-08-03T23:01:03+00:00"}	"GAME"	"120"	"production"	"6"	"UTC+06:30"	"AccusingHutch"	{}	{"job_argumentation": 1, "job_experimentation": 5, "job_modeling": 0, "job_name": "bayou-blue-waters", "money": 2420, "region": "BayouStation", "scene_type": "station-interior", "science_level": 3, "science_points": 245, "site": "RS-Bayou", "task_list": [{"is_complete": true, "task_id": "findGreen"}, {"is_complete": true, "task_id": "countGreen"}, {"is_complete": true, "task_id": "stressCB"}, {"is_complete": true, "task_id": "measureEffect"}, {"is_complete": true, "task_id": "measureReproduce"}, {"is_complete": false, "task_id": "reportBack"}], "time_since_launch": 152.36}	43
"26080410283393275"	"AQUALAB"	"2026-08-04T04:01:03.734000+00:00"	"script_line_displayed"	{"node_id": "job.bayou-blue-waters.argue.intro", "server_time": "2026-08-03T23:01:03+00:00", "speaker": "", "text_string": "What is turning the water green?"}	"GAME"	"120"	"production"	"6"	"UTC+06:30"	"AccusingHutch"	{}	{"job_argumentation": 1, "job_experimentation": 5, "job_modeling": 0, "job_name": "bayou-blue-waters", "money": 2420, "region": "BayouStation", "scene_type": "station-interior", "science_level": 3, "science_points": 245, "site": "RS-Bayou", "task_list": [{"is_complete": true, "task_id": "findGreen"}, {"is_complete": true, "task_id": "countGreen"}, {"is_complete": true, "task_id": "stressCB"}, {"is_complete": true, "task_id": "measureEffect"}, {"is_complete": true, "task_id": "measureReproduce"}, {"is_complete": false, "task_id": "reportBack"}], "time_since_launch": 152.36}	44
"26080410283393275"	"AQUALAB"	"2026-08-04T04:01:07.894000+00:00"	"script_line_displayed"	{"node_id": "job.bayou-blue-waters.argue.lightTrick", "server_time": "2026-08-03T23:01:07+00:00", "speaker": "", "text_string": "Pretty sure it's a trick of the light -- nothing has changed about the ecosystem."}	"GAME"	"120"	"production"	"6"	"UTC+06:30"	"AccusingHutch"	{}	{"job_argumentation": 1, "job_experimentation": 5, "job_modeling": 0, "job_name": "bayou-blue-waters", "money": 2420, "region": "BayouStation", "scene_type": "station-interior", "science_level": 3, "science_points": 245, "site": "RS-Bayou", "task_list": [{"is_complete": true, "task_id": "findGreen"}, {"is_complete": true, "task_id": "countGreen"}, {"is_complete": true, "task_id": "stressCB"}, {"is_complete": true, "task_id": "measureEffect"}, {"is_complete": true, "task_id": "measureReproduce"}, {"is_complete": false, "task_id": "reportBack"}], "time_since_launch": 156.52}	45
"26080410283393275"	"AQUALAB"	"2026-08-04T04:01:10.066000+00:00"	"script_line_displayed"	{"node_id": "job.bayou-blue-waters.argue.lightTrick", "server_time": "2026-08-03T23:01:09+00:00", "speaker": "", "text_string": "As convenient as that would be seem, I doubt that is the case. I'd say keep looking."}	"GAME"	"120"	"production"	"6"	"UTC+06:30"	"AccusingHutch"	{}	{"job_argumentation": 1, "job_experimentation": 5, "job_modeling": 0, "job_name": "bayou-blue-waters", "money": 2420, "region": "BayouStation", "scene_type": "station-interior", "science_level": 3, "science_points": 245, "site": "RS-Bayou", "task_list": [{"is_complete": true, "task_id": "findGreen"}, {"is_complete": true, "task_id": "countGreen"}, {"is_complete": true, "task_id": "stressCB"}, {"is_complete": true, "task_id": "measureEffect"}, {"is_complete": true, "task_id": "measureReproduce"}, {"is_complete": false, "task_id": "reportBack"}], "time_since_launch": 158.69}	46
"26080410283393275"	"AQUALAB"	"2026-08-04T04:01:12.455000+00:00"	"leave_argument"	{"server_time": "2026-08-03T23:01:12+00:00"}	"GAME"	"120"	"production"	"6"	"UTC+06:30"	"AccusingHutch"	{}	{"job_argumentation": 1, "job_experimentation": 5, "job_modeling": 0, "job_name": "bayou-blue-waters", "money": 2420, "region": "BayouStation", "scene_type": "station-interior", "science_level": 3, "science_points": 245, "site": "RS-Bayou", "task_list": [{"is_complete": true, "task_id": "findGreen"}, {"is_complete": true, "task_id": "countGreen"}, {"is_complete": true, "task_id": "stressCB"}, {"is_complete": true, "task_id": "measureEffect"}, {"is_complete": true, "task_id": "measureReproduce"}, {"is_complete": false, "task_id": "reportBack"}], "time_since_launch": 161.08}	47
"26080410283393275"	"AQUALAB"	"2026-08-04T04:01:13.395000+00:00"	"script_began"	{"node_id": "interior.job.bayou_alt.jobGiver.hasJob.a", "server_time": "2026-08-03T23:01:13+00:00"}	"GAME"	"120"	"production"	"6"	"UTC+06:30"	"AccusingHutch"	{}	{"job_argumentation": 1, "job_experimentation": 5, "job_modeling": 0, "job_name": "bayou-blue-waters", "money": 2420, "region": "BayouStation", "scene_type": "station-interior", "science_level": 3, "science_points": 245, "site": "RS-Bayou", "task_list": [{"is_complete": true, "task_id": "findGreen"}, {"is_complete": true, "task_id": "countGreen"}, {"is_complete": true, "task_id": "stressCB"}, {"is_complete": true, "task_id": "measureEffect"}, {"is_complete": true, "task_id": "measureReproduce"}, {"is_complete": false, "task_id": "reportBack"}], "time_since_launch": 162.02}	48
"26080410283393275"	"AQUALAB"	"2026-08-04T04:01:13.403000+00:00"	"script_line_displayed"	{"node_id": "interior.job.bayou_alt.jobGiver.hasJob.a", "server_time": "2026-08-03T23:01:13+00:00", "speaker": "", "text_string": "So, do you have anything to report for your current job?"}	"GAME"	"120"	"production"	"6"	"UTC+06:30"	"AccusingHutch"	{}	{"job_argumentation": 1, "job_experimentation": 5, "job_modeling": 0, "job_name": "bayou-blue-waters", "money": 2420, "region": "BayouStation", "scene_type": "station-interior", "science_level": 3, "science_points": 245, "site": "RS-Bayou", "task_list": [{"is_complete": true, "task_id": "findGreen"}, {"is_complete": true, "task_id": "countGreen"}, {"is_complete": true, "task_id": "stressCB"}, {"is_complete": true, "task_id": "measureEffect"}, {"is_complete": true, "task_id": "measureReproduce"}, {"is_complete": false, "task_id": "reportBack"}], "time_since_launch": 162.03}	49
"26080410283393275"	"AQUALAB"	"2026-08-04T04:01:30.409000+00:00"	"script_began"	{"node_id": "interior.job.bayou_alt.jobGiver.hasJob.a", "server_time": "2026-08-03T23:01:34+00:00"}	"GAME"	"120"	"production"	"6"	"UTC+06:30"	"AccusingHutch"	{}	{"job_argumentation": 1, "job_experimentation": 5, "job_modeling": 0, "job_name": "bayou-blue-waters", "money": 2420, "region": "BayouStation", "scene_type": "station-interior", "science_level": 3, "science_points": 245, "site": "RS-Bayou", "task_list": [{"is_complete": true, "task_id": "findGreen"}, {"is_complete": true, "task_id": "countGreen"}, {"is_complete": true, "task_id": "stressCB"}, {"is_complete": true, "task_id": "measureEffect"}, {"is_complete": true, "task_id": "measureReproduce"}, {"is_complete": false, "task_id": "reportBack"}], "time_since_launch": 179.03}	50
"26080410283393275"	"AQUALAB"	"2026-08-04T04:01:30.416000+00:00"	"script_line_displayed"	{"node_id": "interior.job.bayou_alt.jobGiver.hasJob.a", "server_time": "2026-08-03T23:01:34+00:00", "speaker": "", "text_string": "Hey, got anything to report for your current job?"}	"GAME"	"120"	"production"	"6"	"UTC+06:30"	"AccusingHutch"	{}	{"job_argumentation": 1, "job_experimentation": 5, "job_modeling": 0, "job_name": "bayou-blue-waters", "money": 2420, "region": "BayouStation", "scene_type": "station-interior", "science_level": 3, "science_points": 245, "site": "RS-Bayou", "task_list": [{"is_complete": true, "task_id": "findGreen"}, {"is_complete": true, "task_id": "countGreen"}, {"is_complete": true, "task_id": "stressCB"}, {"is_complete": true, "task_id": "measureEffect"}, {"is_complete": true, "task_id": "measureReproduce"}, {"is_complete": false, "task_id": "reportBack"}], "time_since_launch": 179.04}	51
"26080410283393275"	"AQUALAB"	"2026-08-04T04:01:33.012000+00:00"	"script_began"	{"node_id": "job.bayou-blue-waters.argue.intro", "server_time": "2026-08-03T23:01:34+00:00"}	"GAME"	"120"	"production"	"6"	"UTC+06:30"	"AccusingHutch"	{}	{"job_argumentation": 1, "job_experimentation": 5, "job_modeling": 0, "job_name": "bayou-blue-waters", "money": 2420, "region": "BayouStation", "scene_type": "station-interior", "science_level": 3, "science_points": 245, "site": "RS-Bayou", "task_list": [{"is_complete": true, "task_id": "findGreen"}, {"is_complete": true, "task_id": "countGreen"}, {"is_complete": true, "task_id": "stressCB"}, {"is_complete": true, "task_id": "measureEffect"}, {"is_complete": true, "task_id": "measureReproduce"}, {"is_complete": false, "task_id": "reportBack"}], "time_since_launch": 181.63}	52
"26080410283393275"	"AQUALAB"	"2026-08-04T04:01:33.038000+00:00"	"begin_argument"	{"server_time": "2026-08-03T23:01:34+00:00"}	"GAME"	"120"	"production"	"6"	"UTC+06:30"	"AccusingHutch"	{}	{"job_argumentation": 1, "job_experimentation": 5, "job_modeling": 0, "job_name": "bayou-blue-waters", "money": 2420, "region": "BayouStation", "scene_type": "station-interior", "science_level": 3, "science_points": 245, "site": "RS-Bayou", "task_list": [{"is_complete": true, "task_id": "findGreen"}, {"is_complete": true, "task_id": "countGreen"}, {"is_complete": true, "task_id": "stressCB"}, {"is_complete": true, "task_id": "measureEffect"}, {"is_complete": true, "task_id": "measureReproduce"}, {"is_complete": false, "task_id": "reportBack"}], "time_since_launch": 181.66}	53
"26080410283393275"	"AQUALAB"	"2026-08-04T04:01:33.038000+00:00"	"script_line_displayed"	{"node_id": "job.bayou-blue-waters.argue.intro", "server_time": "2026-08-03T23:01:34+00:00", "speaker": "", "text_string": "What is turning the water green?"}	"GAME"	"120"	"production"	"6"	"UTC+06:30"	"AccusingHutch"	{}	{"job_argumentation": 1, "job_experimentation": 5, "job_modeling": 0, "job_name": "bayou-blue-waters", "money": 2420, "region": "BayouStation", "scene_type": "station-interior", "science_level": 3, "science_points": 245, "site": "RS-Bayou", "task_list": [{"is_complete": true, "task_id": "findGreen"}, {"is_complete": true, "task_id": "countGreen"}, {"is_complete": true, "task_id": "stressCB"}, {"is_complete": true, "task_id": "measureEffect"}, {"is_complete": true, "task_id": "measureReproduce"}, {"is_complete": false, "task_id": "reportBack"}], "time_since_launch": 181.66}	54
"26080410283393275"	"AQUALAB"	"2026-08-04T04:01:36.654000+00:00"	"script_line_displayed"	{"node_id": "job.bayou-blue-waters.argue.cyanoCause", "server_time": "2026-08-03T23:01:36+00:00", "speaker": "", "text_string": "Oh, really? But they are so small..."}	"GAME"	"120"	"production"	"6"	"UTC+06:30"	"AccusingHutch"	{}	{"job_argumentation": 1, "job_experimentation": 5, "job_modeling": 0, "job_name": "bayou-blue-waters", "money": 2420, "region": "BayouStation", "scene_type": "station-interior", "science_level": 3, "science_points": 245, "site": "RS-Bayou", "task_list": [{"is_complete": true, "task_id": "findGreen"}, {"is_complete": true, "task_id": "countGreen"}, {"is_complete": true, "task_id": "stressCB"}, {"is_complete": true, "task_id": "measureEffect"}, {"is_complete": true, "task_id": "measureReproduce"}, {"is_complete": false, "task_id": "reportBack"}], "time_since_launch": 185.28}	55
"26080410283393275"	"AQUALAB"	"2026-08-04T04:01:38.367000+00:00"	"script_line_displayed"	{"node_id": "job.bayou-blue-waters.argue.cyanoCause", "server_time": "2026-08-03T23:01:38+00:00", "speaker": "", "text_string": "There's a lot of them."}	"GAME"	"120"	"production"	"6"	"UTC+06:30"	"AccusingHutch"	{}	{"job_argumentation": 1, "job_experimentation": 5, "job_modeling": 0, "job_name": "bayou-blue-waters", "money": 2420, "region": "BayouStation", "scene_type": "station-interior", "science_level": 3, "science_points": 245, "site": "RS-Bayou", "task_list": [{"is_complete": true, "task_id": "findGreen"}, {"is_complete": true, "task_id": "countGreen"}, {"is_complete": true, "task_id": "stressCB"}, {"is_complete": true, "task_id": "measureEffect"}, {"is_complete": true, "task_id": "measureReproduce"}, {"is_complete": false, "task_id": "reportBack"}], "time_since_launch": 186.99}	56
"26080410283393275"	"AQUALAB"	"2026-08-04T04:01:39.449000+00:00"	"script_line_displayed"	{"node_id": "job.bayou-blue-waters.argue.cyanoCause", "server_time": "2026-08-03T23:01:39+00:00", "speaker": "", "text_string": "They must have some truly massive numbers if they are turning everything green."}	"GAME"	"120"	"production"	"6"	"UTC+06:30"	"AccusingHutch"	{}	{"job_argumentation": 1, "job_experimentation": 5, "job_modeling": 0, "job_name": "bayou-blue-waters", "money": 2420, "region": "BayouStation", "scene_type": "station-interior", "science_level": 3, "science_points": 245, "site": "RS-Bayou", "task_list": [{"is_complete": true, "task_id": "findGreen"}, {"is_complete": true, "task_id": "countGreen"}, {"is_complete": true, "task_id": "stressCB"}, {"is_complete": true, "task_id": "measureEffect"}, {"is_complete": true, "task_id": "measureReproduce"}, {"is_complete": false, "task_id": "reportBack"}], "time_since_launch": 188.07}	57
"26080410283393275"	"AQUALAB"	"2026-08-04T04:01:41.975000+00:00"	"script_line_displayed"	{"node_id": "job.bayou-blue-waters.argue.cyanoCause", "server_time": "2026-08-03T23:01:41+00:00", "speaker": "", "text_string": "Can you show me the Cyanobacteria populations?"}	"GAME"	"120"	"production"	"6"	"UTC+06:30"	"AccusingHutch"	{}	{"job_argumentation": 1, "job_experimentation": 5, "job_modeling": 0, "job_name": "bayou-blue-waters", "money": 2420, "region": "BayouStation", "scene_type": "station-interior", "science_level": 3, "science_points": 245, "site": "RS-Bayou", "task_list": [{"is_complete": true, "task_id": "findGreen"}, {"is_complete": true, "task_id": "countGreen"}, {"is_complete": true, "task_id": "stressCB"}, {"is_complete": true, "task_id": "measureEffect"}, {"is_complete": true, "task_id": "measureReproduce"}, {"is_complete": false, "task_id": "reportBack"}], "time_since_launch": 190.6}	58
"26080410283393275"	"AQUALAB"	"2026-08-04T04:01:44.633000+00:00"	"open_bestiary"	{"server_time": "2026-08-03T23:01:44+00:00"}	"GAME"	"120"	"production"	"6"	"UTC+06:30"	"AccusingHutch"	{}	{"job_argumentation": 1, "job_experimentation": 5, "job_modeling": 0, "job_name": "bayou-blue-waters", "money": 2420, "region": "BayouStation", "scene_type": "station-interior", "science_level": 3, "science_points": 245, "site": "RS-Bayou", "task_list": [{"is_complete": true, "task_id": "findGreen"}, {"is_complete": true, "task_id": "countGreen"}, {"is_complete": true, "task_id": "stressCB"}, {"is_complete": true, "task_id": "measureEffect"}, {"is_complete": true, "task_id": "measureReproduce"}, {"is_complete": false, "task_id": "reportBack"}], "time_since_launch": 193.26}	59
"26080410283393275"	"AQUALAB"	"2026-08-04T04:01:44.634000+00:00"	"bestiary_open_environments_tab"	{"server_time": "2026-08-03T23:01:44+00:00"}	"GAME"	"120"	"production"	"6"	"UTC+06:30"	"AccusingHutch"	{}	{"job_argumentation": 1, "job_experimentation": 5, "job_modeling": 0, "job_name": "bayou-blue-waters", "money": 2420, "region": "BayouStation", "scene_type": "station-interior", "science_level": 3, "science_points": 245, "site": "RS-Bayou", "task_list": [{"is_complete": true, "task_id": "findGreen"}, {"is_complete": true, "task_id": "countGreen"}, {"is_complete": true, "task_id": "stressCB"}, {"is_complete": true, "task_id": "measureEffect"}, {"is_complete": true, "task_id": "measureReproduce"}, {"is_complete": false, "task_id": "reportBack"}], "time_since_launch": 193.26}	60
"26080410283393275"	"AQUALAB"	"2026-08-04T04:01:50.234000+00:00"	"close_bestiary"	{"server_time": "2026-08-03T23:01:50+00:00"}	"GAME"	"120"	"production"	"6"	"UTC+06:30"	"AccusingHutch"	{}	{"job_argumentation": 1, "job_experimentation": 5, "job_modeling": 0, "job_name": "bayou-blue-waters", "money": 2420, "region": "BayouStation", "scene_type": "station-interior", "science_level": 3, "science_points": 245, "site": "RS-Bayou", "task_list": [{"is_complete": true, "task_id": "findGreen"}, {"is_complete": true, "task_id": "countGreen"}, {"is_complete": true, "task_id": "stressCB"}, {"is_complete": true, "task_id": "measureEffect"}, {"is_complete": true, "task_id": "measureReproduce"}, {"is_complete": false, "task_id": "reportBack"}], "time_since_launch": 198.86}	61
"26080410283393275"	"AQUALAB"	"2026-08-04T04:01:50.271000+00:00"	"fact_submitted"	{"fact_id": "P_DeadZone.Population.Cyanobacteria", "server_time": "2026-08-03T23:01:50+00:00"}	"GAME"	"120"	"production"	"6"	"UTC+06:30"	"AccusingHutch"	{}	{"job_argumentation": 1, "job_experimentation": 5, "job_modeling": 0, "job_name": "bayou-blue-waters", "money": 2420, "region": "BayouStation", "scene_type": "station-interior", "science_level": 3, "science_points": 245, "site": "RS-Bayou", "task_list": [{"is_complete": true, "task_id": "findGreen"}, {"is_complete": true, "task_id": "countGreen"}, {"is_complete": true, "task_id": "stressCB"}, {"is_complete": true, "task_id": "measureEffect"}, {"is_complete": true, "task_id": "measureReproduce"}, {"is_complete": false, "task_id": "reportBack"}], "time_since_launch": 198.89}	62
"26080410283393275"	"AQUALAB"	"2026-08-04T04:01:50.931000+00:00"	"complete_argument"	{"server_time": "2026-08-03T23:01:50+00:00"}	"GAME"	"120"	"production"	"6"	"UTC+06:30"	"AccusingHutch"	{}	{"job_argumentation": 1, "job_experimentation": 5, "job_modeling": 0, "job_name": "bayou-blue-waters", "money": 2420, "region": "BayouStation", "scene_type": "station-interior", "science_level": 3, "science_points": 245, "site": "RS-Bayou", "task_list": [{"is_complete": true, "task_id": "findGreen"}, {"is_complete": true, "task_id": "countGreen"}, {"is_complete": true, "task_id": "stressCB"}, {"is_complete": true, "task_id": "measureEffect"}, {"is_complete": true, "task_id": "measureReproduce"}, {"is_complete": false, "task_id": "reportBack"}], "time_since_launch": 199.55}	63
"26080410283393275"	"AQUALAB"	"2026-08-04T04:01:50.932000+00:00"	"script_line_displayed"	{"node_id": "job.bayou-blue-waters.argue.completePop", "server_time": "2026-08-03T23:01:50+00:00", "speaker": "", "text_string": "Hmm. Yes, I believe this would do it."}	"GAME"	"120"	"production"	"6"	"UTC+06:30"	"AccusingHutch"	{}	{"job_argumentation": 1, "job_experimentation": 5, "job_modeling": 0, "job_name": "bayou-blue-waters", "money": 2420, "region": "BayouStation", "scene_type": "station-interior", "science_level": 3, "science_points": 245, "site": "RS-Bayou", "task_list": [{"is_complete": true, "task_id": "findGreen"}, {"is_complete": true, "task_id": "countGreen"}, {"is_complete": true, "task_id": "stressCB"}, {"is_complete": true, "task_id": "measureEffect"}, {"is_complete": true, "task_id": "measureReproduce"}, {"is_complete": false, "task_id": "reportBack"}], "time_since_launch": 199.55}	64
"26080410283393275"	"AQUALAB"	"2026-08-04T04:01:52.377000+00:00"	"begin_argument"	{"server_time": "2026-08-03T23:01:52+00:00"}	"GAME"	"120"	"production"	"6"	"UTC+06:30"	"AccusingHutch"	{}	{"job_argumentation": 1, "job_experimentation": 5, "job_modeling": 0, "job_name": "bayou-blue-waters", "money": 2420, "region": "BayouStation", "scene_type": "station-interior", "science_level": 3, "science_points": 245, "site": "RS-Bayou", "task_list": [{"is_complete": true, "task_id": "findGreen"}, {"is_complete": true, "task_id": "countGreen"}, {"is_complete": true, "task_id": "stressCB"}, {"is_complete": true, "task_id": "measureEffect"}, {"is_complete": true, "task_id": "measureReproduce"}, {"is_complete": false, "task_id": "reportBack"}], "time_since_launch": 201}	65
"26080410283393275"	"AQUALAB"	"2026-08-04T04:01:52.379000+00:00"	"script_line_displayed"	{"node_id": "job.bayou-blue-waters.argue.beginExtra", "server_time": "2026-08-03T23:01:52+00:00", "speaker": "", "text_string": "What else did you find out about Cyanobacteria? I recall that it was bit dim down there last I looked."}	"GAME"	"120"	"production"	"6"	"UTC+06:30"	"AccusingHutch"	{}	{"job_argumentation": 1, "job_experimentation": 5, "job_modeling": 0, "job_name": "bayou-blue-waters", "money": 2420, "region": "BayouStation", "scene_type": "station-interior", "science_level": 3, "science_points": 245, "site": "RS-Bayou", "task_list": [{"is_complete": true, "task_id": "findGreen"}, {"is_complete": true, "task_id": "countGreen"}, {"is_complete": true, "task_id": "stressCB"}, {"is_complete": true, "task_id": "measureEffect"}, {"is_complete": true, "task_id": "measureReproduce"}, {"is_complete": false, "task_id": "reportBack"}], "time_since_launch": 201}	66
"26080410283393275"	"AQUALAB"	"2026-08-04T04:01:54.993000+00:00"	"script_line_displayed"	{"node_id": "job.bayou-blue-waters.argue.showClaimExtra", "server_time": "2026-08-03T23:01:54+00:00", "speaker": "", "text_string": "How do Cyanobacteria impact the light levels, and how quickly can we expect them to reproduce?"}	"GAME"	"120"	"production"	"6"	"UTC+06:30"	"AccusingHutch"	{}	{"job_argumentation": 1, "job_experimentation": 5, "job_modeling": 0, "job_name": "bayou-blue-waters", "money": 2420, "region": "BayouStation", "scene_type": "station-interior", "science_level": 3, "science_points": 245, "site": "RS-Bayou", "task_list": [{"is_complete": true, "task_id": "findGreen"}, {"is_complete": true, "task_id": "countGreen"}, {"is_complete": true, "task_id": "stressCB"}, {"is_complete": true, "task_id": "measureEffect"}, {"is_complete": true, "task_id": "measureReproduce"}, {"is_complete": false, "task_id": "reportBack"}], "time_since_launch": 203.62}	67
"26080410283393275"	"AQUALAB"	"2026-08-04T04:01:58.685000+00:00"	"open_bestiary"	{"server_time": "2026-08-03T23:01:58+00:00"}	"GAME"	"120"	"production"	"6"	"UTC+06:30"	"AccusingHutch"	{}	{"job_argumentation": 1, "job_experimentation": 5, "job_modeling": 0, "job_name": "bayou-blue-waters", "money": 2420, "region": "BayouStation", "scene_type": "station-interior", "science_level": 3, "science_points": 245, "site": "RS-Bayou", "task_list": [{"is_complete": true, "task_id": "findGreen"}, {"is_complete": true, "task_id": "countGreen"}, {"is_complete": true, "task_id": "stressCB"}, {"is_complete": true, "task_id": "measureEffect"}, {"is_complete": true, "task_id": "measureReproduce"}, {"is_complete": false, "task_id": "reportBack"}], "time_since_launch": 207.31}	68
"26080410283393275"	"AQUALAB"	"2026-08-04T04:01:58.686000+00:00"	"bestiary_open_species_tab"	{"server_time": "2026-08-03T23:01:58+00:00"}	"GAME"	"120"	"production"	"6"	"UTC+06:30"	"AccusingHutch"	{}	{"job_argumentation": 1, "job_experimentation": 5, "job_modeling": 0, "job_name": "bayou-blue-waters", "money": 2420, "region": "BayouStation", "scene_type": "station-interior", "science_level": 3, "science_points": 245, "site": "RS-Bayou", "task_list": [{"is_complete": true, "task_id": "findGreen"}, {"is_complete": true, "task_id": "countGreen"}, {"is_complete": true, "task_id": "stressCB"}, {"is_complete": true, "task_id": "measureEffect"}, {"is_complete": true, "task_id": "measureReproduce"}, {"is_complete": false, "task_id": "reportBack"}], "time_since_launch": 207.31}	69
"26080410283393275"	"AQUALAB"	"2026-08-04T04:02:07.540000+00:00"	"fact_submitted"	{"fact_id": "Cyanobacteria.Produce.Oxygen", "server_time": "2026-08-03T23:02:08+00:00"}	"GAME"	"120"	"production"	"6"	"UTC+06:30"	"AccusingHutch"	{}	{"job_argumentation": 1, "job_experimentation": 5, "job_modeling": 0, "job_name": "bayou-blue-waters", "money": 2420, "region": "BayouStation", "scene_type": "station-interior", "science_level": 3, "science_points": 245, "site": "RS-Bayou", "task_list": [{"is_complete": true, "task_id": "findGreen"}, {"is_complete": true, "task_id": "countGreen"}, {"is_complete": true, "task_id": "stressCB"}, {"is_complete": true, "task_id": "measureEffect"}, {"is_complete": true, "task_id": "measureReproduce"}, {"is_complete": false, "task_id": "reportBack"}], "time_since_launch": 216.16}	70
"26080410283393275"	"AQUALAB"	"2026-08-04T04:02:12.647000+00:00"	"fact_submitted"	{"fact_id": "Cyanobacteria.Produce.Oxygen.Stressed", "server_time": "2026-08-03T23:02:12+00:00"}	"GAME"	"120"	"production"	"6"	"UTC+06:30"	"AccusingHutch"	{}	{"job_argumentation": 1, "job_experimentation": 5, "job_modeling": 0, "job_name": "bayou-blue-waters", "money": 2420, "region": "BayouStation", "scene_type": "station-interior", "science_level": 3, "science_points": 245, "site": "RS-Bayou", "task_list": [{"is_complete": true, "task_id": "findGreen"}, {"is_complete": true, "task_id": "countGreen"}, {"is_complete": true, "task_id": "stressCB"}, {"is_complete": true, "task_id": "measureEffect"}, {"is_complete": true, "task_id": "measureReproduce"}, {"is_complete": false, "task_id": "reportBack"}], "time_since_launch": 221.27}	71
"26080410283393275"	"AQUALAB"	"2026-08-04T04:02:14.704000+00:00"	"fact_submitted"	{"fact_id": "Cyanobacteria.Consume.Light", "server_time": "2026-08-03T23:02:14+00:00"}	"GAME"	"120"	"production"	"6"	"UTC+06:30"	"AccusingHutch"	{}	{"job_argumentation": 1, "job_experimentation": 5, "job_modeling": 0, "job_name": "bayou-blue-waters", "money": 2420, "region": "BayouStation", "scene_type": "station-interior", "science_level": 3, "science_points": 245, "site": "RS-Bayou", "task_list": [{"is_complete": true, "task_id": "findGreen"}, {"is_complete": true, "task_id": "countGreen"}, {"is_complete": true, "task_id": "stressCB"}, {"is_complete": true, "task_id": "measureEffect"}, {"is_complete": true, "task_id": "measureReproduce"}, {"is_complete": false, "task_id": "reportBack"}], "time_since_launch": 223.33}	72
"26080410283393275"	"AQUALAB"	"2026-08-04T04:02:20.585000+00:00"	"close_bestiary"	{"server_time": "2026-08-03T23:02:20+00:00"}	"GAME"	"120"	"production"	"6"	"UTC+06:30"	"AccusingHutch"	{}	{"job_argumentation": 1, "job_experimentation": 5, "job_modeling": 0, "job_name": "bayou-blue-waters", "money": 2420, "region": "BayouStation", "scene_type": "station-interior", "science_level": 3, "science_points": 245, "site": "RS-Bayou", "task_list": [{"is_complete": true, "task_id": "findGreen"}, {"is_complete": true, "task_id": "countGreen"}, {"is_complete": true, "task_id": "stressCB"}, {"is_complete": true, "task_id": "measureEffect"}, {"is_complete": true, "task_id": "measureReproduce"}, {"is_complete": false, "task_id": "reportBack"}], "time_since_launch": 229.21}	73
"26080410283393275"	"AQUALAB"	"2026-08-04T04:02:20.621000+00:00"	"fact_submitted"	{"fact_id": "Cyanobacteria.Consume.Light.Stressed", "server_time": "2026-08-03T23:02:20+00:00"}	"GAME"	"120"	"production"	"6"	"UTC+06:30"	"AccusingHutch"	{}	{"job_argumentation": 1, "job_experimentation": 5, "job_modeling": 0, "job_name": "bayou-blue-waters", "money": 2420, "region": "BayouStation", "scene_type": "station-interior", "science_level": 3, "science_points": 245, "site": "RS-Bayou", "task_list": [{"is_complete": true, "task_id": "findGreen"}, {"is_complete": true, "task_id": "countGreen"}, {"is_complete": true, "task_id": "stressCB"}, {"is_complete": true, "task_id": "measureEffect"}, {"is_complete": true, "task_id": "measureReproduce"}, {"is_complete": false, "task_id": "reportBack"}], "time_since_launch": 229.24}	74
"26080410283393275"	"AQUALAB"	"2026-08-04T04:02:21.454000+00:00"	"fact_rejected"	{"fact_id": "Cyanobacteria.Produce.Oxygen", "server_time": "2026-08-03T23:02:21+00:00"}	"GAME"	"120"	"production"	"6"	"UTC+06:30"	"AccusingHutch"	{}	{"job_argumentation": 1, "job_experimentation": 5, "job_modeling": 0, "job_name": "bayou-blue-waters", "money": 2420, "region": "BayouStation", "scene_type": "station-interior", "science_level": 3, "science_points": 245, "site": "RS-Bayou", "task_list": [{"is_complete": true, "task_id": "findGreen"}, {"is_complete": true, "task_id": "countGreen"}, {"is_complete": true, "task_id": "stressCB"}, {"is_complete": true, "task_id": "measureEffect"}, {"is_complete": true, "task_id": "measureReproduce"}, {"is_complete": false, "task_id": "reportBack"}], "time_since_launch": 230.08}	75
"26080410283393275"	"AQUALAB"	"2026-08-04T04:02:21.467000+00:00"	"fact_rejected"	{"fact_id": "Cyanobacteria.Produce.Oxygen.Stressed", "server_time": "2026-08-03T23:02:21+00:00"}	"GAME"	"120"	"production"	"6"	"UTC+06:30"	"AccusingHutch"	{}	{"job_argumentation": 1, "job_experimentation": 5, "job_modeling": 0, "job_name": "bayou-blue-waters", "money": 2420, "region": "BayouStation", "scene_type": "station-interior", "science_level": 3, "science_points": 245, "site": "RS-Bayou", "task_list": [{"is_complete": true, "task_id": "findGreen"}, {"is_complete": true, "task_id": "countGreen"}, {"is_complete": true, "task_id": "stressCB"}, {"is_complete": true, "task_id": "measureEffect"}, {"is_complete": true, "task_id": "measureReproduce"}, {"is_complete": false, "task_id": "reportBack"}], "time_since_launch": 230.09}	76
"26080410283393275"	"AQUALAB"	"2026-08-04T04:02:21.478000+00:00"	"script_line_displayed"	{"node_id": "job.bayou-blue-waters.argue.unrelatedExtra", "server_time": "2026-08-03T23:02:21+00:00", "speaker": "", "text_string": "Not quite what I'm looking for, O."}	"GAME"	"120"	"production"	"6"	"UTC+06:30"	"AccusingHutch"	{}	{"job_argumentation": 1, "job_experimentation": 5, "job_modeling": 0, "job_name": "bayou-blue-waters", "money": 2420, "region": "BayouStation", "scene_type": "station-interior", "science_level": 3, "science_points": 245, "site": "RS-Bayou", "task_list": [{"is_complete": true, "task_id": "findGreen"}, {"is_complete": true, "task_id": "countGreen"}, {"is_complete": true, "task_id": "stressCB"}, {"is_complete": true, "task_id": "measureEffect"}, {"is_complete": true, "task_id": "measureReproduce"}, {"is_complete": false, "task_id": "reportBack"}], "time_since_launch": 230.1}	77
"26080410283393275"	"AQUALAB"	"2026-08-04T04:02:24.845000+00:00"	"script_line_displayed"	{"node_id": "job.bayou-blue-waters.argue.showClaimExtra", "server_time": "2026-08-03T23:02:24+00:00", "speaker": "", "text_string": "How do Cyanobacteria impact the light levels, and how quickly can we expect them to reproduce?"}	"GAME"	"120"	"production"	"6"	"UTC+06:30"	"AccusingHutch"	{}	{"job_argumentation": 1, "job_experimentation": 5, "job_modeling": 0, "job_name": "bayou-blue-waters", "money": 2420, "region": "BayouStation", "scene_type": "station-interior", "science_level": 3, "science_points": 245, "site": "RS-Bayou", "task_list": [{"is_complete": true, "task_id": "findGreen"}, {"is_complete": true, "task_id": "countGreen"}, {"is_complete": true, "task_id": "stressCB"}, {"is_complete": true, "task_id": "measureEffect"}, {"is_complete": true, "task_id": "measureReproduce"}, {"is_complete": false, "task_id": "reportBack"}], "time_since_launch": 233.47}	78
"26080410283393275"	"AQUALAB"	"2026-08-04T04:02:29.025000+00:00"	"open_bestiary"	{"server_time": "2026-08-03T23:02:28+00:00"}	"GAME"	"120"	"production"	"6"	"UTC+06:30"	"AccusingHutch"	{}	{"job_argumentation": 1, "job_experimentation": 5, "job_modeling": 0, "job_name": "bayou-blue-waters", "money": 2420, "region": "BayouStation", "scene_type": "station-interior", "science_level": 3, "science_points": 245, "site": "RS-Bayou", "task_list": [{"is_complete": true, "task_id": "findGreen"}, {"is_complete": true, "task_id": "countGreen"}, {"is_complete": true, "task_id": "stressCB"}, {"is_complete": true, "task_id": "measureEffect"}, {"is_complete": true, "task_id": "measureReproduce"}, {"is_complete": false, "task_id": "reportBack"}], "time_since_launch": 237.65}	79
"26080410283393275"	"AQUALAB"	"2026-08-04T04:02:29.025000+00:00"	"bestiary_open_species_tab"	{"server_time": "2026-08-03T23:02:28+00:00"}	"GAME"	"120"	"production"	"6"	"UTC+06:30"	"AccusingHutch"	{}	{"job_argumentation": 1, "job_experimentation": 5, "job_modeling": 0, "job_name": "bayou-blue-waters", "money": 2420, "region": "BayouStation", "scene_type": "station-interior", "science_level": 3, "science_points": 245, "site": "RS-Bayou", "task_list": [{"is_complete": true, "task_id": "findGreen"}, {"is_complete": true, "task_id": "countGreen"}, {"is_complete": true, "task_id": "stressCB"}, {"is_complete": true, "task_id": "measureEffect"}, {"is_complete": true, "task_id": "measureReproduce"}, {"is_complete": false, "task_id": "reportBack"}], "time_since_launch": 237.65}	80
"26080410283393275"	"AQUALAB"	"2026-08-04T04:02:40.091000+00:00"	"fact_submitted"	{"fact_id": "Cyanobacteria.Reproduce", "server_time": "2026-08-03T23:02:44+00:00"}	"GAME"	"120"	"production"	"6"	"UTC+06:30"	"AccusingHutch"	{}	{"job_argumentation": 1, "job_experimentation": 5, "job_modeling": 0, "job_name": "bayou-blue-waters", "money": 2420, "region": "BayouStation", "scene_type": "station-interior", "science_level": 3, "science_points": 245, "site": "RS-Bayou", "task_list": [{"is_complete": true, "task_id": "findGreen"}, {"is_complete": true, "task_id": "countGreen"}, {"is_complete": true, "task_id": "stressCB"}, {"is_complete": true, "task_id": "measureEffect"}, {"is_complete": true, "task_id": "measureReproduce"}, {"is_complete": false, "task_id": "reportBack"}], "time_since_launch": 248.71}	81
"26080410283393275"	"AQUALAB"	"2026-08-04T04:02:41.938000+00:00"	"close_bestiary"	{"server_time": "2026-08-03T23:02:46+00:00"}	"GAME"	"120"	"production"	"6"	"UTC+06:30"	"AccusingHutch"	{}	{"job_argumentation": 1, "job_experimentation": 5, "job_modeling": 0, "job_name": "bayou-blue-waters", "money": 2420, "region": "BayouStation", "scene_type": "station-interior", "science_level": 3, "science_points": 245, "site": "RS-Bayou", "task_list": [{"is_complete": true, "task_id": "findGreen"}, {"is_complete": true, "task_id": "countGreen"}, {"is_complete": true, "task_id": "stressCB"}, {"is_complete": true, "task_id": "measureEffect"}, {"is_complete": true, "task_id": "measureReproduce"}, {"is_complete": false, "task_id": "reportBack"}], "time_since_launch": 250.56}	82
"26080410283393275"	"AQUALAB"	"2026-08-04T04:02:41.976000+00:00"	"fact_submitted"	{"fact_id": "Cyanobacteria.Reproduce.Stressed", "server_time": "2026-08-03T23:02:46+00:00"}	"GAME"	"120"	"production"	"6"	"UTC+06:30"	"AccusingHutch"	{}	{"job_argumentation": 1, "job_experimentation": 5, "job_modeling": 0, "job_name": "bayou-blue-waters", "money": 2420, "region": "BayouStation", "scene_type": "station-interior", "science_level": 3, "science_points": 245, "site": "RS-Bayou", "task_list": [{"is_complete": true, "task_id": "findGreen"}, {"is_complete": true, "task_id": "countGreen"}, {"is_complete": true, "task_id": "stressCB"}, {"is_complete": true, "task_id": "measureEffect"}, {"is_complete": true, "task_id": "measureReproduce"}, {"is_complete": false, "task_id": "reportBack"}], "time_since_launch": 250.6}	83
"26080410283393275"	"AQUALAB"	"2026-08-04T04:02:42.723000+00:00"	"complete_argument"	{"server_time": "2026-08-03T23:02:46+00:00"}	"GAME"	"120"	"production"	"6"	"UTC+06:30"	"AccusingHutch"	{}	{"job_argumentation": 1, "job_experimentation": 5, "job_modeling": 0, "job_name": "bayou-blue-waters", "money": 2420, "region": "BayouStation", "scene_type": "station-interior", "science_level": 3, "science_points": 245, "site": "RS-Bayou", "task_list": [{"is_complete": true, "task_id": "findGreen"}, {"is_complete": true, "task_id": "countGreen"}, {"is_complete": true, "task_id": "stressCB"}, {"is_complete": true, "task_id": "measureEffect"}, {"is_complete": true, "task_id": "measureReproduce"}, {"is_complete": false, "task_id": "reportBack"}], "time_since_launch": 251.35}	84
"26080410283393275"	"AQUALAB"	"2026-08-04T04:02:42.724000+00:00"	"script_line_displayed"	{"node_id": "job.bayou-blue-waters.argue.completeExtra", "server_time": "2026-08-03T23:02:46+00:00", "speaker": "", "text_string": "Hmm. So the Cyanobacteria turn the water green, but they also take up a lot of light."}	"GAME"	"120"	"production"	"6"	"UTC+06:30"	"AccusingHutch"	{}	{"job_argumentation": 1, "job_experimentation": 5, "job_modeling": 0, "job_name": "bayou-blue-waters", "money": 2420, "region": "BayouStation", "scene_type": "station-interior", "science_level": 3, "science_points": 245, "site": "RS-Bayou", "task_list": [{"is_complete": true, "task_id": "findGreen"}, {"is_complete": true, "task_id": "countGreen"}, {"is_complete": true, "task_id": "stressCB"}, {"is_complete": true, "task_id": "measureEffect"}, {"is_complete": true, "task_id": "measureReproduce"}, {"is_complete": false, "task_id": "reportBack"}], "time_since_launch": 251.35}	85
"26080410283393275"	"AQUALAB"	"2026-08-04T04:02:45.117000+00:00"	"script_line_displayed"	{"node_id": "job.bayou-blue-waters.argue.completeExtra", "server_time": "2026-08-03T23:02:46+00:00", "speaker": "", "text_string": "We'll need to consider how a spike in Cyanobacteria might affect other species in the region."}	"GAME"	"120"	"production"	"6"	"UTC+06:30"	"AccusingHutch"	{}	{"job_argumentation": 1, "job_experimentation": 5, "job_modeling": 0, "job_name": "bayou-blue-waters", "money": 2420, "region": "BayouStation", "scene_type": "station-interior", "science_level": 3, "science_points": 245, "site": "RS-Bayou", "task_list": [{"is_complete": true, "task_id": "findGreen"}, {"is_complete": true, "task_id": "countGreen"}, {"is_complete": true, "task_id": "stressCB"}, {"is_complete": true, "task_id": "measureEffect"}, {"is_complete": true, "task_id": "measureReproduce"}, {"is_complete": false, "task_id": "reportBack"}], "time_since_launch": 253.74}	86
"26080410283393275"	"AQUALAB"	"2026-08-04T04:02:47.438000+00:00"	"script_line_displayed"	{"node_id": "job.bayou-blue-waters.argue.completeExtra", "server_time": "2026-08-03T23:02:47+00:00", "speaker": "", "text_string": "Thanks for your help!"}	"GAME"	"120"	"production"	"6"	"UTC+06:30"	"AccusingHutch"	{}	{"job_argumentation": 1, "job_experimentation": 5, "job_modeling": 0, "job_name": "bayou-blue-waters", "money": 2420, "region": "BayouStation", "scene_type": "station-interior", "science_level": 3, "science_points": 245, "site": "RS-Bayou", "task_list": [{"is_complete": true, "task_id": "findGreen"}, {"is_complete": true, "task_id": "countGreen"}, {"is_complete": true, "task_id": "stressCB"}, {"is_complete": true, "task_id": "measureEffect"}, {"is_complete": true, "task_id": "measureReproduce"}, {"is_complete": false, "task_id": "reportBack"}], "time_since_launch": 256.06}	87
"26080410283393275"	"AQUALAB"	"2026-08-04T04:02:48.605000+00:00"	"complete_job"	{"job_name": "bayou-blue-waters", "server_time": "2026-08-03T23:02:48+00:00"}	"GAME"	"120"	"production"	"6"	"UTC+06:30"	"AccusingHutch"	{}	{"job_argumentation": 1, "job_experimentation": 5, "job_modeling": 0, "job_name": "bayou-blue-waters", "money": 2520, "region": "BayouStation", "scene_type": "station-interior", "science_level": 3, "science_points": 255, "site": "RS-Bayou", "task_list": [{"is_complete": true, "task_id": "findGreen"}, {"is_complete": true, "task_id": "countGreen"}, {"is_complete": true, "task_id": "stressCB"}, {"is_complete": true, "task_id": "measureEffect"}, {"is_complete": true, "task_id": "measureReproduce"}, {"is_complete": false, "task_id": "reportBack"}], "time_since_launch": 257.23}	88
"26080410283393275"	"AQUALAB"	"2026-08-04T04:02:48.606000+00:00"	"switch_job"	{"prev_job_name": "bayou-blue-waters", "server_time": "2026-08-03T23:02:48+00:00"}	"GAME"	"120"	"production"	"6"	"UTC+06:30"	"AccusingHutch"	{}	{"job_argumentation": -1, "job_experimentation": 5, "job_modeling": -1, "job_name": "no-active-job", "money": 2520, "region": "BayouStation", "scene_type": "station-interior", "science_level": 3, "science_points": 255, "site": "RS-Bayou", "task_list": [], "time_since_launch": 257.23}	89
"26080410283393275"	"AQUALAB"	"2026-08-04T04:02:48.708000+00:00"	"leave_argument"	{"server_time": "2026-08-03T23:02:48+00:00"}	"GAME"	"120"	"production"	"6"	"UTC+06:30"	"AccusingHutch"	{}	{"job_argumentation": -1, "job_experimentation": 5, "job_modeling": -1, "job_name": "no-active-job", "money": 2520, "region": "BayouStation", "scene_type": "station-interior", "science_level": 3, "science_points": 255, "site": "RS-Bayou", "task_list": [], "time_since_launch": 257.33}	90
"26080410283393275"	"AQUALAB"	"2026-08-04T04:03:03.483000+00:00"	"load_error"	{"server_time": "2026-08-03T23:03:03+00:00", "url": "https://fielddaylab.org/play/wake/ci/production/StreamingAssets/Journal/49_BlueWaters/cynobateria%20illustration.PNG"}	"GAME"	"120"	"production"	"6"	"UTC+06:30"	"AccusingHutch"	{}	{"job_argumentation": -1, "job_experimentation": 5, "job_modeling": -1, "job_name": "no-active-job", "money": 2520, "region": "BayouStation", "scene_type": "station-interior", "science_level": 3, "science_points": 255, "site": "RS-Bayou", "task_list": [], "time_since_launch": 272.11}	91
"26080410283393275"	"AQUALAB"	"2026-08-04T04:03:18.378000+00:00"	"script_began"	{"node_id": "interior.job.bayou.jobGiver.noJob.a", "server_time": "2026-08-03T23:03:19+00:00"}	"GAME"	"120"	"production"	"6"	"UTC+06:30"	"AccusingHutch"	{}	{"job_argumentation": -1, "job_experimentation": 5, "job_modeling": -1, "job_name": "no-active-job", "money": 2520, "region": "BayouStation", "scene_type": "station-interior", "science_level": 3, "science_points": 255, "site": "RS-Bayou", "task_list": [], "time_since_launch": 287}	92
"26080410283393275"	"AQUALAB"	"2026-08-04T04:03:18.386000+00:00"	"script_line_displayed"	{"node_id": "interior.job.bayou.jobGiver.noJob.a", "server_time": "2026-08-03T23:03:19+00:00", "speaker": "", "text_string": "Hey, want to see the Job Board?"}	"GAME"	"120"	"production"	"6"	"UTC+06:30"	"AccusingHutch"	{}	{"job_argumentation": -1, "job_experimentation": 5, "job_modeling": -1, "job_name": "no-active-job", "money": 2520, "region": "BayouStation", "scene_type": "station-interior", "science_level": 3, "science_points": 255, "site": "RS-Bayou", "task_list": [], "time_since_launch": 287.01}	93
"26080410283393275"	"AQUALAB"	"2026-08-04T04:03:28.918000+00:00"	"complete_task"	{"server_time": "2026-08-03T23:03:28+00:00", "task_id": "scanNew"}	"GAME"	"120"	"production"	"6"	"UTC+06:30"	"AccusingHutch"	{}	{"job_argumentation": -1, "job_experimentation": 5, "job_modeling": -1, "job_name": "no-active-job", "money": 2520, "region": "BayouStation", "scene_type": "station-interior", "science_level": 3, "science_points": 255, "site": "RS-Bayou", "task_list": [], "time_since_launch": 297.54}	94
"26080410283393275"	"AQUALAB"	"2026-08-04T04:03:28.918000+00:00"	"complete_task"	{"server_time": "2026-08-03T23:03:28+00:00", "task_id": "scanProbe"}	"GAME"	"120"	"production"	"6"	"UTC+06:30"	"AccusingHutch"	{}	{"job_argumentation": -1, "job_experimentation": 5, "job_modeling": -1, "job_name": "no-active-job", "money": 2520, "region": "BayouStation", "scene_type": "station-interior", "science_level": 3, "science_points": 255, "site": "RS-Bayou", "task_list": [], "time_since_launch": 297.54}	95
"26080410283393275"	"AQUALAB"	"2026-08-04T04:03:28.918000+00:00"	"complete_task"	{"server_time": "2026-08-03T23:03:28+00:00", "task_id": "countDetritus"}	"GAME"	"120"	"production"	"6"	"UTC+06:30"	"AccusingHutch"	{}	{"job_argumentation": -1, "job_experimentation": 5, "job_modeling": -1, "job_name": "no-active-job", "money": 2520, "region": "BayouStation", "scene_type": "station-interior", "science_level": 3, "science_points": 255, "site": "RS-Bayou", "task_list": [], "time_since_launch": 297.54}	96
"26080410283393275"	"AQUALAB"	"2026-08-04T04:03:28.920000+00:00"	"accept_job"	{"server_time": "2026-08-03T23:03:28+00:00"}	"GAME"	"120"	"production"	"6"	"UTC+06:30"	"AccusingHutch"	{}	{"job_argumentation": -1, "job_experimentation": 5, "job_modeling": -1, "job_name": "no-active-job", "money": 2520, "region": "BayouStation", "scene_type": "station-interior", "science_level": 3, "science_points": 255, "site": "RS-Bayou", "task_list": [], "time_since_launch": 297.54}	97
"26080410283393275"	"AQUALAB"	"2026-08-04T04:03:28.921000+00:00"	"switch_job"	{"prev_job_name": "no-active-job", "server_time": "2026-08-03T23:03:28+00:00"}	"GAME"	"120"	"production"	"6"	"UTC+06:30"	"AccusingHutch"	{}	{"job_argumentation": 3, "job_experimentation": 3, "job_modeling": 0, "job_name": "bayou-dirty-detritus", "money": 2520, "region": "BayouStation", "scene_type": "station-interior", "science_level": 3, "science_points": 255, "site": "RS-Bayou", "task_list": [{"is_complete": true, "task_id": "scanNew"}, {"is_complete": true, "task_id": "scanProbe"}, {"is_complete": true, "task_id": "countDetritus"}, {"is_complete": false, "task_id": "eatDetritus"}, {"is_complete": false, "task_id": "growDetritus"}, {"is_complete": false, "task_id": "reportBack"}], "time_since_launch": 297.54}	98
"26080410283393275"	"AQUALAB"	"2026-08-04T04:03:29.950000+00:00"	"script_began"	{"node_id": "job.bayou-dirty-detritus.start", "server_time": "2026-08-03T23:03:29+00:00"}	"GAME"	"120"	"production"	"6"	"UTC+06:30"	"AccusingHutch"	{}	{"job_argumentation": 3, "job_experimentation": 3, "job_modeling": 0, "job_name": "bayou-dirty-detritus", "money": 2520, "region": "BayouStation", "scene_type": "station-interior", "science_level": 3, "science_points": 255, "site": "RS-Bayou", "task_list": [{"is_complete": true, "task_id": "scanNew"}, {"is_complete": true, "task_id": "scanProbe"}, {"is_complete": true, "task_id": "countDetritus"}, {"is_complete": false, "task_id": "eatDetritus"}, {"is_complete": false, "task_id": "growDetritus"}, {"is_complete": false, "task_id": "reportBack"}], "time_since_launch": 298.57}	99
"26080410283393275"	"AQUALAB"	"2026-08-04T04:03:29.977000+00:00"	"script_line_displayed"	{"node_id": "job.bayou-dirty-detritus.start", "server_time": "2026-08-03T23:03:29+00:00", "speaker": "", "text_string": "We are increasingly curious about how the ecosystem manages detritus now that the amount of it in the Trawling Bay is rising."}	"GAME"	"120"	"production"	"6"	"UTC+06:30"	"AccusingHutch"	{}	{"job_argumentation": 3, "job_experimentation": 3, "job_modeling": 0, "job_name": "bayou-dirty-detritus", "money": 2520, "region": "BayouStation", "scene_type": "station-interior", "science_level": 3, "science_points": 255, "site": "RS-Bayou", "task_list": [{"is_complete": true, "task_id": "scanNew"}, {"is_complete": true, "task_id": "scanProbe"}, {"is_complete": true, "task_id": "countDetritus"}, {"is_complete": false, "task_id": "eatDetritus"}, {"is_complete": false, "task_id": "growDetritus"}, {"is_complete": false, "task_id": "reportBack"}], "time_since_launch": 298.6}	100
"26080410283393275"	"AQUALAB"	"2026-08-04T04:03:33.593000+00:00"	"script_line_displayed"	{"node_id": "job.bayou-dirty-detritus.start", "server_time": "2026-08-03T23:03:33+00:00", "speaker": "", "text_string": "Please study how this substance is increasing and what eats it, if anything."}	"GAME"	"120"	"production"	"6"	"UTC+06:30"	"AccusingHutch"	{}	{"job_argumentation": 3, "job_experimentation": 3, "job_modeling": 0, "job_name": "bayou-dirty-detritus", "money": 2520, "region": "BayouStation", "scene_type": "station-interior", "science_level": 3, "science_points": 255, "site": "RS-Bayou", "task_list": [{"is_complete": true, "task_id": "scanNew"}, {"is_complete": true, "task_id": "scanProbe"}, {"is_complete": true, "task_id": "countDetritus"}, {"is_complete": false, "task_id": "eatDetritus"}, {"is_complete": false, "task_id": "growDetritus"}, {"is_complete": false, "task_id": "reportBack"}], "time_since_launch": 302.22}	101
"26080410283393275"	"AQUALAB"	"2026-08-04T04:03:36.697000+00:00"	"room_changed"	{"room_name": "Station", "server_time": "2026-08-03T23:03:36+00:00"}	"GAME"	"120"	"production"	"6"	"UTC+06:30"	"AccusingHutch"	{}	{"job_argumentation": 3, "job_experimentation": 3, "job_modeling": 0, "job_name": "bayou-dirty-detritus", "money": 2520, "region": "BayouStation", "scene_type": "station-interior", "science_level": 3, "science_points": 255, "site": "RS-Bayou", "task_list": [{"is_complete": true, "task_id": "scanNew"}, {"is_complete": true, "task_id": "scanProbe"}, {"is_complete": true, "task_id": "countDetritus"}, {"is_complete": false, "task_id": "eatDetritus"}, {"is_complete": false, "task_id": "growDetritus"}, {"is_complete": false, "task_id": "reportBack"}], "time_since_launch": 302.22}	102
"26080410283393275"	"AQUALAB"	"2026-08-04T04:03:45.256000+00:00"	"scene_changed"	{"scene_name": "BayouStation", "server_time": "2026-08-03T23:03:45+00:00"}	"GAME"	"120"	"production"	"6"	"UTC+06:30"	"AccusingHutch"	{}	{"job_argumentation": 3, "job_experimentation": 3, "job_modeling": 0, "job_name": "bayou-dirty-detritus", "money": 2520, "region": "BayouStation", "scene_type": "station-interior", "science_level": 3, "science_points": 255, "site": "RS-Bayou", "task_list": [{"is_complete": true, "task_id": "scanNew"}, {"is_complete": true, "task_id": "scanProbe"}, {"is_complete": true, "task_id": "countDetritus"}, {"is_complete": false, "task_id": "eatDetritus"}, {"is_complete": false, "task_id": "growDetritus"}, {"is_complete": false, "task_id": "reportBack"}], "time_since_launch": 305.32}	103
"26080410283393275"	"AQUALAB"	"2026-08-04T04:04:00.229000+00:00"	"begin_dive"	{"server_time": "2026-08-03T23:03:59+00:00", "site_id": "RS-3P"}	"GAME"	"120"	"production"	"6"	"UTC+06:30"	"AccusingHutch"	{}	{"job_argumentation": 3, "job_experimentation": 3, "job_modeling": 0, "job_name": "bayou-dirty-detritus", "money": 2520, "region": "BayouStation", "scene_type": "surface", "science_level": 3, "science_points": 255, "site": "BayouStation", "task_list": [{"is_complete": true, "task_id": "scanNew"}, {"is_complete": true, "task_id": "scanProbe"}, {"is_complete": true, "task_id": "countDetritus"}, {"is_complete": false, "task_id": "eatDetritus"}, {"is_complete": false, "task_id": "growDetritus"}, {"is_complete": false, "task_id": "reportBack"}], "time_since_launch": 328.85}	104
"26080410283393275"	"AQUALAB"	"2026-08-04T04:04:10.059000+00:00"	"scene_changed"	{"scene_name": "RS-3P", "server_time": "2026-08-03T23:04:11+00:00"}	"GAME"	"120"	"production"	"6"	"UTC+06:30"	"AccusingHutch"	{}	{"job_argumentation": 3, "job_experimentation": 3, "job_modeling": 0, "job_name": "bayou-dirty-detritus", "money": 2520, "region": "BayouStation", "scene_type": "surface", "science_level": 3, "science_points": 255, "site": "BayouStation", "task_list": [{"is_complete": true, "task_id": "scanNew"}, {"is_complete": true, "task_id": "scanProbe"}, {"is_complete": true, "task_id": "countDetritus"}, {"is_complete": false, "task_id": "eatDetritus"}, {"is_complete": false, "task_id": "growDetritus"}, {"is_complete": false, "task_id": "reportBack"}], "time_since_launch": 328.85}	105
"26080410283393275"	"AQUALAB"	"2026-08-04T04:04:29.030000+00:00"	"open_status"	{"server_time": "2026-08-03T23:04:28+00:00"}	"GAME"	"120"	"production"	"6"	"UTC+06:30"	"AccusingHutch"	{}	{"job_argumentation": 3, "job_experimentation": 3, "job_modeling": 0, "job_name": "bayou-dirty-detritus", "money": 2520, "region": "BayouStation", "scene_type": "dive-site", "science_level": 3, "science_points": 255, "site": "RS-3P", "task_list": [{"is_complete": true, "task_id": "scanNew"}, {"is_complete": true, "task_id": "scanProbe"}, {"is_complete": true, "task_id": "countDetritus"}, {"is_complete": false, "task_id": "eatDetritus"}, {"is_complete": false, "task_id": "growDetritus"}, {"is_complete": false, "task_id": "reportBack"}], "time_since_launch": 357.65}	106
"26080410283393275"	"AQUALAB"	"2026-08-04T04:04:29.030000+00:00"	"status_open_job_tab"	{"server_time": "2026-08-03T23:04:28+00:00"}	"GAME"	"120"	"production"	"6"	"UTC+06:30"	"AccusingHutch"	{}	{"job_argumentation": 3, "job_experimentation": 3, "job_modeling": 0, "job_name": "bayou-dirty-detritus", "money": 2520, "region": "BayouStation", "scene_type": "dive-site", "science_level": 3, "science_points": 255, "site": "RS-3P", "task_list": [{"is_complete": true, "task_id": "scanNew"}, {"is_complete": true, "task_id": "scanProbe"}, {"is_complete": true, "task_id": "countDetritus"}, {"is_complete": false, "task_id": "eatDetritus"}, {"is_complete": false, "task_id": "growDetritus"}, {"is_complete": false, "task_id": "reportBack"}], "time_since_launch": 357.65}	107
"26080410283393275"	"AQUALAB"	"2026-08-04T04:04:29.030000+00:00"	"status_open_job_tab"	{"server_time": "2026-08-03T23:04:28+00:00"}	"GAME"	"120"	"production"	"6"	"UTC+06:30"	"AccusingHutch"	{}	{"job_argumentation": 3, "job_experimentation": 3, "job_modeling": 0, "job_name": "bayou-dirty-detritus", "money": 2520, "region": "BayouStation", "scene_type": "dive-site", "science_level": 3, "science_points": 255, "site": "RS-3P", "task_list": [{"is_complete": true, "task_id": "scanNew"}, {"is_complete": true, "task_id": "scanProbe"}, {"is_complete": true, "task_id": "countDetritus"}, {"is_complete": false, "task_id": "eatDetritus"}, {"is_complete": false, "task_id": "growDetritus"}, {"is_complete": false, "task_id": "reportBack"}], "time_since_launch": 357.65}	108
"26080410283393275"	"AQUALAB"	"2026-08-04T04:04:30.933000+00:00"	"close_status"	{"server_time": "2026-08-03T23:04:30+00:00"}	"GAME"	"120"	"production"	"6"	"UTC+06:30"	"AccusingHutch"	{}	{"job_argumentation": 3, "job_experimentation": 3, "job_modeling": 0, "job_name": "bayou-dirty-detritus", "money": 2520, "region": "BayouStation", "scene_type": "dive-site", "science_level": 3, "science_points": 255, "site": "RS-3P", "task_list": [{"is_complete": true, "task_id": "scanNew"}, {"is_complete": true, "task_id": "scanProbe"}, {"is_complete": true, "task_id": "countDetritus"}, {"is_complete": false, "task_id": "eatDetritus"}, {"is_complete": false, "task_id": "growDetritus"}, {"is_complete": false, "task_id": "reportBack"}], "time_since_launch": 359.56}	109
"26080410283393275"	"AQUALAB"	"2026-08-04T04:04:44.585000+00:00"	"scene_changed"	{"scene_name": "BayouStation", "server_time": "2026-08-03T23:04:45+00:00"}	"GAME"	"120"	"production"	"6"	"UTC+06:30"	"AccusingHutch"	{}	{"job_argumentation": 3, "job_experimentation": 3, "job_modeling": 0, "job_name": "bayou-dirty-detritus", "money": 2520, "region": "BayouStation", "scene_type": "dive-site", "science_level": 3, "science_points": 255, "site": "RS-3P", "task_list": [{"is_complete": true, "task_id": "scanNew"}, {"is_complete": true, "task_id": "scanProbe"}, {"is_complete": true, "task_id": "countDetritus"}, {"is_complete": false, "task_id": "eatDetritus"}, {"is_complete": false, "task_id": "growDetritus"}, {"is_complete": false, "task_id": "reportBack"}], "time_since_launch": 359.56}	110
"26080410283393275"	"AQUALAB"	"2026-08-04T04:05:06.754000+00:00"	"begin_dive"	{"server_time": "2026-08-03T23:05:08+00:00", "site_id": "RS-3O"}	"GAME"	"120"	"production"	"6"	"UTC+06:30"	"AccusingHutch"	{}	{"job_argumentation": 3, "job_experimentation": 3, "job_modeling": 0, "job_name": "bayou-dirty-detritus", "money": 2520, "region": "BayouStation", "scene_type": "surface", "science_level": 3, "science_points": 255, "site": "BayouStation", "task_list": [{"is_complete": true, "task_id": "scanNew"}, {"is_complete": true, "task_id": "scanProbe"}, {"is_complete": true, "task_id": "countDetritus"}, {"is_complete": false, "task_id": "eatDetritus"}, {"is_complete": false, "task_id": "growDetritus"}, {"is_complete": false, "task_id": "reportBack"}], "time_since_launch": 395.38}	111
"26080410283393275"	"AQUALAB"	"2026-08-04T04:05:16.474000+00:00"	"scene_changed"	{"scene_name": "RS-3O", "server_time": "2026-08-03T23:05:16+00:00"}	"GAME"	"120"	"production"	"6"	"UTC+06:30"	"AccusingHutch"	{}	{"job_argumentation": 3, "job_experimentation": 3, "job_modeling": 0, "job_name": "bayou-dirty-detritus", "money": 2520, "region": "BayouStation", "scene_type": "surface", "science_level": 3, "science_points": 255, "site": "BayouStation", "task_list": [{"is_complete": true, "task_id": "scanNew"}, {"is_complete": true, "task_id": "scanProbe"}, {"is_complete": true, "task_id": "countDetritus"}, {"is_complete": false, "task_id": "eatDetritus"}, {"is_complete": false, "task_id": "growDetritus"}, {"is_complete": false, "task_id": "reportBack"}], "time_since_launch": 395.38}	112
"26080410283393275"	"AQUALAB"	"2026-08-04T04:05:32.379000+00:00"	"room_changed"	{"room_name": "Station", "server_time": "2026-08-03T23:05:32+00:00"}	"GAME"	"120"	"production"	"6"	"UTC+06:30"	"AccusingHutch"	{}	{"job_argumentation": 3, "job_experimentation": 3, "job_modeling": 0, "job_name": "bayou-dirty-detritus", "money": 2520, "region": "BayouStation", "scene_type": "dive-site", "science_level": 3, "science_points": 255, "site": "RS-3O", "task_list": [{"is_complete": true, "task_id": "scanNew"}, {"is_complete": true, "task_id": "scanProbe"}, {"is_complete": true, "task_id": "countDetritus"}, {"is_complete": false, "task_id": "eatDetritus"}, {"is_complete": false, "task_id": "growDetritus"}, {"is_complete": false, "task_id": "reportBack"}], "time_since_launch": 405.1}	113
"26080410283393275"	"AQUALAB"	"2026-08-04T04:05:32.381000+00:00"	"scene_changed"	{"scene_name": "RS-3O-StationInterior", "server_time": "2026-08-03T23:05:32+00:00"}	"GAME"	"120"	"production"	"6"	"UTC+06:30"	"AccusingHutch"	{}	{"job_argumentation": 3, "job_experimentation": 3, "job_modeling": 0, "job_name": "bayou-dirty-detritus", "money": 2520, "region": "BayouStation", "scene_type": "dive-site", "science_level": 3, "science_points": 255, "site": "RS-3O", "task_list": [{"is_complete": true, "task_id": "scanNew"}, {"is_complete": true, "task_id": "scanProbe"}, {"is_complete": true, "task_id": "countDetritus"}, {"is_complete": false, "task_id": "eatDetritus"}, {"is_complete": false, "task_id": "growDetritus"}, {"is_complete": false, "task_id": "reportBack"}], "time_since_launch": 421}	114
"26080410283393275"	"AQUALAB"	"2026-08-04T04:05:34.521000+00:00"	"room_changed"	{"room_name": "JobGiver", "server_time": "2026-08-03T23:05:34+00:00"}	"GAME"	"120"	"production"	"6"	"UTC+06:30"	"AccusingHutch"	{}	{"job_argumentation": 3, "job_experimentation": 3, "job_modeling": 0, "job_name": "bayou-dirty-detritus", "money": 2520, "region": "BayouStation", "scene_type": "station-interior", "science_level": 3, "science_points": 255, "site": "RS-Bayou", "task_list": [{"is_complete": true, "task_id": "scanNew"}, {"is_complete": true, "task_id": "scanProbe"}, {"is_complete": true, "task_id": "countDetritus"}, {"is_complete": false, "task_id": "eatDetritus"}, {"is_complete": false, "task_id": "growDetritus"}, {"is_complete": false, "task_id": "reportBack"}], "time_since_launch": 421}	115
"26080410283393275"	"AQUALAB"	"2026-08-04T04:05:36.957000+00:00"	"script_began"	{"node_id": "interior.job.bayou_alt.jobGiver.hasJob.a", "server_time": "2026-08-03T23:05:36+00:00"}	"GAME"	"120"	"production"	"6"	"UTC+06:30"	"AccusingHutch"	{}	{"job_argumentation": 3, "job_experimentation": 3, "job_modeling": 0, "job_name": "bayou-dirty-detritus", "money": 2520, "region": "BayouStation", "scene_type": "station-interior", "science_level": 3, "science_points": 255, "site": "RS-Bayou", "task_list": [{"is_complete": true, "task_id": "scanNew"}, {"is_complete": true, "task_id": "scanProbe"}, {"is_complete": true, "task_id": "countDetritus"}, {"is_complete": false, "task_id": "eatDetritus"}, {"is_complete": false, "task_id": "growDetritus"}, {"is_complete": false, "task_id": "reportBack"}], "time_since_launch": 425.58}	116
"26080410283393275"	"AQUALAB"	"2026-08-04T04:05:36.964000+00:00"	"script_line_displayed"	{"node_id": "interior.job.bayou_alt.jobGiver.hasJob.a", "server_time": "2026-08-03T23:05:36+00:00", "speaker": "", "text_string": "So, do you have anything to report for your current job?"}	"GAME"	"120"	"production"	"6"	"UTC+06:30"	"AccusingHutch"	{}	{"job_argumentation": 3, "job_experimentation": 3, "job_modeling": 0, "job_name": "bayou-dirty-detritus", "money": 2520, "region": "BayouStation", "scene_type": "station-interior", "science_level": 3, "science_points": 255, "site": "RS-Bayou", "task_list": [{"is_complete": true, "task_id": "scanNew"}, {"is_complete": true, "task_id": "scanProbe"}, {"is_complete": true, "task_id": "countDetritus"}, {"is_complete": false, "task_id": "eatDetritus"}, {"is_complete": false, "task_id": "growDetritus"}, {"is_complete": false, "task_id": "reportBack"}], "time_since_launch": 425.59}	117
"26080410283393275"	"AQUALAB"	"2026-08-04T04:05:39.989000+00:00"	"script_began"	{"node_id": "job.bayou-dirty-detritus.argue.intro", "server_time": "2026-08-03T23:05:39+00:00"}	"GAME"	"120"	"production"	"6"	"UTC+06:30"	"AccusingHutch"	{}	{"job_argumentation": 3, "job_experimentation": 3, "job_modeling": 0, "job_name": "bayou-dirty-detritus", "money": 2520, "region": "BayouStation", "scene_type": "station-interior", "science_level": 3, "science_points": 255, "site": "RS-Bayou", "task_list": [{"is_complete": true, "task_id": "scanNew"}, {"is_complete": true, "task_id": "scanProbe"}, {"is_complete": true, "task_id": "countDetritus"}, {"is_complete": false, "task_id": "eatDetritus"}, {"is_complete": false, "task_id": "growDetritus"}, {"is_complete": false, "task_id": "reportBack"}], "time_since_launch": 428.61}	118
"26080410283393275"	"AQUALAB"	"2026-08-04T04:05:40.016000+00:00"	"begin_argument"	{"server_time": "2026-08-03T23:05:39+00:00"}	"GAME"	"120"	"production"	"6"	"UTC+06:30"	"AccusingHutch"	{}	{"job_argumentation": 3, "job_experimentation": 3, "job_modeling": 0, "job_name": "bayou-dirty-detritus", "money": 2520, "region": "BayouStation", "scene_type": "station-interior", "science_level": 3, "science_points": 255, "site": "RS-Bayou", "task_list": [{"is_complete": true, "task_id": "scanNew"}, {"is_complete": true, "task_id": "scanProbe"}, {"is_complete": true, "task_id": "countDetritus"}, {"is_complete": false, "task_id": "eatDetritus"}, {"is_complete": false, "task_id": "growDetritus"}, {"is_complete": false, "task_id": "reportBack"}], "time_since_launch": 428.64}	119
"26080410283393275"	"AQUALAB"	"2026-08-04T04:05:40.017000+00:00"	"script_line_displayed"	{"node_id": "job.bayou-dirty-detritus.argue.intro", "server_time": "2026-08-03T23:05:39+00:00", "speaker": "", "text_string": "Why is there so much Detritus in the Trawling Bay?"}	"GAME"	"120"	"production"	"6"	"UTC+06:30"	"AccusingHutch"	{}	{"job_argumentation": 3, "job_experimentation": 3, "job_modeling": 0, "job_name": "bayou-dirty-detritus", "money": 2520, "region": "BayouStation", "scene_type": "station-interior", "science_level": 3, "science_points": 255, "site": "RS-Bayou", "task_list": [{"is_complete": true, "task_id": "scanNew"}, {"is_complete": true, "task_id": "scanProbe"}, {"is_complete": true, "task_id": "countDetritus"}, {"is_complete": false, "task_id": "eatDetritus"}, {"is_complete": false, "task_id": "growDetritus"}, {"is_complete": false, "task_id": "reportBack"}], "time_since_launch": 428.64}	120
"26080410283393275"	"AQUALAB"	"2026-08-04T04:05:45.594000+00:00"	"script_line_displayed"	{"node_id": "job.bayou-dirty-detritus.argue.detritusReproduce", "server_time": "2026-08-03T23:05:46+00:00", "speaker": "", "text_string": "Detritus is dead matter. It doesn't reproduce."}	"GAME"	"120"	"production"	"6"	"UTC+06:30"	"AccusingHutch"	{}	{"job_argumentation": 3, "job_experimentation": 3, "job_modeling": 0, "job_name": "bayou-dirty-detritus", "money": 2520, "region": "BayouStation", "scene_type": "station-interior", "science_level": 3, "science_points": 255, "site": "RS-Bayou", "task_list": [{"is_complete": true, "task_id": "scanNew"}, {"is_complete": true, "task_id": "scanProbe"}, {"is_complete": true, "task_id": "countDetritus"}, {"is_complete": false, "task_id": "eatDetritus"}, {"is_complete": false, "task_id": "growDetritus"}, {"is_complete": false, "task_id": "reportBack"}], "time_since_launch": 434.22}	121
"26080410283393275"	"AQUALAB"	"2026-08-04T04:05:47.256000+00:00"	"script_line_displayed"	{"node_id": "job.bayou-dirty-detritus.argue.intro", "server_time": "2026-08-03T23:05:46+00:00", "speaker": "", "text_string": "Why is there so much Detritus in the Trawling Bay?"}	"GAME"	"120"	"production"	"6"	"UTC+06:30"	"AccusingHutch"	{}	{"job_argumentation": 3, "job_experimentation": 3, "job_modeling": 0, "job_name": "bayou-dirty-detritus", "money": 2520, "region": "BayouStation", "scene_type": "station-interior", "science_level": 3, "science_points": 255, "site": "RS-Bayou", "task_list": [{"is_complete": true, "task_id": "scanNew"}, {"is_complete": true, "task_id": "scanProbe"}, {"is_complete": true, "task_id": "countDetritus"}, {"is_complete": false, "task_id": "eatDetritus"}, {"is_complete": false, "task_id": "growDetritus"}, {"is_complete": false, "task_id": "reportBack"}], "time_since_launch": 435.88}	122
"26080410283393275"	"AQUALAB"	"2026-08-04T04:05:50.392000+00:00"	"script_line_displayed"	{"node_id": "job.bayou-dirty-detritus.argue.organismsDying", "server_time": "2026-08-03T23:05:50+00:00", "speaker": "", "text_string": "Can you show me the population histories for Detritus and all organisms in the Trawling Bay?"}	"GAME"	"120"	"production"	"6"	"UTC+06:30"	"AccusingHutch"	{}	{"job_argumentation": 3, "job_experimentation": 3, "job_modeling": 0, "job_name": "bayou-dirty-detritus", "money": 2520, "region": "BayouStation", "scene_type": "station-interior", "science_level": 3, "science_points": 255, "site": "RS-Bayou", "task_list": [{"is_complete": true, "task_id": "scanNew"}, {"is_complete": true, "task_id": "scanProbe"}, {"is_complete": true, "task_id": "countDetritus"}, {"is_complete": false, "task_id": "eatDetritus"}, {"is_complete": false, "task_id": "growDetritus"}, {"is_complete": false, "task_id": "reportBack"}], "time_since_launch": 439.02}	123
"26080410283393275"	"AQUALAB"	"2026-08-04T04:05:53.372000+00:00"	"open_bestiary"	{"server_time": "2026-08-03T23:05:53+00:00"}	"GAME"	"120"	"production"	"6"	"UTC+06:30"	"AccusingHutch"	{}	{"job_argumentation": 3, "job_experimentation": 3, "job_modeling": 0, "job_name": "bayou-dirty-detritus", "money": 2520, "region": "BayouStation", "scene_type": "station-interior", "science_level": 3, "science_points": 255, "site": "RS-Bayou", "task_list": [{"is_complete": true, "task_id": "scanNew"}, {"is_complete": true, "task_id": "scanProbe"}, {"is_complete": true, "task_id": "countDetritus"}, {"is_complete": false, "task_id": "eatDetritus"}, {"is_complete": false, "task_id": "growDetritus"}, {"is_complete": false, "task_id": "reportBack"}], "time_since_launch": 441.99}	124
"26080410283393275"	"AQUALAB"	"2026-08-04T04:05:53.372000+00:00"	"bestiary_open_environments_tab"	{"server_time": "2026-08-03T23:05:53+00:00"}	"GAME"	"120"	"production"	"6"	"UTC+06:30"	"AccusingHutch"	{}	{"job_argumentation": 3, "job_experimentation": 3, "job_modeling": 0, "job_name": "bayou-dirty-detritus", "money": 2520, "region": "BayouStation", "scene_type": "station-interior", "science_level": 3, "science_points": 255, "site": "RS-Bayou", "task_list": [{"is_complete": true, "task_id": "scanNew"}, {"is_complete": true, "task_id": "scanProbe"}, {"is_complete": true, "task_id": "countDetritus"}, {"is_complete": false, "task_id": "eatDetritus"}, {"is_complete": false, "task_id": "growDetritus"}, {"is_complete": false, "task_id": "reportBack"}], "time_since_launch": 441.99}	125
"26080410283393275"	"AQUALAB"	"2026-08-04T04:06:14.307000+00:00"	"fact_submitted"	{"fact_id": "P_DeadZone.PopulationHistory.Detritus", "server_time": "2026-08-03T23:06:16+00:00"}	"GAME"	"120"	"production"	"6"	"UTC+06:30"	"AccusingHutch"	{}	{"job_argumentation": 3, "job_experimentation": 3, "job_modeling": 0, "job_name": "bayou-dirty-detritus", "money": 2520, "region": "BayouStation", "scene_type": "station-interior", "science_level": 3, "science_points": 255, "site": "RS-Bayou", "task_list": [{"is_complete": true, "task_id": "scanNew"}, {"is_complete": true, "task_id": "scanProbe"}, {"is_complete": true, "task_id": "countDetritus"}, {"is_complete": false, "task_id": "eatDetritus"}, {"is_complete": false, "task_id": "growDetritus"}, {"is_complete": false, "task_id": "reportBack"}], "time_since_launch": 462.93}	126
"26080410283393275"	"AQUALAB"	"2026-08-04T04:06:17.401000+00:00"	"fact_submitted"	{"fact_id": "P_DeadZone.PopulationHistory.WhiteShrimp", "server_time": "2026-08-03T23:06:17+00:00"}	"GAME"	"120"	"production"	"6"	"UTC+06:30"	"AccusingHutch"	{}	{"job_argumentation": 3, "job_experimentation": 3, "job_modeling": 0, "job_name": "bayou-dirty-detritus", "money": 2520, "region": "BayouStation", "scene_type": "station-interior", "science_level": 3, "science_points": 255, "site": "RS-Bayou", "task_list": [{"is_complete": true, "task_id": "scanNew"}, {"is_complete": true, "task_id": "scanProbe"}, {"is_complete": true, "task_id": "countDetritus"}, {"is_complete": false, "task_id": "eatDetritus"}, {"is_complete": false, "task_id": "growDetritus"}, {"is_complete": false, "task_id": "reportBack"}], "time_since_launch": 466.02}	127
"26080410283393275"	"AQUALAB"	"2026-08-04T04:06:19.249000+00:00"	"fact_submitted"	{"fact_id": "P_DeadZone.PopulationHistory.Cyanobacteria", "server_time": "2026-08-03T23:06:18+00:00"}	"GAME"	"120"	"production"	"6"	"UTC+06:30"	"AccusingHutch"	{}	{"job_argumentation": 3, "job_experimentation": 3, "job_modeling": 0, "job_name": "bayou-dirty-detritus", "money": 2520, "region": "BayouStation", "scene_type": "station-interior", "science_level": 3, "science_points": 255, "site": "RS-Bayou", "task_list": [{"is_complete": true, "task_id": "scanNew"}, {"is_complete": true, "task_id": "scanProbe"}, {"is_complete": true, "task_id": "countDetritus"}, {"is_complete": false, "task_id": "eatDetritus"}, {"is_complete": false, "task_id": "growDetritus"}, {"is_complete": false, "task_id": "reportBack"}], "time_since_launch": 467.87}	128
"26080410283393275"	"AQUALAB"	"2026-08-04T04:06:20.991000+00:00"	"close_bestiary"	{"server_time": "2026-08-03T23:06:20+00:00"}	"GAME"	"120"	"production"	"6"	"UTC+06:30"	"AccusingHutch"	{}	{"job_argumentation": 3, "job_experimentation": 3, "job_modeling": 0, "job_name": "bayou-dirty-detritus", "money": 2520, "region": "BayouStation", "scene_type": "station-interior", "science_level": 3, "science_points": 255, "site": "RS-Bayou", "task_list": [{"is_complete": true, "task_id": "scanNew"}, {"is_complete": true, "task_id": "scanProbe"}, {"is_complete": true, "task_id": "countDetritus"}, {"is_complete": false, "task_id": "eatDetritus"}, {"is_complete": false, "task_id": "growDetritus"}, {"is_complete": false, "task_id": "reportBack"}], "time_since_launch": 469.61}	129
"26080410283393275"	"AQUALAB"	"2026-08-04T04:06:21.028000+00:00"	"fact_submitted"	{"fact_id": "P_DeadZone.PopulationHistory.DecomposingBacteria", "server_time": "2026-08-03T23:06:20+00:00"}	"GAME"	"120"	"production"	"6"	"UTC+06:30"	"AccusingHutch"	{}	{"job_argumentation": 3, "job_experimentation": 3, "job_modeling": 0, "job_name": "bayou-dirty-detritus", "money": 2520, "region": "BayouStation", "scene_type": "station-interior", "science_level": 3, "science_points": 255, "site": "RS-Bayou", "task_list": [{"is_complete": true, "task_id": "scanNew"}, {"is_complete": true, "task_id": "scanProbe"}, {"is_complete": true, "task_id": "countDetritus"}, {"is_complete": false, "task_id": "eatDetritus"}, {"is_complete": false, "task_id": "growDetritus"}, {"is_complete": false, "task_id": "reportBack"}], "time_since_launch": 469.65}	130
"26080410283393275"	"AQUALAB"	"2026-08-04T04:06:21.688000+00:00"	"complete_argument"	{"server_time": "2026-08-03T23:06:21+00:00"}	"GAME"	"120"	"production"	"6"	"UTC+06:30"	"AccusingHutch"	{}	{"job_argumentation": 3, "job_experimentation": 3, "job_modeling": 0, "job_name": "bayou-dirty-detritus", "money": 2520, "region": "BayouStation", "scene_type": "station-interior", "science_level": 3, "science_points": 255, "site": "RS-Bayou", "task_list": [{"is_complete": true, "task_id": "scanNew"}, {"is_complete": true, "task_id": "scanProbe"}, {"is_complete": true, "task_id": "countDetritus"}, {"is_complete": false, "task_id": "eatDetritus"}, {"is_complete": false, "task_id": "growDetritus"}, {"is_complete": false, "task_id": "reportBack"}], "time_since_launch": 470.31}	131
"26080410283393275"	"AQUALAB"	"2026-08-04T04:06:21.688000+00:00"	"script_line_displayed"	{"node_id": "job.bayou-dirty-detritus.argue.completeHistory", "server_time": "2026-08-03T23:06:21+00:00", "speaker": "", "text_string": "Oh. Interesting. All of these have been cycling over the past 7 years."}	"GAME"	"120"	"production"	"6"	"UTC+06:30"	"AccusingHutch"	{}	{"job_argumentation": 3, "job_experimentation": 3, "job_modeling": 0, "job_name": "bayou-dirty-detritus", "money": 2520, "region": "BayouStation", "scene_type": "station-interior", "science_level": 3, "science_points": 255, "site": "RS-Bayou", "task_list": [{"is_complete": true, "task_id": "scanNew"}, {"is_complete": true, "task_id": "scanProbe"}, {"is_complete": true, "task_id": "countDetritus"}, {"is_complete": false, "task_id": "eatDetritus"}, {"is_complete": false, "task_id": "growDetritus"}, {"is_complete": false, "task_id": "reportBack"}], "time_since_launch": 470.31}	132
"26080410283393275"	"AQUALAB"	"2026-08-04T04:06:23.806000+00:00"	"script_line_displayed"	{"node_id": "job.bayou-dirty-detritus.argue.completeHistory", "server_time": "2026-08-03T23:06:23+00:00", "speaker": "", "text_string": "What does that mean?"}	"GAME"	"120"	"production"	"6"	"UTC+06:30"	"AccusingHutch"	{}	{"job_argumentation": 3, "job_experimentation": 3, "job_modeling": 0, "job_name": "bayou-dirty-detritus", "money": 2520, "region": "BayouStation", "scene_type": "station-interior", "science_level": 3, "science_points": 255, "site": "RS-Bayou", "task_list": [{"is_complete": true, "task_id": "scanNew"}, {"is_complete": true, "task_id": "scanProbe"}, {"is_complete": true, "task_id": "countDetritus"}, {"is_complete": false, "task_id": "eatDetritus"}, {"is_complete": false, "task_id": "growDetritus"}, {"is_complete": false, "task_id": "reportBack"}], "time_since_launch": 472.43}	133
"26080410283393275"	"AQUALAB"	"2026-08-04T04:06:24.821000+00:00"	"script_line_displayed"	{"node_id": "job.bayou-dirty-detritus.argue.completeHistory", "server_time": "2026-08-03T23:06:24+00:00", "speaker": "", "text_string": "It means the populations rise and fall, rise and fall, over and over again."}	"GAME"	"120"	"production"	"6"	"UTC+06:30"	"AccusingHutch"	{}	{"job_argumentation": 3, "job_experimentation": 3, "job_modeling": 0, "job_name": "bayou-dirty-detritus", "money": 2520, "region": "BayouStation", "scene_type": "station-interior", "science_level": 3, "science_points": 255, "site": "RS-Bayou", "task_list": [{"is_complete": true, "task_id": "scanNew"}, {"is_complete": true, "task_id": "scanProbe"}, {"is_complete": true, "task_id": "countDetritus"}, {"is_complete": false, "task_id": "eatDetritus"}, {"is_complete": false, "task_id": "growDetritus"}, {"is_complete": false, "task_id": "reportBack"}], "time_since_launch": 473.44}	134
"26080410283393275"	"AQUALAB"	"2026-08-04T04:06:27.245000+00:00"	"script_line_displayed"	{"node_id": "job.bayou-dirty-detritus.argue.completeHistory", "server_time": "2026-08-03T23:06:26+00:00", "speaker": "", "text_string": "If I look at the most recent history... yes."}	"GAME"	"120"	"production"	"6"	"UTC+06:30"	"AccusingHutch"	{}	{"job_argumentation": 3, "job_experimentation": 3, "job_modeling": 0, "job_name": "bayou-dirty-detritus", "money": 2520, "region": "BayouStation", "scene_type": "station-interior", "science_level": 3, "science_points": 255, "site": "RS-Bayou", "task_list": [{"is_complete": true, "task_id": "scanNew"}, {"is_complete": true, "task_id": "scanProbe"}, {"is_complete": true, "task_id": "countDetritus"}, {"is_complete": false, "task_id": "eatDetritus"}, {"is_complete": false, "task_id": "growDetritus"}, {"is_complete": false, "task_id": "reportBack"}], "time_since_launch": 475.87}	135
"26080410283393275"	"AQUALAB"	"2026-08-04T04:06:29.135000+00:00"	"script_line_displayed"	{"node_id": "job.bayou-dirty-detritus.argue.completeHistory", "server_time": "2026-08-03T23:06:28+00:00", "speaker": "", "text_string": "The White Shrimp and Cyanobacteria are currently declining, while Detritus and Decomposing Bacteria are on the rise."}	"GAME"	"120"	"production"	"6"	"UTC+06:30"	"AccusingHutch"	{}	{"job_argumentation": 3, "job_experimentation": 3, "job_modeling": 0, "job_name": "bayou-dirty-detritus", "money": 2520, "region": "BayouStation", "scene_type": "station-interior", "science_level": 3, "science_points": 255, "site": "RS-Bayou", "task_list": [{"is_complete": true, "task_id": "scanNew"}, {"is_complete": true, "task_id": "scanProbe"}, {"is_complete": true, "task_id": "countDetritus"}, {"is_complete": false, "task_id": "eatDetritus"}, {"is_complete": false, "task_id": "growDetritus"}, {"is_complete": false, "task_id": "reportBack"}], "time_since_launch": 477.76}	136
"26080410283393275"	"AQUALAB"	"2026-08-04T04:06:32.238000+00:00"	"script_line_displayed"	{"node_id": "job.bayou-dirty-detritus.argue.completeHistory", "server_time": "2026-08-03T23:06:31+00:00", "speaker": "", "text_string": "So in your previous job regarding the green-colored water, we established that there is a lot of Cyanobacteria."}	"GAME"	"120"	"production"	"6"	"UTC+06:30"	"AccusingHutch"	{}	{"job_argumentation": 3, "job_experimentation": 3, "job_modeling": 0, "job_name": "bayou-dirty-detritus", "money": 2520, "region": "BayouStation", "scene_type": "station-interior", "science_level": 3, "science_points": 255, "site": "RS-Bayou", "task_list": [{"is_complete": true, "task_id": "scanNew"}, {"is_complete": true, "task_id": "scanProbe"}, {"is_complete": true, "task_id": "countDetritus"}, {"is_complete": false, "task_id": "eatDetritus"}, {"is_complete": false, "task_id": "growDetritus"}, {"is_complete": false, "task_id": "reportBack"}], "time_since_launch": 480.86}	137
"26080410283393275"	"AQUALAB"	"2026-08-04T04:06:39.561000+00:00"	"script_line_displayed"	{"node_id": "job.bayou-dirty-detritus.argue.completeHistory", "server_time": "2026-08-03T23:06:41+00:00", "speaker": "", "text_string": "But now we know that the Cyanobacteria are also dying in large numbers."}	"GAME"	"120"	"production"	"6"	"UTC+06:30"	"AccusingHutch"	{}	{"job_argumentation": 3, "job_experimentation": 3, "job_modeling": 0, "job_name": "bayou-dirty-detritus", "money": 2520, "region": "BayouStation", "scene_type": "station-interior", "science_level": 3, "science_points": 255, "site": "RS-Bayou", "task_list": [{"is_complete": true, "task_id": "scanNew"}, {"is_complete": true, "task_id": "scanProbe"}, {"is_complete": true, "task_id": "countDetritus"}, {"is_complete": false, "task_id": "eatDetritus"}, {"is_complete": false, "task_id": "growDetritus"}, {"is_complete": false, "task_id": "reportBack"}], "time_since_launch": 488.18}	138
"26080410283393275"	"AQUALAB"	"2026-08-04T04:06:43.551000+00:00"	"begin_argument"	{"server_time": "2026-08-03T23:06:43+00:00"}	"GAME"	"120"	"production"	"6"	"UTC+06:30"	"AccusingHutch"	{}	{"job_argumentation": 3, "job_experimentation": 3, "job_modeling": 0, "job_name": "bayou-dirty-detritus", "money": 2520, "region": "BayouStation", "scene_type": "station-interior", "science_level": 3, "science_points": 255, "site": "RS-Bayou", "task_list": [{"is_complete": true, "task_id": "scanNew"}, {"is_complete": true, "task_id": "scanProbe"}, {"is_complete": true, "task_id": "countDetritus"}, {"is_complete": false, "task_id": "eatDetritus"}, {"is_complete": false, "task_id": "growDetritus"}, {"is_complete": false, "task_id": "reportBack"}], "time_since_launch": 492.17}	139
"26080410283393275"	"AQUALAB"	"2026-08-04T04:06:43.552000+00:00"	"script_line_displayed"	{"node_id": "job.bayou-dirty-detritus.argue.showClaimFinal", "server_time": "2026-08-03T23:06:43+00:00", "speaker": "", "text_string": "Did you find anything that eats Detritus?"}	"GAME"	"120"	"production"	"6"	"UTC+06:30"	"AccusingHutch"	{}	{"job_argumentation": 3, "job_experimentation": 3, "job_modeling": 0, "job_name": "bayou-dirty-detritus", "money": 2520, "region": "BayouStation", "scene_type": "station-interior", "science_level": 3, "science_points": 255, "site": "RS-Bayou", "task_list": [{"is_complete": true, "task_id": "scanNew"}, {"is_complete": true, "task_id": "scanProbe"}, {"is_complete": true, "task_id": "countDetritus"}, {"is_complete": false, "task_id": "eatDetritus"}, {"is_complete": false, "task_id": "growDetritus"}, {"is_complete": false, "task_id": "reportBack"}], "time_since_launch": 492.17}	140
"26080410283393275"	"AQUALAB"	"2026-08-04T04:06:46.624000+00:00"	"open_bestiary"	{"server_time": "2026-08-03T23:06:46+00:00"}	"GAME"	"120"	"production"	"6"	"UTC+06:30"	"AccusingHutch"	{}	{"job_argumentation": 3, "job_experimentation": 3, "job_modeling": 0, "job_name": "bayou-dirty-detritus", "money": 2520, "region": "BayouStation", "scene_type": "station-interior", "science_level": 3, "science_points": 255, "site": "RS-Bayou", "task_list": [{"is_complete": true, "task_id": "scanNew"}, {"is_complete": true, "task_id": "scanProbe"}, {"is_complete": true, "task_id": "countDetritus"}, {"is_complete": false, "task_id": "eatDetritus"}, {"is_complete": false, "task_id": "growDetritus"}, {"is_complete": false, "task_id": "reportBack"}], "time_since_launch": 495.25}	141
"26080410283393275"	"AQUALAB"	"2026-08-04T04:06:46.624000+00:00"	"bestiary_open_species_tab"	{"server_time": "2026-08-03T23:06:46+00:00"}	"GAME"	"120"	"production"	"6"	"UTC+06:30"	"AccusingHutch"	{}	{"job_argumentation": 3, "job_experimentation": 3, "job_modeling": 0, "job_name": "bayou-dirty-detritus", "money": 2520, "region": "BayouStation", "scene_type": "station-interior", "science_level": 3, "science_points": 255, "site": "RS-Bayou", "task_list": [{"is_complete": true, "task_id": "scanNew"}, {"is_complete": true, "task_id": "scanProbe"}, {"is_complete": true, "task_id": "countDetritus"}, {"is_complete": false, "task_id": "eatDetritus"}, {"is_complete": false, "task_id": "growDetritus"}, {"is_complete": false, "task_id": "reportBack"}], "time_since_launch": 495.25}	142
"26080410283393275"	"AQUALAB"	"2026-08-04T04:06:51.444000+00:00"	"close_bestiary"	{"server_time": "2026-08-03T23:06:51+00:00"}	"GAME"	"120"	"production"	"6"	"UTC+06:30"	"AccusingHutch"	{}	{"job_argumentation": 3, "job_experimentation": 3, "job_modeling": 0, "job_name": "bayou-dirty-detritus", "money": 2520, "region": "BayouStation", "scene_type": "station-interior", "science_level": 3, "science_points": 255, "site": "RS-Bayou", "task_list": [{"is_complete": true, "task_id": "scanNew"}, {"is_complete": true, "task_id": "scanProbe"}, {"is_complete": true, "task_id": "countDetritus"}, {"is_complete": false, "task_id": "eatDetritus"}, {"is_complete": false, "task_id": "growDetritus"}, {"is_complete": false, "task_id": "reportBack"}], "time_since_launch": 500.07}	143
"26080410283393275"	"AQUALAB"	"2026-08-04T04:06:53.048000+00:00"	"script_line_displayed"	{"node_id": "job.bayou-dirty-detritus.argue.giveUp", "server_time": "2026-08-03T23:06:53+00:00", "speaker": "", "text_string": "Okay, then. But don't take too long. A lot of people are waiting for us to act."}	"GAME"	"120"	"production"	"6"	"UTC+06:30"	"AccusingHutch"	{}	{"job_argumentation": 3, "job_experimentation": 3, "job_modeling": 0, "job_name": "bayou-dirty-detritus", "money": 2520, "region": "BayouStation", "scene_type": "station-interior", "science_level": 3, "science_points": 255, "site": "RS-Bayou", "task_list": [{"is_complete": true, "task_id": "scanNew"}, {"is_complete": true, "task_id": "scanProbe"}, {"is_complete": true, "task_id": "countDetritus"}, {"is_complete": false, "task_id": "eatDetritus"}, {"is_complete": false, "task_id": "growDetritus"}, {"is_complete": false, "task_id": "reportBack"}], "time_since_launch": 501.67}	144
"26080410283393275"	"AQUALAB"	"2026-08-04T04:06:55.003000+00:00"	"leave_argument"	{"server_time": "2026-08-03T23:06:54+00:00"}	"GAME"	"120"	"production"	"6"	"UTC+06:30"	"AccusingHutch"	{}	{"job_argumentation": 3, "job_experimentation": 3, "job_modeling": 0, "job_name": "bayou-dirty-detritus", "money": 2520, "region": "BayouStation", "scene_type": "station-interior", "science_level": 3, "science_points": 255, "site": "RS-Bayou", "task_list": [{"is_complete": true, "task_id": "scanNew"}, {"is_complete": true, "task_id": "scanProbe"}, {"is_complete": true, "task_id": "countDetritus"}, {"is_complete": false, "task_id": "eatDetritus"}, {"is_complete": false, "task_id": "growDetritus"}, {"is_complete": false, "task_id": "reportBack"}], "time_since_launch": 503.63}	145
"26080410283393275"	"AQUALAB"	"2026-08-04T04:06:55.775000+00:00"	"room_changed"	{"room_name": "Station", "server_time": "2026-08-03T23:06:55+00:00"}	"GAME"	"120"	"production"	"6"	"UTC+06:30"	"AccusingHutch"	{}	{"job_argumentation": 3, "job_experimentation": 3, "job_modeling": 0, "job_name": "bayou-dirty-detritus", "money": 2520, "region": "BayouStation", "scene_type": "station-interior", "science_level": 3, "science_points": 255, "site": "RS-Bayou", "task_list": [{"is_complete": true, "task_id": "scanNew"}, {"is_complete": true, "task_id": "scanProbe"}, {"is_complete": true, "task_id": "countDetritus"}, {"is_complete": false, "task_id": "eatDetritus"}, {"is_complete": false, "task_id": "growDetritus"}, {"is_complete": false, "task_id": "reportBack"}], "time_since_launch": 503.63}	146
"26080410283393275"	"AQUALAB"	"2026-08-04T04:07:05.345000+00:00"	"scene_changed"	{"scene_name": "BayouStation", "server_time": "2026-08-03T23:07:07+00:00"}	"GAME"	"120"	"production"	"6"	"UTC+06:30"	"AccusingHutch"	{}	{"job_argumentation": 3, "job_experimentation": 3, "job_modeling": 0, "job_name": "bayou-dirty-detritus", "money": 2520, "region": "BayouStation", "scene_type": "station-interior", "science_level": 3, "science_points": 255, "site": "RS-Bayou", "task_list": [{"is_complete": true, "task_id": "scanNew"}, {"is_complete": true, "task_id": "scanProbe"}, {"is_complete": true, "task_id": "countDetritus"}, {"is_complete": false, "task_id": "eatDetritus"}, {"is_complete": false, "task_id": "growDetritus"}, {"is_complete": false, "task_id": "reportBack"}], "time_since_launch": 504.4}	147
"26080410371759583"	"AQUALAB"	"2026-08-04T04:07:43.432000+00:00"	"scene_changed"	{"scene_name": "BayouStation", "server_time": "2026-08-03T23:07:44+00:00"}	"GAME"	"120"	"production"	"6"	"UTC+06:30"	"AccusingHutch"	{}	{"job_name": "no-active-job", "money": 0, "region": "no-active-region", "scene_type": "menu", "science_level": 0, "science_points": 0, "site": "no-active-site", "time_since_launch": 16.12}	0
"26080410371759583"	"AQUALAB"	"2026-08-04T04:07:43.439000+00:00"	"switch_job"	{"prev_job_name": "bayou-dirty-detritus", "server_time": "2026-08-03T23:07:44+00:00"}	"GAME"	"120"	"production"	"6"	"UTC+06:30"	"AccusingHutch"	{}	{"job_argumentation": 3, "job_experimentation": 3, "job_modeling": 0, "job_name": "bayou-dirty-detritus", "money": 2520, "region": "BayouStation", "scene_type": "surface", "science_level": 3, "science_points": 255, "site": "BayouStation", "task_list": [{"is_complete": true, "task_id": "scanNew"}, {"is_complete": true, "task_id": "scanProbe"}, {"is_complete": true, "task_id": "countDetritus"}, {"is_complete": false, "task_id": "eatDetritus"}, {"is_complete": false, "task_id": "growDetritus"}, {"is_complete": false, "task_id": "reportBack"}], "time_since_launch": 27.68}	1
"26080410371759583"	"AQUALAB"	"2026-08-04T04:07:48.560000+00:00"	"scene_changed"	{"scene_name": "ExperimentV2", "server_time": "2026-08-03T23:07:48+00:00"}	"GAME"	"120"	"production"	"6"	"UTC+06:30"	"AccusingHutch"	{}	{"job_argumentation": 3, "job_experimentation": 3, "job_modeling": 0, "job_name": "bayou-dirty-detritus", "money": 2520, "region": "BayouStation", "scene_type": "surface", "science_level": 3, "science_points": 255, "site": "BayouStation", "task_list": [{"is_complete": true, "task_id": "scanNew"}, {"is_complete": true, "task_id": "scanProbe"}, {"is_complete": true, "task_id": "countDetritus"}, {"is_complete": false, "task_id": "eatDetritus"}, {"is_complete": false, "task_id": "growDetritus"}, {"is_complete": false, "task_id": "reportBack"}], "time_since_launch": 27.69}	2
"26080410371759583"	"AQUALAB"	"2026-08-04T04:07:50.934000+00:00"	"open_status"	{"server_time": "2026-08-03T23:07:50+00:00"}	"GAME"	"120"	"production"	"6"	"UTC+06:30"	"AccusingHutch"	{}	{"job_argumentation": 3, "job_experimentation": 3, "job_modeling": 0, "job_name": "bayou-dirty-detritus", "money": 2520, "region": "BayouStation", "scene_type": "ship", "science_level": 3, "science_points": 255, "site": "Experimentation", "task_list": [{"is_complete": true, "task_id": "scanNew"}, {"is_complete": true, "task_id": "scanProbe"}, {"is_complete": true, "task_id": "countDetritus"}, {"is_complete": false, "task_id": "eatDetritus"}, {"is_complete": false, "task_id": "growDetritus"}, {"is_complete": false, "task_id": "reportBack"}], "time_since_launch": 35.18}	3
"26080410371759583"	"AQUALAB"	"2026-08-04T04:07:50.935000+00:00"	"status_open_job_tab"	{"server_time": "2026-08-03T23:07:50+00:00"}	"GAME"	"120"	"production"	"6"	"UTC+06:30"	"AccusingHutch"	{}	{"job_argumentation": 3, "job_experimentation": 3, "job_modeling": 0, "job_name": "bayou-dirty-detritus", "money": 2520, "region": "BayouStation", "scene_type": "ship", "science_level": 3, "science_points": 255, "site": "Experimentation", "task_list": [{"is_complete": true, "task_id": "scanNew"}, {"is_complete": true, "task_id": "scanProbe"}, {"is_complete": true, "task_id": "countDetritus"}, {"is_complete": false, "task_id": "eatDetritus"}, {"is_complete": false, "task_id": "growDetritus"}, {"is_complete": false, "task_id": "reportBack"}], "time_since_launch": 35.18}	4
"26080410371759583"	"AQUALAB"	"2026-08-04T04:07:50.935000+00:00"	"status_open_job_tab"	{"server_time": "2026-08-03T23:07:50+00:00"}	"GAME"	"120"	"production"	"6"	"UTC+06:30"	"AccusingHutch"	{}	{"job_argumentation": 3, "job_experimentation": 3, "job_modeling": 0, "job_name": "bayou-dirty-detritus", "money": 2520, "region": "BayouStation", "scene_type": "ship", "science_level": 3, "science_points": 255, "site": "Experimentation", "task_list": [{"is_complete": true, "task_id": "scanNew"}, {"is_complete": true, "task_id": "scanProbe"}, {"is_complete": true, "task_id": "countDetritus"}, {"is_complete": false, "task_id": "eatDetritus"}, {"is_complete": false, "task_id": "growDetritus"}, {"is_complete": false, "task_id": "reportBack"}], "time_since_launch": 35.18}	5
"26080410371759583"	"AQUALAB"	"2026-08-04T04:07:53.490000+00:00"	"close_status"	{"server_time": "2026-08-03T23:07:53+00:00"}	"GAME"	"120"	"production"	"6"	"UTC+06:30"	"AccusingHutch"	{}	{"job_argumentation": 3, "job_experimentation": 3, "job_modeling": 0, "job_name": "bayou-dirty-detritus", "money": 2520, "region": "BayouStation", "scene_type": "ship", "science_level": 3, "science_points": 255, "site": "Experimentation", "task_list": [{"is_complete": true, "task_id": "scanNew"}, {"is_complete": true, "task_id": "scanProbe"}, {"is_complete": true, "task_id": "countDetritus"}, {"is_complete": false, "task_id": "eatDetritus"}, {"is_complete": false, "task_id": "growDetritus"}, {"is_complete": false, "task_id": "reportBack"}], "time_since_launch": 37.74}	6
"26080410371759583"	"AQUALAB"	"2026-08-04T04:07:58.316000+00:00"	"add_environment"	{"environment": "P_DeadZone", "server_time": "2026-08-03T23:07:57+00:00", "tank_type": "Observation"}	"GAME"	"120"	"production"	"6"	"UTC+06:30"	"AccusingHutch"	{}	{"job_argumentation": 3, "job_experimentation": 3, "job_modeling": 0, "job_name": "bayou-dirty-detritus", "money": 2520, "region": "BayouStation", "scene_type": "ship", "science_level": 3, "science_points": 255, "site": "Experimentation", "task_list": [{"is_complete": true, "task_id": "scanNew"}, {"is_complete": true, "task_id": "scanProbe"}, {"is_complete": true, "task_id": "countDetritus"}, {"is_complete": false, "task_id": "eatDetritus"}, {"is_complete": false, "task_id": "growDetritus"}, {"is_complete": false, "task_id": "reportBack"}], "time_since_launch": 42.56}	7
"26080410371759583"	"AQUALAB"	"2026-08-04T04:08:07.155000+00:00"	"add_critter"	{"critter": "DecomposingBacteria", "environment": "P_DeadZone", "server_time": "2026-08-03T23:08:07+00:00", "tank_type": "Observation"}	"GAME"	"120"	"production"	"6"	"UTC+06:30"	"AccusingHutch"	{}	{"job_argumentation": 3, "job_experimentation": 3, "job_modeling": 0, "job_name": "bayou-dirty-detritus", "money": 2520, "region": "BayouStation", "scene_type": "ship", "science_level": 3, "science_points": 255, "site": "Experimentation", "task_list": [{"is_complete": true, "task_id": "scanNew"}, {"is_complete": true, "task_id": "scanProbe"}, {"is_complete": true, "task_id": "countDetritus"}, {"is_complete": false, "task_id": "eatDetritus"}, {"is_complete": false, "task_id": "growDetritus"}, {"is_complete": false, "task_id": "reportBack"}], "time_since_launch": 51.4}	8
"26080410371759583"	"AQUALAB"	"2026-08-04T04:08:07.405000+00:00"	"add_critter"	{"critter": "Detritus", "environment": "P_DeadZone", "server_time": "2026-08-03T23:08:08+00:00", "tank_type": "Observation"}	"GAME"	"120"	"production"	"6"	"UTC+06:30"	"AccusingHutch"	{}	{"job_argumentation": 3, "job_experimentation": 3, "job_modeling": 0, "job_name": "bayou-dirty-detritus", "money": 2520, "region": "BayouStation", "scene_type": "ship", "science_level": 3, "science_points": 255, "site": "Experimentation", "task_list": [{"is_complete": true, "task_id": "scanNew"}, {"is_complete": true, "task_id": "scanProbe"}, {"is_complete": true, "task_id": "countDetritus"}, {"is_complete": false, "task_id": "eatDetritus"}, {"is_complete": false, "task_id": "growDetritus"}, {"is_complete": false, "task_id": "reportBack"}], "time_since_launch": 51.65}	9
"26080410371759583"	"AQUALAB"	"2026-08-04T04:08:09.650000+00:00"	"add_critter"	{"critter": "BlueheadWrasse", "environment": "P_DeadZone", "server_time": "2026-08-03T23:08:09+00:00", "tank_type": "Observation"}	"GAME"	"120"	"production"	"6"	"UTC+06:30"	"AccusingHutch"	{}	{"job_argumentation": 3, "job_experimentation": 3, "job_modeling": 0, "job_name": "bayou-dirty-detritus", "money": 2520, "region": "BayouStation", "scene_type": "ship", "science_level": 3, "science_points": 255, "site": "Experimentation", "task_list": [{"is_complete": true, "task_id": "scanNew"}, {"is_complete": true, "task_id": "scanProbe"}, {"is_complete": true, "task_id": "countDetritus"}, {"is_complete": false, "task_id": "eatDetritus"}, {"is_complete": false, "task_id": "growDetritus"}, {"is_complete": false, "task_id": "reportBack"}], "time_since_launch": 53.9}	10
"26080410371759583"	"AQUALAB"	"2026-08-04T04:08:12.175000+00:00"	"begin_experiment"	{"autofeeder_enabled": false, "critters": "DecomposingBacteria,Detritus,BlueheadWrasse", "environment": "P_DeadZone", "server_time": "2026-08-03T23:08:11+00:00", "stabilizer_enabled": false, "tank_type": "Observation"}	"GAME"	"120"	"production"	"6"	"UTC+06:30"	"AccusingHutch"	{}	{"job_argumentation": 3, "job_experimentation": 3, "job_modeling": 0, "job_name": "bayou-dirty-detritus", "money": 2520, "region": "BayouStation", "scene_type": "ship", "science_level": 3, "science_points": 255, "site": "Experimentation", "task_list": [{"is_complete": true, "task_id": "scanNew"}, {"is_complete": true, "task_id": "scanProbe"}, {"is_complete": true, "task_id": "countDetritus"}, {"is_complete": false, "task_id": "eatDetritus"}, {"is_complete": false, "task_id": "growDetritus"}, {"is_complete": false, "task_id": "reportBack"}], "time_since_launch": 56.42}	11
"26080410371759583"	"AQUALAB"	"2026-08-04T04:08:17.968000+00:00"	"complete_task"	{"server_time": "2026-08-03T23:08:17+00:00", "task_id": "eatDetritus"}	"GAME"	"120"	"production"	"6"	"UTC+06:30"	"AccusingHutch"	{}	{"job_argumentation": 3, "job_experimentation": 3, "job_modeling": 0, "job_name": "bayou-dirty-detritus", "money": 2520, "region": "BayouStation", "scene_type": "ship", "science_level": 3, "science_points": 255, "site": "Experimentation", "task_list": [{"is_complete": true, "task_id": "scanNew"}, {"is_complete": true, "task_id": "scanProbe"}, {"is_complete": true, "task_id": "countDetritus"}, {"is_complete": false, "task_id": "eatDetritus"}, {"is_complete": false, "task_id": "growDetritus"}, {"is_complete": false, "task_id": "reportBack"}], "time_since_launch": 62.21}	12
"26080410371759583"	"AQUALAB"	"2026-08-04T04:08:17.969000+00:00"	"receive_fact"	{"fact_entity": "DecomposingBacteria", "fact_id": "DecomposingBacteria.Eats.Detritus", "fact_rate": true, "fact_stressed": false, "fact_type": "Eat", "has_rate": false, "server_time": "2026-08-03T23:08:17+00:00"}	"GAME"	"120"	"production"	"6"	"UTC+06:30"	"AccusingHutch"	{}	{"job_argumentation": 3, "job_experimentation": 3, "job_modeling": 0, "job_name": "bayou-dirty-detritus", "money": 2520, "region": "BayouStation", "scene_type": "ship", "science_level": 3, "science_points": 255, "site": "Experimentation", "task_list": [{"is_complete": true, "task_id": "scanNew"}, {"is_complete": true, "task_id": "scanProbe"}, {"is_complete": true, "task_id": "countDetritus"}, {"is_complete": true, "task_id": "eatDetritus"}, {"is_complete": false, "task_id": "growDetritus"}, {"is_complete": false, "task_id": "reportBack"}], "time_since_launch": 62.21}	13
"26080410371759583"	"AQUALAB"	"2026-08-04T04:08:19.253000+00:00"	"script_began"	{"node_id": "job.bayou-dirty-detritus.eatRuleObtained", "server_time": "2026-08-03T23:08:18+00:00"}	"GAME"	"120"	"production"	"6"	"UTC+06:30"	"AccusingHutch"	{}	{"job_argumentation": 3, "job_experimentation": 3, "job_modeling": 0, "job_name": "bayou-dirty-detritus", "money": 2520, "region": "BayouStation", "scene_type": "ship", "science_level": 3, "science_points": 255, "site": "Experimentation", "task_list": [{"is_complete": true, "task_id": "scanNew"}, {"is_complete": true, "task_id": "scanProbe"}, {"is_complete": true, "task_id": "countDetritus"}, {"is_complete": true, "task_id": "eatDetritus"}, {"is_complete": false, "task_id": "growDetritus"}, {"is_complete": false, "task_id": "reportBack"}], "time_since_launch": 63.5}	14
"26080410371759583"	"AQUALAB"	"2026-08-04T04:08:19.311000+00:00"	"script_line_displayed"	{"node_id": "job.bayou-dirty-detritus.eatRuleObtained", "server_time": "2026-08-03T23:08:18+00:00", "speaker": "", "text_string": "So the Decomposing Bacteria are enjoying this increase in detritus. I am certain Silias will be interested to know about this."}	"GAME"	"120"	"production"	"6"	"UTC+06:30"	"AccusingHutch"	{}	{"job_argumentation": 3, "job_experimentation": 3, "job_modeling": 0, "job_name": "bayou-dirty-detritus", "money": 2520, "region": "BayouStation", "scene_type": "ship", "science_level": 3, "science_points": 255, "site": "Experimentation", "task_list": [{"is_complete": true, "task_id": "scanNew"}, {"is_complete": true, "task_id": "scanProbe"}, {"is_complete": true, "task_id": "countDetritus"}, {"is_complete": true, "task_id": "eatDetritus"}, {"is_complete": false, "task_id": "growDetritus"}, {"is_complete": false, "task_id": "reportBack"}], "time_since_launch": 63.56}	15
"26080410371759583"	"AQUALAB"	"2026-08-04T04:08:31.597000+00:00"	"end_experiment"	{"autofeeder_enabled": false, "critters": "DecomposingBacteria,Detritus,BlueheadWrasse", "environment": "P_DeadZone", "server_time": "2026-08-03T23:08:38+00:00", "stabilizer_enabled": false, "tank_type": "Observation"}	"GAME"	"120"	"production"	"6"	"UTC+06:30"	"AccusingHutch"	{}	{"job_argumentation": 3, "job_experimentation": 3, "job_modeling": 0, "job_name": "bayou-dirty-detritus", "money": 2520, "region": "BayouStation", "scene_type": "ship", "science_level": 3, "science_points": 255, "site": "Experimentation", "task_list": [{"is_complete": true, "task_id": "scanNew"}, {"is_complete": true, "task_id": "scanProbe"}, {"is_complete": true, "task_id": "countDetritus"}, {"is_complete": true, "task_id": "eatDetritus"}, {"is_complete": false, "task_id": "growDetritus"}, {"is_complete": false, "task_id": "reportBack"}], "time_since_launch": 75.84}	16
"26080410371759583"	"AQUALAB"	"2026-08-04T04:08:36.440000+00:00"	"add_environment"	{"environment": "P_DeadZone", "server_time": "2026-08-03T23:08:40+00:00", "tank_type": "Measurement"}	"GAME"	"120"	"production"	"6"	"UTC+06:30"	"AccusingHutch"	{}	{"job_argumentation": 3, "job_experimentation": 3, "job_modeling": 0, "job_name": "bayou-dirty-detritus", "money": 2520, "region": "BayouStation", "scene_type": "ship", "science_level": 3, "science_points": 255, "site": "Experimentation", "task_list": [{"is_complete": true, "task_id": "scanNew"}, {"is_complete": true, "task_id": "scanProbe"}, {"is_complete": true, "task_id": "countDetritus"}, {"is_complete": true, "task_id": "eatDetritus"}, {"is_complete": false, "task_id": "growDetritus"}, {"is_complete": false, "task_id": "reportBack"}], "time_since_launch": 80.69}	17
"26080410371759583"	"AQUALAB"	"2026-08-04T04:08:51.161000+00:00"	"add_critter"	{"critter": "Detritus", "environment": "P_DeadZone", "server_time": "2026-08-03T23:08:51+00:00", "tank_type": "Measurement"}	"GAME"	"120"	"production"	"6"	"UTC+06:30"	"AccusingHutch"	{}	{"job_argumentation": 3, "job_experimentation": 3, "job_modeling": 0, "job_name": "bayou-dirty-detritus", "money": 2520, "region": "BayouStation", "scene_type": "ship", "science_level": 3, "science_points": 255, "site": "Experimentation", "task_list": [{"is_complete": true, "task_id": "scanNew"}, {"is_complete": true, "task_id": "scanProbe"}, {"is_complete": true, "task_id": "countDetritus"}, {"is_complete": true, "task_id": "eatDetritus"}, {"is_complete": false, "task_id": "growDetritus"}, {"is_complete": false, "task_id": "reportBack"}], "time_since_launch": 95.41}	18
"26080410371759583"	"AQUALAB"	"2026-08-04T04:09:00.334000+00:00"	"script_began"	{"node_id": "job.bayou-dirty-detritus.tryMeasureDetritusReproduce", "server_time": "2026-08-03T23:09:01+00:00"}	"GAME"	"120"	"production"	"6"	"UTC+06:30"	"AccusingHutch"	{}	{"job_argumentation": 3, "job_experimentation": 3, "job_modeling": 0, "job_name": "bayou-dirty-detritus", "money": 2520, "region": "BayouStation", "scene_type": "ship", "science_level": 3, "science_points": 255, "site": "Experimentation", "task_list": [{"is_complete": true, "task_id": "scanNew"}, {"is_complete": true, "task_id": "scanProbe"}, {"is_complete": true, "task_id": "countDetritus"}, {"is_complete": true, "task_id": "eatDetritus"}, {"is_complete": false, "task_id": "growDetritus"}, {"is_complete": false, "task_id": "reportBack"}], "time_since_launch": 104.58}	19
"26080410371759583"	"AQUALAB"	"2026-08-04T04:09:00.339000+00:00"	"complete_task"	{"server_time": "2026-08-03T23:09:01+00:00", "task_id": "growDetritus"}	"GAME"	"120"	"production"	"6"	"UTC+06:30"	"AccusingHutch"	{}	{"job_argumentation": 3, "job_experimentation": 3, "job_modeling": 0, "job_name": "bayou-dirty-detritus", "money": 2520, "region": "BayouStation", "scene_type": "ship", "science_level": 3, "science_points": 255, "site": "Experimentation", "task_list": [{"is_complete": true, "task_id": "scanNew"}, {"is_complete": true, "task_id": "scanProbe"}, {"is_complete": true, "task_id": "countDetritus"}, {"is_complete": true, "task_id": "eatDetritus"}, {"is_complete": false, "task_id": "growDetritus"}, {"is_complete": false, "task_id": "reportBack"}], "time_since_launch": 104.58}	20
"26080410371759583"	"AQUALAB"	"2026-08-04T04:09:00.339000+00:00"	"begin_experiment"	{"autofeeder_enabled": true, "critters": "Detritus", "environment": "P_DeadZone", "server_time": "2026-08-03T23:09:01+00:00", "stabilizer_enabled": true, "tank_type": "Measurement"}	"GAME"	"120"	"production"	"6"	"UTC+06:30"	"AccusingHutch"	{}	{"job_argumentation": 3, "job_experimentation": 3, "job_modeling": 0, "job_name": "bayou-dirty-detritus", "money": 2520, "region": "BayouStation", "scene_type": "ship", "science_level": 3, "science_points": 255, "site": "Experimentation", "task_list": [{"is_complete": true, "task_id": "scanNew"}, {"is_complete": true, "task_id": "scanProbe"}, {"is_complete": true, "task_id": "countDetritus"}, {"is_complete": true, "task_id": "eatDetritus"}, {"is_complete": true, "task_id": "growDetritus"}, {"is_complete": false, "task_id": "reportBack"}], "time_since_launch": 104.58}	21
"26080410371759583"	"AQUALAB"	"2026-08-04T04:09:18.566000+00:00"	"script_began"	{"node_id": "job.bayou-dirty-detritus.catchReportBack", "server_time": "2026-08-03T23:09:18+00:00"}	"GAME"	"120"	"production"	"6"	"UTC+06:30"	"AccusingHutch"	{}	{"job_argumentation": 3, "job_experimentation": 3, "job_modeling": 0, "job_name": "bayou-dirty-detritus", "money": 2520, "region": "BayouStation", "scene_type": "ship", "science_level": 3, "science_points": 255, "site": "Experimentation", "task_list": [{"is_complete": true, "task_id": "scanNew"}, {"is_complete": true, "task_id": "scanProbe"}, {"is_complete": true, "task_id": "countDetritus"}, {"is_complete": true, "task_id": "eatDetritus"}, {"is_complete": true, "task_id": "growDetritus"}, {"is_complete": false, "task_id": "reportBack"}], "time_since_launch": 122.81}	22
"26080410371759583"	"AQUALAB"	"2026-08-04T04:09:18.568000+00:00"	"ask_for_help"	{"node_id": "job.bayou-dirty-detritus.catchReportBack", "server_time": "2026-08-03T23:09:18+00:00"}	"GAME"	"120"	"production"	"6"	"UTC+06:30"	"AccusingHutch"	{}	{"job_argumentation": 3, "job_experimentation": 3, "job_modeling": 0, "job_name": "bayou-dirty-detritus", "money": 2520, "region": "BayouStation", "scene_type": "ship", "science_level": 3, "science_points": 255, "site": "Experimentation", "task_list": [{"is_complete": true, "task_id": "scanNew"}, {"is_complete": true, "task_id": "scanProbe"}, {"is_complete": true, "task_id": "countDetritus"}, {"is_complete": true, "task_id": "eatDetritus"}, {"is_complete": true, "task_id": "growDetritus"}, {"is_complete": false, "task_id": "reportBack"}], "time_since_launch": 122.81}	23
"26080410371759583"	"AQUALAB"	"2026-08-04T04:09:18.571000+00:00"	"script_line_displayed"	{"node_id": "job.bayou-dirty-detritus.catchReportBack", "server_time": "2026-08-03T23:09:18+00:00", "speaker": "", "text_string": "Head back to Silias in the research station."}	"GAME"	"120"	"production"	"6"	"UTC+06:30"	"AccusingHutch"	{}	{"job_argumentation": 3, "job_experimentation": 3, "job_modeling": 0, "job_name": "bayou-dirty-detritus", "money": 2520, "region": "BayouStation", "scene_type": "ship", "science_level": 3, "science_points": 255, "site": "Experimentation", "task_list": [{"is_complete": true, "task_id": "scanNew"}, {"is_complete": true, "task_id": "scanProbe"}, {"is_complete": true, "task_id": "countDetritus"}, {"is_complete": true, "task_id": "eatDetritus"}, {"is_complete": true, "task_id": "growDetritus"}, {"is_complete": false, "task_id": "reportBack"}], "time_since_launch": 122.82}	24
"26080410371759583"	"AQUALAB"	"2026-08-04T04:09:37.544000+00:00"	"script_began"	{"node_id": "job.bayou-dirty-detritus.discussDetritusReproduce", "server_time": "2026-08-03T23:09:39+00:00"}	"GAME"	"120"	"production"	"6"	"UTC+06:30"	"AccusingHutch"	{}	{"job_argumentation": 3, "job_experimentation": 3, "job_modeling": 0, "job_name": "bayou-dirty-detritus", "money": 2520, "region": "BayouStation", "scene_type": "ship", "science_level": 3, "science_points": 255, "site": "Experimentation", "task_list": [{"is_complete": true, "task_id": "scanNew"}, {"is_complete": true, "task_id": "scanProbe"}, {"is_complete": true, "task_id": "countDetritus"}, {"is_complete": true, "task_id": "eatDetritus"}, {"is_complete": true, "task_id": "growDetritus"}, {"is_complete": false, "task_id": "reportBack"}], "time_since_launch": 141.79}	25
"26080410371759583"	"AQUALAB"	"2026-08-04T04:09:37.545000+00:00"	"end_experiment"	{"autofeeder_enabled": true, "critters": "Detritus", "environment": "P_DeadZone", "server_time": "2026-08-03T23:09:39+00:00", "stabilizer_enabled": true, "tank_type": "Measurement"}	"GAME"	"120"	"production"	"6"	"UTC+06:30"	"AccusingHutch"	{}	{"job_argumentation": 3, "job_experimentation": 3, "job_modeling": 0, "job_name": "bayou-dirty-detritus", "money": 2520, "region": "BayouStation", "scene_type": "ship", "science_level": 3, "science_points": 255, "site": "Experimentation", "task_list": [{"is_complete": true, "task_id": "scanNew"}, {"is_complete": true, "task_id": "scanProbe"}, {"is_complete": true, "task_id": "countDetritus"}, {"is_complete": true, "task_id": "eatDetritus"}, {"is_complete": true, "task_id": "growDetritus"}, {"is_complete": false, "task_id": "reportBack"}], "time_since_launch": 141.79}	26
"26080410371759583"	"AQUALAB"	"2026-08-04T04:09:37.574000+00:00"	"script_line_displayed"	{"node_id": "job.bayou-dirty-detritus.discussDetritusReproduce", "server_time": "2026-08-03T23:09:39+00:00", "speaker": "", "text_string": "Well, Detritus doesn't grow on its own. I suppose that makes sense, since it's just dead matter."}	"GAME"	"120"	"production"	"6"	"UTC+06:30"	"AccusingHutch"	{}	{"job_argumentation": 3, "job_experimentation": 3, "job_modeling": 0, "job_name": "bayou-dirty-detritus", "money": 2520, "region": "BayouStation", "scene_type": "ship", "science_level": 3, "science_points": 255, "site": "Experimentation", "task_list": [{"is_complete": true, "task_id": "scanNew"}, {"is_complete": true, "task_id": "scanProbe"}, {"is_complete": true, "task_id": "countDetritus"}, {"is_complete": true, "task_id": "eatDetritus"}, {"is_complete": true, "task_id": "growDetritus"}, {"is_complete": false, "task_id": "reportBack"}], "time_since_launch": 141.82}	27
"26080410371759583"	"AQUALAB"	"2026-08-04T04:09:40.195000+00:00"	"script_line_displayed"	{"node_id": "job.bayou-dirty-detritus.discussDetritusReproduce", "server_time": "2026-08-03T23:09:40+00:00", "speaker": "", "text_string": "Yes. Detritus is dead plant and animal matter."}	"GAME"	"120"	"production"	"6"	"UTC+06:30"	"AccusingHutch"	{}	{"job_argumentation": 3, "job_experimentation": 3, "job_modeling": 0, "job_name": "bayou-dirty-detritus", "money": 2520, "region": "BayouStation", "scene_type": "ship", "science_level": 3, "science_points": 255, "site": "Experimentation", "task_list": [{"is_complete": true, "task_id": "scanNew"}, {"is_complete": true, "task_id": "scanProbe"}, {"is_complete": true, "task_id": "countDetritus"}, {"is_complete": true, "task_id": "eatDetritus"}, {"is_complete": true, "task_id": "growDetritus"}, {"is_complete": false, "task_id": "reportBack"}], "time_since_launch": 144.44}	28
"26080410371759583"	"AQUALAB"	"2026-08-04T04:09:50.101000+00:00"	"room_changed"	{"room_name": "Station", "server_time": "2026-08-03T23:09:49+00:00"}	"GAME"	"120"	"production"	"6"	"UTC+06:30"	"AccusingHutch"	{}	{"job_argumentation": 3, "job_experimentation": 3, "job_modeling": 0, "job_name": "bayou-dirty-detritus", "money": 2520, "region": "BayouStation", "scene_type": "ship", "science_level": 3, "science_points": 255, "site": "Experimentation", "task_list": [{"is_complete": true, "task_id": "scanNew"}, {"is_complete": true, "task_id": "scanProbe"}, {"is_complete": true, "task_id": "countDetritus"}, {"is_complete": true, "task_id": "eatDetritus"}, {"is_complete": true, "task_id": "growDetritus"}, {"is_complete": false, "task_id": "reportBack"}], "time_since_launch": 144.44}	29
"26080410371759583"	"AQUALAB"	"2026-08-04T04:09:50.103000+00:00"	"scene_changed"	{"scene_name": "RS-3O-StationInterior", "server_time": "2026-08-03T23:09:49+00:00"}	"GAME"	"120"	"production"	"6"	"UTC+06:30"	"AccusingHutch"	{}	{"job_argumentation": 3, "job_experimentation": 3, "job_modeling": 0, "job_name": "bayou-dirty-detritus", "money": 2520, "region": "BayouStation", "scene_type": "ship", "science_level": 3, "science_points": 255, "site": "Experimentation", "task_list": [{"is_complete": true, "task_id": "scanNew"}, {"is_complete": true, "task_id": "scanProbe"}, {"is_complete": true, "task_id": "countDetritus"}, {"is_complete": true, "task_id": "eatDetritus"}, {"is_complete": true, "task_id": "growDetritus"}, {"is_complete": false, "task_id": "reportBack"}], "time_since_launch": 154.35}	30
"26080410371759583"	"AQUALAB"	"2026-08-04T04:09:52.717000+00:00"	"room_changed"	{"room_name": "JobGiver", "server_time": "2026-08-03T23:09:52+00:00"}	"GAME"	"120"	"production"	"6"	"UTC+06:30"	"AccusingHutch"	{}	{"job_argumentation": 3, "job_experimentation": 3, "job_modeling": 0, "job_name": "bayou-dirty-detritus", "money": 2520, "region": "BayouStation", "scene_type": "station-interior", "science_level": 3, "science_points": 255, "site": "RS-Bayou", "task_list": [{"is_complete": true, "task_id": "scanNew"}, {"is_complete": true, "task_id": "scanProbe"}, {"is_complete": true, "task_id": "countDetritus"}, {"is_complete": true, "task_id": "eatDetritus"}, {"is_complete": true, "task_id": "growDetritus"}, {"is_complete": false, "task_id": "reportBack"}], "time_since_launch": 154.35}	31
"26080410371759583"	"AQUALAB"	"2026-08-04T04:09:54.910000+00:00"	"script_began"	{"node_id": "interior.job.bayou_alt.jobGiver.hasJob.a", "server_time": "2026-08-03T23:09:54+00:00"}	"GAME"	"120"	"production"	"6"	"UTC+06:30"	"AccusingHutch"	{}	{"job_argumentation": 3, "job_experimentation": 3, "job_modeling": 0, "job_name": "bayou-dirty-detritus", "money": 2520, "region": "BayouStation", "scene_type": "station-interior", "science_level": 3, "science_points": 255, "site": "RS-Bayou", "task_list": [{"is_complete": true, "task_id": "scanNew"}, {"is_complete": true, "task_id": "scanProbe"}, {"is_complete": true, "task_id": "countDetritus"}, {"is_complete": true, "task_id": "eatDetritus"}, {"is_complete": true, "task_id": "growDetritus"}, {"is_complete": false, "task_id": "reportBack"}], "time_since_launch": 159.16}	32
"26080410371759583"	"AQUALAB"	"2026-08-04T04:09:54.921000+00:00"	"script_line_displayed"	{"node_id": "interior.job.bayou_alt.jobGiver.hasJob.a", "server_time": "2026-08-03T23:09:54+00:00", "speaker": "", "text_string": "Hey, got anything to report for your current job?"}	"GAME"	"120"	"production"	"6"	"UTC+06:30"	"AccusingHutch"	{}	{"job_argumentation": 3, "job_experimentation": 3, "job_modeling": 0, "job_name": "bayou-dirty-detritus", "money": 2520, "region": "BayouStation", "scene_type": "station-interior", "science_level": 3, "science_points": 255, "site": "RS-Bayou", "task_list": [{"is_complete": true, "task_id": "scanNew"}, {"is_complete": true, "task_id": "scanProbe"}, {"is_complete": true, "task_id": "countDetritus"}, {"is_complete": true, "task_id": "eatDetritus"}, {"is_complete": true, "task_id": "growDetritus"}, {"is_complete": false, "task_id": "reportBack"}], "time_since_launch": 159.17}	33
"26080410371759583"	"AQUALAB"	"2026-08-04T04:09:59.607000+00:00"	"script_began"	{"node_id": "job.bayou-dirty-detritus.argue.intro", "server_time": "2026-08-03T23:09:59+00:00"}	"GAME"	"120"	"production"	"6"	"UTC+06:30"	"AccusingHutch"	{}	{"job_argumentation": 3, "job_experimentation": 3, "job_modeling": 0, "job_name": "bayou-dirty-detritus", "money": 2520, "region": "BayouStation", "scene_type": "station-interior", "science_level": 3, "science_points": 255, "site": "RS-Bayou", "task_list": [{"is_complete": true, "task_id": "scanNew"}, {"is_complete": true, "task_id": "scanProbe"}, {"is_complete": true, "task_id": "countDetritus"}, {"is_complete": true, "task_id": "eatDetritus"}, {"is_complete": true, "task_id": "growDetritus"}, {"is_complete": false, "task_id": "reportBack"}], "time_since_launch": 163.85}	34
"26080410371759583"	"AQUALAB"	"2026-08-04T04:09:59.656000+00:00"	"script_line_displayed"	{"node_id": "job.bayou-dirty-detritus.argue.intro", "server_time": "2026-08-03T23:09:59+00:00", "speaker": "", "text_string": "Previously we discussed the cyclical nature of the population histories in the Trawling Bay."}	"GAME"	"120"	"production"	"6"	"UTC+06:30"	"AccusingHutch"	{}	{"job_argumentation": 3, "job_experimentation": 3, "job_modeling": 0, "job_name": "bayou-dirty-detritus", "money": 2520, "region": "BayouStation", "scene_type": "station-interior", "science_level": 3, "science_points": 255, "site": "RS-Bayou", "task_list": [{"is_complete": true, "task_id": "scanNew"}, {"is_complete": true, "task_id": "scanProbe"}, {"is_complete": true, "task_id": "countDetritus"}, {"is_complete": true, "task_id": "eatDetritus"}, {"is_complete": true, "task_id": "growDetritus"}, {"is_complete": false, "task_id": "reportBack"}], "time_since_launch": 163.9}	35
"26080410371759583"	"AQUALAB"	"2026-08-04T04:10:02.559000+00:00"	"begin_argument"	{"server_time": "2026-08-03T23:10:02+00:00"}	"GAME"	"120"	"production"	"6"	"UTC+06:30"	"AccusingHutch"	{}	{"job_argumentation": 3, "job_experimentation": 3, "job_modeling": 0, "job_name": "bayou-dirty-detritus", "money": 2520, "region": "BayouStation", "scene_type": "station-interior", "science_level": 3, "science_points": 255, "site": "RS-Bayou", "task_list": [{"is_complete": true, "task_id": "scanNew"}, {"is_complete": true, "task_id": "scanProbe"}, {"is_complete": true, "task_id": "countDetritus"}, {"is_complete": true, "task_id": "eatDetritus"}, {"is_complete": true, "task_id": "growDetritus"}, {"is_complete": false, "task_id": "reportBack"}], "time_since_launch": 166.8}	36
"26080410371759583"	"AQUALAB"	"2026-08-04T04:10:02.560000+00:00"	"script_line_displayed"	{"node_id": "job.bayou-dirty-detritus.argue.showClaimFinal", "server_time": "2026-08-03T23:10:02+00:00", "speaker": "", "text_string": "Did you find anything that eats Detritus?"}	"GAME"	"120"	"production"	"6"	"UTC+06:30"	"AccusingHutch"	{}	{"job_argumentation": 3, "job_experimentation": 3, "job_modeling": 0, "job_name": "bayou-dirty-detritus", "money": 2520, "region": "BayouStation", "scene_type": "station-interior", "science_level": 3, "science_points": 255, "site": "RS-Bayou", "task_list": [{"is_complete": true, "task_id": "scanNew"}, {"is_complete": true, "task_id": "scanProbe"}, {"is_complete": true, "task_id": "countDetritus"}, {"is_complete": true, "task_id": "eatDetritus"}, {"is_complete": true, "task_id": "growDetritus"}, {"is_complete": false, "task_id": "reportBack"}], "time_since_launch": 166.81}	37
"26080410371759583"	"AQUALAB"	"2026-08-04T04:10:05.534000+00:00"	"open_bestiary"	{"server_time": "2026-08-03T23:10:05+00:00"}	"GAME"	"120"	"production"	"6"	"UTC+06:30"	"AccusingHutch"	{}	{"job_argumentation": 3, "job_experimentation": 3, "job_modeling": 0, "job_name": "bayou-dirty-detritus", "money": 2520, "region": "BayouStation", "scene_type": "station-interior", "science_level": 3, "science_points": 255, "site": "RS-Bayou", "task_list": [{"is_complete": true, "task_id": "scanNew"}, {"is_complete": true, "task_id": "scanProbe"}, {"is_complete": true, "task_id": "countDetritus"}, {"is_complete": true, "task_id": "eatDetritus"}, {"is_complete": true, "task_id": "growDetritus"}, {"is_complete": false, "task_id": "reportBack"}], "time_since_launch": 169.78}	38
"26080410371759583"	"AQUALAB"	"2026-08-04T04:10:05.534000+00:00"	"bestiary_open_species_tab"	{"server_time": "2026-08-03T23:10:05+00:00"}	"GAME"	"120"	"production"	"6"	"UTC+06:30"	"AccusingHutch"	{}	{"job_argumentation": 3, "job_experimentation": 3, "job_modeling": 0, "job_name": "bayou-dirty-detritus", "money": 2520, "region": "BayouStation", "scene_type": "station-interior", "science_level": 3, "science_points": 255, "site": "RS-Bayou", "task_list": [{"is_complete": true, "task_id": "scanNew"}, {"is_complete": true, "task_id": "scanProbe"}, {"is_complete": true, "task_id": "countDetritus"}, {"is_complete": true, "task_id": "eatDetritus"}, {"is_complete": true, "task_id": "growDetritus"}, {"is_complete": false, "task_id": "reportBack"}], "time_since_launch": 169.78}	39
"26080410371759583"	"AQUALAB"	"2026-08-04T04:10:10.722000+00:00"	"close_bestiary"	{"server_time": "2026-08-03T23:10:10+00:00"}	"GAME"	"120"	"production"	"6"	"UTC+06:30"	"AccusingHutch"	{}	{"job_argumentation": 3, "job_experimentation": 3, "job_modeling": 0, "job_name": "bayou-dirty-detritus", "money": 2520, "region": "BayouStation", "scene_type": "station-interior", "science_level": 3, "science_points": 255, "site": "RS-Bayou", "task_list": [{"is_complete": true, "task_id": "scanNew"}, {"is_complete": true, "task_id": "scanProbe"}, {"is_complete": true, "task_id": "countDetritus"}, {"is_complete": true, "task_id": "eatDetritus"}, {"is_complete": true, "task_id": "growDetritus"}, {"is_complete": false, "task_id": "reportBack"}], "time_since_launch": 174.97}	40
"26080410371759583"	"AQUALAB"	"2026-08-04T04:10:10.763000+00:00"	"fact_submitted"	{"fact_id": "DecomposingBacteria.Eats.Detritus", "server_time": "2026-08-03T23:10:10+00:00"}	"GAME"	"120"	"production"	"6"	"UTC+06:30"	"AccusingHutch"	{}	{"job_argumentation": 3, "job_experimentation": 3, "job_modeling": 0, "job_name": "bayou-dirty-detritus", "money": 2520, "region": "BayouStation", "scene_type": "station-interior", "science_level": 3, "science_points": 255, "site": "RS-Bayou", "task_list": [{"is_complete": true, "task_id": "scanNew"}, {"is_complete": true, "task_id": "scanProbe"}, {"is_complete": true, "task_id": "countDetritus"}, {"is_complete": true, "task_id": "eatDetritus"}, {"is_complete": true, "task_id": "growDetritus"}, {"is_complete": false, "task_id": "reportBack"}], "time_since_launch": 175.01}	41
"26080410371759583"	"AQUALAB"	"2026-08-04T04:10:11.474000+00:00"	"complete_argument"	{"server_time": "2026-08-03T23:10:12+00:00"}	"GAME"	"120"	"production"	"6"	"UTC+06:30"	"AccusingHutch"	{}	{"job_argumentation": 3, "job_experimentation": 3, "job_modeling": 0, "job_name": "bayou-dirty-detritus", "money": 2520, "region": "BayouStation", "scene_type": "station-interior", "science_level": 3, "science_points": 255, "site": "RS-Bayou", "task_list": [{"is_complete": true, "task_id": "scanNew"}, {"is_complete": true, "task_id": "scanProbe"}, {"is_complete": true, "task_id": "countDetritus"}, {"is_complete": true, "task_id": "eatDetritus"}, {"is_complete": true, "task_id": "growDetritus"}, {"is_complete": false, "task_id": "reportBack"}], "time_since_launch": 175.72}	42
"26080410371759583"	"AQUALAB"	"2026-08-04T04:10:11.475000+00:00"	"script_line_displayed"	{"node_id": "job.bayou-dirty-detritus.argue.completeFinal", "server_time": "2026-08-03T23:10:12+00:00", "speaker": "", "text_string": "Okay, interesting. The Decomposing Bacteria must be loving all this Detritus."}	"GAME"	"120"	"production"	"6"	"UTC+06:30"	"AccusingHutch"	{}	{"job_argumentation": 3, "job_experimentation": 3, "job_modeling": 0, "job_name": "bayou-dirty-detritus", "money": 2520, "region": "BayouStation", "scene_type": "station-interior", "science_level": 3, "science_points": 255, "site": "RS-Bayou", "task_list": [{"is_complete": true, "task_id": "scanNew"}, {"is_complete": true, "task_id": "scanProbe"}, {"is_complete": true, "task_id": "countDetritus"}, {"is_complete": true, "task_id": "eatDetritus"}, {"is_complete": true, "task_id": "growDetritus"}, {"is_complete": false, "task_id": "reportBack"}], "time_since_launch": 175.72}	43
"26080410371759583"	"AQUALAB"	"2026-08-04T04:10:13.649000+00:00"	"script_line_displayed"	{"node_id": "job.bayou-dirty-detritus.argue.completeFinal", "server_time": "2026-08-03T23:10:13+00:00", "speaker": "", "text_string": "Unfortunately we still haven't uncovered why the shrimp are dying, but I suspect we are closing in on an explanation."}	"GAME"	"120"	"production"	"6"	"UTC+06:30"	"AccusingHutch"	{}	{"job_argumentation": 3, "job_experimentation": 3, "job_modeling": 0, "job_name": "bayou-dirty-detritus", "money": 2520, "region": "BayouStation", "scene_type": "station-interior", "science_level": 3, "science_points": 255, "site": "RS-Bayou", "task_list": [{"is_complete": true, "task_id": "scanNew"}, {"is_complete": true, "task_id": "scanProbe"}, {"is_complete": true, "task_id": "countDetritus"}, {"is_complete": true, "task_id": "eatDetritus"}, {"is_complete": true, "task_id": "growDetritus"}, {"is_complete": false, "task_id": "reportBack"}], "time_since_launch": 177.89}	44
"26080410371759583"	"AQUALAB"	"2026-08-04T04:10:17.119000+00:00"	"complete_job"	{"job_name": "bayou-dirty-detritus", "server_time": "2026-08-03T23:10:16+00:00"}	"GAME"	"120"	"production"	"6"	"UTC+06:30"	"AccusingHutch"	{}	{"job_argumentation": 3, "job_experimentation": 3, "job_modeling": 0, "job_name": "bayou-dirty-detritus", "money": 2570, "region": "BayouStation", "scene_type": "station-interior", "science_level": 3, "science_points": 265, "site": "RS-Bayou", "task_list": [{"is_complete": true, "task_id": "scanNew"}, {"is_complete": true, "task_id": "scanProbe"}, {"is_complete": true, "task_id": "countDetritus"}, {"is_complete": true, "task_id": "eatDetritus"}, {"is_complete": true, "task_id": "growDetritus"}, {"is_complete": false, "task_id": "reportBack"}], "time_since_launch": 181.36}	45
"26080410371759583"	"AQUALAB"	"2026-08-04T04:10:17.120000+00:00"	"switch_job"	{"prev_job_name": "bayou-dirty-detritus", "server_time": "2026-08-03T23:10:16+00:00"}	"GAME"	"120"	"production"	"6"	"UTC+06:30"	"AccusingHutch"	{}	{"job_argumentation": -1, "job_experimentation": 3, "job_modeling": -1, "job_name": "no-active-job", "money": 2570, "region": "BayouStation", "scene_type": "station-interior", "science_level": 3, "science_points": 265, "site": "RS-Bayou", "task_list": [], "time_since_launch": 181.37}	46
"26080410371759583"	"AQUALAB"	"2026-08-04T04:10:17.226000+00:00"	"leave_argument"	{"server_time": "2026-08-03T23:10:16+00:00"}	"GAME"	"120"	"production"	"6"	"UTC+06:30"	"AccusingHutch"	{}	{"job_argumentation": -1, "job_experimentation": 3, "job_modeling": -1, "job_name": "no-active-job", "money": 2570, "region": "BayouStation", "scene_type": "station-interior", "science_level": 3, "science_points": 265, "site": "RS-Bayou", "task_list": [], "time_since_launch": 181.47}	47
"26080410371759583"	"AQUALAB"	"2026-08-04T04:10:37.496000+00:00"	"load_error"	{"server_time": "2026-08-03T23:10:43+00:00", "url": "https://fielddaylab.org/play/wake/ci/production/StreamingAssets/Journal/50_DirtyDetritus/decomposing%20bacteria%20watercolor.PNG"}	"GAME"	"120"	"production"	"6"	"UTC+06:30"	"AccusingHutch"	{}	{"job_argumentation": -1, "job_experimentation": 3, "job_modeling": -1, "job_name": "no-active-job", "money": 2570, "region": "BayouStation", "scene_type": "station-interior", "science_level": 3, "science_points": 265, "site": "RS-Bayou", "task_list": [], "time_since_launch": 201.74}	48
"26080410371759583"	"AQUALAB"	"2026-08-04T04:10:46.567000+00:00"	"load_error"	{"server_time": "2026-08-03T23:10:48+00:00", "url": "https://fielddaylab.org/play/wake/ci/production/StreamingAssets/Journal/50_DirtyDetritus/decomposing%20bacteria%20watercolor.PNG"}	"GAME"	"120"	"production"	"6"	"UTC+06:30"	"AccusingHutch"	{}	{"job_argumentation": -1, "job_experimentation": 3, "job_modeling": -1, "job_name": "no-active-job", "money": 2570, "region": "BayouStation", "scene_type": "station-interior", "science_level": 3, "science_points": 265, "site": "RS-Bayou", "task_list": [], "time_since_launch": 210.81}	49
"26080410371759583"	"AQUALAB"	"2026-08-04T04:10:55.656000+00:00"	"load_error"	{"server_time": "2026-08-03T23:11:01+00:00", "url": "https://fielddaylab.org/play/wake/ci/production/StreamingAssets/Journal/50_DirtyDetritus/decomposing%20bacteria%20watercolor.PNG"}	"GAME"	"120"	"production"	"6"	"UTC+06:30"	"AccusingHutch"	{}	{"job_argumentation": -1, "job_experimentation": 3, "job_modeling": -1, "job_name": "no-active-job", "money": 2570, "region": "BayouStation", "scene_type": "station-interior", "science_level": 3, "science_points": 265, "site": "RS-Bayou", "task_list": [], "time_since_launch": 219.9}	50
"26080410371759583"	"AQUALAB"	"2026-08-04T04:11:04.822000+00:00"	"load_error"	{"server_time": "2026-08-03T23:11:05+00:00", "url": "https://fielddaylab.org/play/wake/ci/production/StreamingAssets/Journal/50_DirtyDetritus/decomposing%20bacteria%20watercolor.PNG"}	"GAME"	"120"	"production"	"6"	"UTC+06:30"	"AccusingHutch"	{}	{"job_argumentation": -1, "job_experimentation": 3, "job_modeling": -1, "job_name": "no-active-job", "money": 2570, "region": "BayouStation", "scene_type": "station-interior", "science_level": 3, "science_points": 265, "site": "RS-Bayou", "task_list": [], "time_since_launch": 229.07}	51
"26080410371759583"	"AQUALAB"	"2026-08-04T04:11:14.011000+00:00"	"load_error"	{"server_time": "2026-08-03T23:11:19+00:00", "url": "https://fielddaylab.org/play/wake/ci/production/StreamingAssets/Journal/50_DirtyDetritus/decomposing%20bacteria%20watercolor.PNG"}	"GAME"	"120"	"production"	"6"	"UTC+06:30"	"AccusingHutch"	{}	{"job_argumentation": -1, "job_experimentation": 3, "job_modeling": -1, "job_name": "no-active-job", "money": 2570, "region": "BayouStation", "scene_type": "station-interior", "science_level": 3, "science_points": 265, "site": "RS-Bayou", "task_list": [], "time_since_launch": 238.26}	52
"26080410371759583"	"AQUALAB"	"2026-08-04T04:11:23.339000+00:00"	"load_error"	{"server_time": "2026-08-03T23:11:23+00:00", "url": "https://fielddaylab.org/play/wake/ci/production/StreamingAssets/Journal/50_DirtyDetritus/decomposing%20bacteria%20watercolor.PNG"}	"GAME"	"120"	"production"	"6"	"UTC+06:30"	"AccusingHutch"	{}	{"job_argumentation": -1, "job_experimentation": 3, "job_modeling": -1, "job_name": "no-active-job", "money": 2570, "region": "BayouStation", "scene_type": "station-interior", "science_level": 3, "science_points": 265, "site": "RS-Bayou", "task_list": [], "time_since_launch": 247.58}	53
"26080410371759583"	"AQUALAB"	"2026-08-04T04:11:52.076000+00:00"	"script_began"	{"node_id": "interior.job.bayou.jobGiver.noJob.a", "server_time": "2026-08-03T23:11:52+00:00"}	"GAME"	"120"	"production"	"6"	"UTC+06:30"	"AccusingHutch"	{}	{"job_argumentation": -1, "job_experimentation": 3, "job_modeling": -1, "job_name": "no-active-job", "money": 2570, "region": "BayouStation", "scene_type": "station-interior", "science_level": 3, "science_points": 265, "site": "RS-Bayou", "task_list": [], "time_since_launch": 276.32}	54
"26080410371759583"	"AQUALAB"	"2026-08-04T04:11:52.083000+00:00"	"script_line_displayed"	{"node_id": "interior.job.bayou.jobGiver.noJob.a", "server_time": "2026-08-03T23:11:52+00:00", "speaker": "", "text_string": "Hey, want to see the Job Board?"}	"GAME"	"120"	"production"	"6"	"UTC+06:30"	"AccusingHutch"	{}	{"job_argumentation": -1, "job_experimentation": 3, "job_modeling": -1, "job_name": "no-active-job", "money": 2570, "region": "BayouStation", "scene_type": "station-interior", "science_level": 3, "science_points": 265, "site": "RS-Bayou", "task_list": [], "time_since_launch": 276.33}	55
"26080410371759583"	"AQUALAB"	"2026-08-04T04:12:02.016000+00:00"	"accept_job"	{"server_time": "2026-08-03T23:12:01+00:00"}	"GAME"	"120"	"production"	"6"	"UTC+06:30"	"AccusingHutch"	{}	{"job_argumentation": -1, "job_experimentation": 3, "job_modeling": -1, "job_name": "no-active-job", "money": 2570, "region": "BayouStation", "scene_type": "station-interior", "science_level": 3, "science_points": 265, "site": "RS-Bayou", "task_list": [], "time_since_launch": 286.26}	56
"26080410371759583"	"AQUALAB"	"2026-08-04T04:12:02.017000+00:00"	"switch_job"	{"prev_job_name": "no-active-job", "server_time": "2026-08-03T23:12:01+00:00"}	"GAME"	"120"	"production"	"6"	"UTC+06:30"	"AccusingHutch"	{}	{"job_argumentation": 5, "job_experimentation": 5, "job_modeling": 5, "job_name": "bayou-shrimp-tastrophe", "money": 2570, "region": "BayouStation", "scene_type": "station-interior", "science_level": 3, "science_points": 265, "site": "RS-Bayou", "task_list": [{"is_complete": false, "task_id": "createModel"}, {"is_complete": false, "task_id": "reportBack"}], "time_since_launch": 286.26}	57
"26080410371759583"	"AQUALAB"	"2026-08-04T04:12:03.068000+00:00"	"script_began"	{"node_id": "job.bayou-shrimp-tastrophe.start", "server_time": "2026-08-03T23:12:02+00:00"}	"GAME"	"120"	"production"	"6"	"UTC+06:30"	"AccusingHutch"	{}	{"job_argumentation": 5, "job_experimentation": 5, "job_modeling": 5, "job_name": "bayou-shrimp-tastrophe", "money": 2570, "region": "BayouStation", "scene_type": "station-interior", "science_level": 3, "science_points": 265, "site": "RS-Bayou", "task_list": [{"is_complete": false, "task_id": "createModel"}, {"is_complete": false, "task_id": "reportBack"}], "time_since_launch": 287.31}	58
"26080410371759583"	"AQUALAB"	"2026-08-04T04:12:03.094000+00:00"	"script_line_displayed"	{"node_id": "job.bayou-shrimp-tastrophe.start", "server_time": "2026-08-03T23:12:02+00:00", "speaker": "", "text_string": "The Shrimpers' requests for an explanation have become more alarmed as the shrimp populations continue to drop."}	"GAME"	"120"	"production"	"6"	"UTC+06:30"	"AccusingHutch"	{}	{"job_argumentation": 5, "job_experimentation": 5, "job_modeling": 5, "job_name": "bayou-shrimp-tastrophe", "money": 2570, "region": "BayouStation", "scene_type": "station-interior", "science_level": 3, "science_points": 265, "site": "RS-Bayou", "task_list": [{"is_complete": false, "task_id": "createModel"}, {"is_complete": false, "task_id": "reportBack"}], "time_since_launch": 287.34}	59
"26080410371759583"	"AQUALAB"	"2026-08-04T04:12:06.244000+00:00"	"script_line_displayed"	{"node_id": "job.bayou-shrimp-tastrophe.start", "server_time": "2026-08-03T23:12:05+00:00", "speaker": "", "text_string": "Perhaps after all your work in Site P, we can finally give them an answer."}	"GAME"	"120"	"production"	"6"	"UTC+06:30"	"AccusingHutch"	{}	{"job_argumentation": 5, "job_experimentation": 5, "job_modeling": 5, "job_name": "bayou-shrimp-tastrophe", "money": 2570, "region": "BayouStation", "scene_type": "station-interior", "science_level": 3, "science_points": 265, "site": "RS-Bayou", "task_list": [{"is_complete": false, "task_id": "createModel"}, {"is_complete": false, "task_id": "reportBack"}], "time_since_launch": 290.49}	60
"26080410371759583"	"AQUALAB"	"2026-08-04T04:12:08.485000+00:00"	"script_line_displayed"	{"node_id": "job.bayou-shrimp-tastrophe.start", "server_time": "2026-08-03T23:12:08+00:00", "speaker": "", "text_string": "Please construct a Descriptive Model that explains the situation."}	"GAME"	"120"	"production"	"6"	"UTC+06:30"	"AccusingHutch"	{}	{"job_argumentation": 5, "job_experimentation": 5, "job_modeling": 5, "job_name": "bayou-shrimp-tastrophe", "money": 2570, "region": "BayouStation", "scene_type": "station-interior", "science_level": 3, "science_points": 265, "site": "RS-Bayou", "task_list": [{"is_complete": false, "task_id": "createModel"}, {"is_complete": false, "task_id": "reportBack"}], "time_since_launch": 292.73}	61
"26080410371759583"	"AQUALAB"	"2026-08-04T04:12:11.977000+00:00"	"room_changed"	{"room_name": "Station", "server_time": "2026-08-03T23:12:11+00:00"}	"GAME"	"120"	"production"	"6"	"UTC+06:30"	"AccusingHutch"	{}	{"job_argumentation": 5, "job_experimentation": 5, "job_modeling": 5, "job_name": "bayou-shrimp-tastrophe", "money": 2570, "region": "BayouStation", "scene_type": "station-interior", "science_level": 3, "science_points": 265, "site": "RS-Bayou", "task_list": [{"is_complete": false, "task_id": "createModel"}, {"is_complete": false, "task_id": "reportBack"}], "time_since_launch": 292.73}	62
"26080410371759583"	"AQUALAB"	"2026-08-04T04:12:17.427000+00:00"	"scene_changed"	{"scene_name": "BayouStation", "server_time": "2026-08-03T23:12:23+00:00"}	"GAME"	"120"	"production"	"6"	"UTC+06:30"	"AccusingHutch"	{}	{"job_argumentation": 5, "job_experimentation": 5, "job_modeling": 5, "job_name": "bayou-shrimp-tastrophe", "money": 2570, "region": "BayouStation", "scene_type": "station-interior", "science_level": 3, "science_points": 265, "site": "RS-Bayou", "task_list": [{"is_complete": false, "task_id": "createModel"}, {"is_complete": false, "task_id": "reportBack"}], "time_since_launch": 296.22}	63
"26080410371759583"	"AQUALAB"	"2026-08-04T04:12:25.908000+00:00"	"scene_changed"	{"scene_name": "ExperimentV2", "server_time": "2026-08-03T23:12:25+00:00"}	"GAME"	"120"	"production"	"6"	"UTC+06:30"	"AccusingHutch"	{}	{"job_argumentation": 5, "job_experimentation": 5, "job_modeling": 5, "job_name": "bayou-shrimp-tastrophe", "money": 2570, "region": "BayouStation", "scene_type": "surface", "science_level": 3, "science_points": 265, "site": "BayouStation", "task_list": [{"is_complete": false, "task_id": "createModel"}, {"is_complete": false, "task_id": "reportBack"}], "time_since_launch": 301.67}	64
"26080410371759583"	"AQUALAB"	"2026-08-04T04:12:31.349000+00:00"	"scene_changed"	{"scene_name": "ModelingFoyer", "server_time": "2026-08-03T23:12:32+00:00"}	"GAME"	"120"	"production"	"6"	"UTC+06:30"	"AccusingHutch"	{}	{"job_argumentation": 5, "job_experimentation": 5, "job_modeling": 5, "job_name": "bayou-shrimp-tastrophe", "money": 2570, "region": "BayouStation", "scene_type": "ship", "science_level": 3, "science_points": 265, "site": "Experimentation", "task_list": [{"is_complete": false, "task_id": "createModel"}, {"is_complete": false, "task_id": "reportBack"}], "time_since_launch": 310.15}	65
"26080410371759583"	"AQUALAB"	"2026-08-04T04:12:33.413000+00:00"	"begin_model"	{"server_time": "2026-08-03T23:12:44+00:00"}	"GAME"	"120"	"production"	"6"	"UTC+06:30"	"AccusingHutch"	{}	{"job_argumentation": 5, "job_experimentation": 5, "job_modeling": 5, "job_name": "bayou-shrimp-tastrophe", "money": 2570, "region": "BayouStation", "scene_type": "ship", "science_level": 3, "science_points": 265, "site": "ModelingFoyer", "task_list": [{"is_complete": false, "task_id": "createModel"}, {"is_complete": false, "task_id": "reportBack"}], "time_since_launch": 317.66}	66
"26080410371759583"	"AQUALAB"	"2026-08-04T04:12:40.415000+00:00"	"model_phase_changed"	{"phase": "Ecosystem", "server_time": "2026-08-03T23:12:44+00:00"}	"GAME"	"120"	"production"	"6"	"UTC+06:30"	"AccusingHutch"	{}	{"job_argumentation": 5, "job_experimentation": 5, "job_modeling": 5, "job_name": "bayou-shrimp-tastrophe", "money": 2570, "region": "BayouStation", "scene_type": "ship", "science_level": 3, "science_points": 265, "site": "ModelingFoyer", "task_list": [{"is_complete": false, "task_id": "createModel"}, {"is_complete": false, "task_id": "reportBack"}], "time_since_launch": 324.66}	67
"26080410371759583"	"AQUALAB"	"2026-08-04T04:12:40.417000+00:00"	"scene_changed"	{"scene_name": "Modeling", "server_time": "2026-08-03T23:12:44+00:00"}	"GAME"	"120"	"production"	"6"	"UTC+06:30"	"AccusingHutch"	{}	{"job_argumentation": 5, "job_experimentation": 5, "job_modeling": 5, "job_name": "bayou-shrimp-tastrophe", "money": 2570, "region": "BayouStation", "scene_type": "ship", "science_level": 3, "science_points": 265, "site": "ModelingFoyer", "task_list": [{"is_complete": false, "task_id": "createModel"}, {"is_complete": false, "task_id": "reportBack"}], "time_since_launch": 324.66}	68
"26080410371759583"	"AQUALAB"	"2026-08-04T04:12:43.622000+00:00"	"model_ecosystem_selected"	{"ecosystem": "P_DeadZone", "server_time": "2026-08-03T23:12:45+00:00"}	"GAME"	"120"	"production"	"6"	"UTC+06:30"	"AccusingHutch"	{}	{"job_argumentation": 5, "job_experimentation": 5, "job_modeling": 5, "job_name": "bayou-shrimp-tastrophe", "money": 2570, "region": "BayouStation", "scene_type": "ship", "science_level": 3, "science_points": 265, "site": "Modeling", "task_list": [{"is_complete": false, "task_id": "createModel"}, {"is_complete": false, "task_id": "reportBack"}], "time_since_launch": 327.87}	69
"26080410371759583"	"AQUALAB"	"2026-08-04T04:12:44.146000+00:00"	"model_phase_changed"	{"phase": "Concept", "server_time": "2026-08-03T23:12:45+00:00"}	"GAME"	"120"	"production"	"6"	"UTC+06:30"	"AccusingHutch"	{}	{"job_argumentation": 5, "job_experimentation": 5, "job_modeling": 5, "job_name": "bayou-shrimp-tastrophe", "money": 2570, "region": "BayouStation", "scene_type": "ship", "science_level": 3, "science_points": 265, "site": "Modeling", "task_list": [{"is_complete": false, "task_id": "createModel"}, {"is_complete": false, "task_id": "reportBack"}], "time_since_launch": 328.39}	70
"26080410371759583"	"AQUALAB"	"2026-08-04T04:12:44.153000+00:00"	"model_concept_started"	{"ecosystem": "P_DeadZone", "server_time": "2026-08-03T23:12:45+00:00"}	"GAME"	"120"	"production"	"6"	"UTC+06:30"	"AccusingHutch"	{}	{"job_argumentation": 5, "job_experimentation": 5, "job_modeling": 5, "job_name": "bayou-shrimp-tastrophe", "money": 2570, "region": "BayouStation", "scene_type": "ship", "science_level": 3, "science_points": 265, "site": "Modeling", "task_list": [{"is_complete": false, "task_id": "createModel"}, {"is_complete": false, "task_id": "reportBack"}], "time_since_launch": 328.4}	71
"26080410371759583"	"AQUALAB"	"2026-08-04T04:12:48.691000+00:00"	"model_concept_updated"	{"ecosystem": "P_DeadZone", "server_time": "2026-08-03T23:12:48+00:00", "status": "MissingData"}	"GAME"	"120"	"production"	"6"	"UTC+06:30"	"AccusingHutch"	{}	{"job_argumentation": 5, "job_experimentation": 5, "job_modeling": 5, "job_name": "bayou-shrimp-tastrophe", "money": 2570, "region": "BayouStation", "scene_type": "ship", "science_level": 3, "science_points": 265, "site": "Modeling", "task_list": [{"is_complete": false, "task_id": "createModel"}, {"is_complete": false, "task_id": "reportBack"}], "time_since_launch": 332.94}	72
"26080410371759583"	"AQUALAB"	"2026-08-04T04:13:03.675000+00:00"	"script_began"	{"node_id": "job.bayou-shrimp-tastrophe.helpModelSync.Visual", "server_time": "2026-08-03T23:13:03+00:00"}	"GAME"	"120"	"production"	"6"	"UTC+06:30"	"AccusingHutch"	{}	{"job_argumentation": 5, "job_experimentation": 5, "job_modeling": 5, "job_name": "bayou-shrimp-tastrophe", "money": 2570, "region": "BayouStation", "scene_type": "ship", "science_level": 3, "science_points": 265, "site": "Modeling", "task_list": [{"is_complete": false, "task_id": "createModel"}, {"is_complete": false, "task_id": "reportBack"}], "time_since_launch": 347.92}	73
"26080410371759583"	"AQUALAB"	"2026-08-04T04:13:03.676000+00:00"	"ask_for_help"	{"node_id": "job.bayou-shrimp-tastrophe.helpModelSync.Visual", "server_time": "2026-08-03T23:13:03+00:00"}	"GAME"	"120"	"production"	"6"	"UTC+06:30"	"AccusingHutch"	{}	{"job_argumentation": 5, "job_experimentation": 5, "job_modeling": 5, "job_name": "bayou-shrimp-tastrophe", "money": 2570, "region": "BayouStation", "scene_type": "ship", "science_level": 3, "science_points": 265, "site": "Modeling", "task_list": [{"is_complete": false, "task_id": "createModel"}, {"is_complete": false, "task_id": "reportBack"}], "time_since_launch": 347.92}	74
"26080410371759583"	"AQUALAB"	"2026-08-04T04:13:03.677000+00:00"	"script_line_displayed"	{"node_id": "job.bayou-shrimp-tastrophe.notEnoughData", "server_time": "2026-08-03T23:13:03+00:00", "speaker": "", "text_string": "Seems like we don't have enough information to complete our model accurately."}	"GAME"	"120"	"production"	"6"	"UTC+06:30"	"AccusingHutch"	{}	{"job_argumentation": 5, "job_experimentation": 5, "job_modeling": 5, "job_name": "bayou-shrimp-tastrophe", "money": 2570, "region": "BayouStation", "scene_type": "ship", "science_level": 3, "science_points": 265, "site": "Modeling", "task_list": [{"is_complete": false, "task_id": "createModel"}, {"is_complete": false, "task_id": "reportBack"}], "time_since_launch": 347.92}	75
"26080410371759583"	"AQUALAB"	"2026-08-04T04:13:05.629000+00:00"	"script_line_displayed"	{"node_id": "job.bayou-shrimp-tastrophe.notEnoughData", "server_time": "2026-08-03T23:13:05+00:00", "speaker": "", "text_string": "Look for question marks in the Visual model interface, those point to where we may need more data."}	"GAME"	"120"	"production"	"6"	"UTC+06:30"	"AccusingHutch"	{}	{"job_argumentation": 5, "job_experimentation": 5, "job_modeling": 5, "job_name": "bayou-shrimp-tastrophe", "money": 2570, "region": "BayouStation", "scene_type": "ship", "science_level": 3, "science_points": 265, "site": "Modeling", "task_list": [{"is_complete": false, "task_id": "createModel"}, {"is_complete": false, "task_id": "reportBack"}], "time_since_launch": 349.87}	76
"26080410371759583"	"AQUALAB"	"2026-08-04T04:13:10.674000+00:00"	"script_line_displayed"	{"node_id": "job.bayou-shrimp-tastrophe.suggestReproduce", "server_time": "2026-08-03T23:13:16+00:00", "speaker": "", "text_string": "Did you get all the reproduction rates?"}	"GAME"	"120"	"production"	"6"	"UTC+06:30"	"AccusingHutch"	{}	{"job_argumentation": 5, "job_experimentation": 5, "job_modeling": 5, "job_name": "bayou-shrimp-tastrophe", "money": 2570, "region": "BayouStation", "scene_type": "ship", "science_level": 3, "science_points": 265, "site": "Modeling", "task_list": [{"is_complete": false, "task_id": "createModel"}, {"is_complete": false, "task_id": "reportBack"}], "time_since_launch": 354.92}	77
"26080410371759583"	"AQUALAB"	"2026-08-04T04:13:14.108000+00:00"	"model_end"	{"ecosystem": "P_DeadZone", "phase": "Concept", "server_time": "2026-08-03T23:13:20+00:00"}	"GAME"	"120"	"production"	"6"	"UTC+06:30"	"AccusingHutch"	{}	{"job_argumentation": 5, "job_experimentation": 5, "job_modeling": 5, "job_name": "bayou-shrimp-tastrophe", "money": 2570, "region": "BayouStation", "scene_type": "ship", "science_level": 3, "science_points": 265, "site": "Modeling", "task_list": [{"is_complete": false, "task_id": "createModel"}, {"is_complete": false, "task_id": "reportBack"}], "time_since_launch": 358.35}	78
"26080410371759583"	"AQUALAB"	"2026-08-04T04:13:17.946000+00:00"	"scene_changed"	{"scene_name": "ModelingFoyer", "server_time": "2026-08-03T23:13:20+00:00"}	"GAME"	"120"	"production"	"6"	"UTC+06:30"	"AccusingHutch"	{}	{"job_argumentation": 5, "job_experimentation": 5, "job_modeling": 5, "job_name": "bayou-shrimp-tastrophe", "money": 2570, "region": "BayouStation", "scene_type": "ship", "science_level": 3, "science_points": 265, "site": "Modeling", "task_list": [{"is_complete": false, "task_id": "createModel"}, {"is_complete": false, "task_id": "reportBack"}], "time_since_launch": 358.35}	79
"26080410371759583"	"AQUALAB"	"2026-08-04T04:13:20.108000+00:00"	"begin_model"	{"server_time": "2026-08-03T23:13:20+00:00"}	"GAME"	"120"	"production"	"6"	"UTC+06:30"	"AccusingHutch"	{}	{"job_argumentation": 5, "job_experimentation": 5, "job_modeling": 5, "job_name": "bayou-shrimp-tastrophe", "money": 2570, "region": "BayouStation", "scene_type": "ship", "science_level": 3, "science_points": 265, "site": "ModelingFoyer", "task_list": [{"is_complete": false, "task_id": "createModel"}, {"is_complete": false, "task_id": "reportBack"}], "time_since_launch": 364.35}	80
"26080410371759583"	"AQUALAB"	"2026-08-04T04:13:28.615000+00:00"	"load_error"	{"server_time": "2026-08-03T23:13:30+00:00", "url": "https://fielddaylab.org/play/wake/ci/production/StreamingAssets/Textures/Ship/SCANLINE%20by%20freeject.net%205.png"}	"GAME"	"120"	"production"	"6"	"UTC+06:30"	"AccusingHutch"	{}	{"job_argumentation": 5, "job_experimentation": 5, "job_modeling": 5, "job_name": "bayou-shrimp-tastrophe", "money": 2570, "region": "BayouStation", "scene_type": "ship", "science_level": 3, "science_points": 265, "site": "ModelingFoyer", "task_list": [{"is_complete": false, "task_id": "createModel"}, {"is_complete": false, "task_id": "reportBack"}], "time_since_launch": 372.86}	81
"26080410371759583"	"AQUALAB"	"2026-08-04T04:13:33.842000+00:00"	"model_phase_changed"	{"phase": "Ecosystem", "server_time": "2026-08-03T23:13:33+00:00"}	"GAME"	"120"	"production"	"6"	"UTC+06:30"	"AccusingHutch"	{}	{"job_argumentation": 5, "job_experimentation": 5, "job_modeling": 5, "job_name": "bayou-shrimp-tastrophe", "money": 2570, "region": "BayouStation", "scene_type": "ship", "science_level": 3, "science_points": 265, "site": "ModelingFoyer", "task_list": [{"is_complete": false, "task_id": "createModel"}, {"is_complete": false, "task_id": "reportBack"}], "time_since_launch": 378.09}	82
"26080410371759583"	"AQUALAB"	"2026-08-04T04:13:33.843000+00:00"	"scene_changed"	{"scene_name": "Modeling", "server_time": "2026-08-03T23:13:33+00:00"}	"GAME"	"120"	"production"	"6"	"UTC+06:30"	"AccusingHutch"	{}	{"job_argumentation": 5, "job_experimentation": 5, "job_modeling": 5, "job_name": "bayou-shrimp-tastrophe", "money": 2570, "region": "BayouStation", "scene_type": "ship", "science_level": 3, "science_points": 265, "site": "ModelingFoyer", "task_list": [{"is_complete": false, "task_id": "createModel"}, {"is_complete": false, "task_id": "reportBack"}], "time_since_launch": 378.09}	83
"26080410371759583"	"AQUALAB"	"2026-08-04T04:13:37.375000+00:00"	"model_end"	{"ecosystem": "", "phase": "Ecosystem", "server_time": "2026-08-03T23:13:37+00:00"}	"GAME"	"120"	"production"	"6"	"UTC+06:30"	"AccusingHutch"	{}	{"job_argumentation": 5, "job_experimentation": 5, "job_modeling": 5, "job_name": "bayou-shrimp-tastrophe", "money": 2570, "region": "BayouStation", "scene_type": "ship", "science_level": 3, "science_points": 265, "site": "Modeling", "task_list": [{"is_complete": false, "task_id": "createModel"}, {"is_complete": false, "task_id": "reportBack"}], "time_since_launch": 381.62}	84
"26080410371759583"	"AQUALAB"	"2026-08-04T04:13:45.873000+00:00"	"load_error"	{"server_time": "2026-08-03T23:13:47+00:00", "url": "https://fielddaylab.org/play/wake/ci/production/StreamingAssets/Textures/Ship/ShipShape.png"}	"GAME"	"120"	"production"	"6"	"UTC+06:30"	"AccusingHutch"	{}	{"job_argumentation": 5, "job_experimentation": 5, "job_modeling": 5, "job_name": "bayou-shrimp-tastrophe", "money": 2570, "region": "BayouStation", "scene_type": "ship", "science_level": 3, "science_points": 265, "site": "Modeling", "task_list": [{"is_complete": false, "task_id": "createModel"}, {"is_complete": false, "task_id": "reportBack"}], "time_since_launch": 390.12}	85
"26080410371759583"	"AQUALAB"	"2026-08-04T04:13:48.725000+00:00"	"scene_changed"	{"scene_name": "ModelingFoyer", "server_time": "2026-08-03T23:13:49+00:00"}	"GAME"	"120"	"production"	"6"	"UTC+06:30"	"AccusingHutch"	{}	{"job_argumentation": 5, "job_experimentation": 5, "job_modeling": 5, "job_name": "bayou-shrimp-tastrophe", "money": 2570, "region": "BayouStation", "scene_type": "ship", "science_level": 3, "science_points": 265, "site": "Modeling", "task_list": [{"is_complete": false, "task_id": "createModel"}, {"is_complete": false, "task_id": "reportBack"}], "time_since_launch": 390.12}	86
"26080410371759583"	"AQUALAB"	"2026-08-04T04:13:56.928000+00:00"	"scene_changed"	{"scene_name": "ExperimentV2", "server_time": "2026-08-03T23:13:56+00:00"}	"GAME"	"120"	"production"	"6"	"UTC+06:30"	"AccusingHutch"	{}	{"job_argumentation": 5, "job_experimentation": 5, "job_modeling": 5, "job_name": "bayou-shrimp-tastrophe", "money": 2570, "region": "BayouStation", "scene_type": "ship", "science_level": 3, "science_points": 265, "site": "ModelingFoyer", "task_list": [{"is_complete": false, "task_id": "createModel"}, {"is_complete": false, "task_id": "reportBack"}], "time_since_launch": 392.97}	87
"26080410371759583"	"AQUALAB"	"2026-08-04T04:14:05.952000+00:00"	"add_environment"	{"environment": "P_DeadZone", "server_time": "2026-08-03T23:14:09+00:00", "tank_type": "Measurement"}	"GAME"	"120"	"production"	"6"	"UTC+06:30"	"AccusingHutch"	{}	{"job_argumentation": 5, "job_experimentation": 5, "job_modeling": 5, "job_name": "bayou-shrimp-tastrophe", "money": 2570, "region": "BayouStation", "scene_type": "ship", "science_level": 3, "science_points": 265, "site": "Experimentation", "task_list": [{"is_complete": false, "task_id": "createModel"}, {"is_complete": false, "task_id": "reportBack"}], "time_since_launch": 410.2}	88
"26080410371759583"	"AQUALAB"	"2026-08-04T04:14:28.025000+00:00"	"remove_environment"	{"environment": "P_DeadZone (Aqua.BestiaryDesc)", "server_time": "2026-08-03T23:14:27+00:00", "tank_type": "Measurement"}	"GAME"	"120"	"production"	"6"	"UTC+06:30"	"AccusingHutch"	{}	{"job_argumentation": 5, "job_experimentation": 5, "job_modeling": 5, "job_name": "bayou-shrimp-tastrophe", "money": 2570, "region": "BayouStation", "scene_type": "ship", "science_level": 3, "science_points": 265, "site": "Experimentation", "task_list": [{"is_complete": false, "task_id": "createModel"}, {"is_complete": false, "task_id": "reportBack"}], "time_since_launch": 432.27}	89
"26080410371759583"	"AQUALAB"	"2026-08-04T04:14:28.026000+00:00"	"add_environment"	{"environment": "Y_IceCrevice", "server_time": "2026-08-03T23:14:27+00:00", "tank_type": "Measurement"}	"GAME"	"120"	"production"	"6"	"UTC+06:30"	"AccusingHutch"	{}	{"job_argumentation": 5, "job_experimentation": 5, "job_modeling": 5, "job_name": "bayou-shrimp-tastrophe", "money": 2570, "region": "BayouStation", "scene_type": "ship", "science_level": 3, "science_points": 265, "site": "Experimentation", "task_list": [{"is_complete": false, "task_id": "createModel"}, {"is_complete": false, "task_id": "reportBack"}], "time_since_launch": 432.27}	90
"26080410371759583"	"AQUALAB"	"2026-08-04T04:14:59.028000+00:00"	"add_critter"	{"critter": "WhiteShrimp", "environment": "Y_IceCrevice", "server_time": "2026-08-03T23:15:01+00:00", "tank_type": "Measurement"}	"GAME"	"120"	"production"	"6"	"UTC+06:30"	"AccusingHutch"	{}	{"job_argumentation": 5, "job_experimentation": 5, "job_modeling": 5, "job_name": "bayou-shrimp-tastrophe", "money": 2570, "region": "BayouStation", "scene_type": "ship", "science_level": 3, "science_points": 265, "site": "Experimentation", "task_list": [{"is_complete": false, "task_id": "createModel"}, {"is_complete": false, "task_id": "reportBack"}], "time_since_launch": 463.27}	91
"26080410371759583"	"AQUALAB"	"2026-08-04T04:15:08.678000+00:00"	"remove_environment"	{"environment": "Y_IceCrevice (Aqua.BestiaryDesc)", "server_time": "2026-08-03T23:15:09+00:00", "tank_type": "Measurement"}	"GAME"	"120"	"production"	"6"	"UTC+06:30"	"AccusingHutch"	{}	{"job_argumentation": 5, "job_experimentation": 5, "job_modeling": 5, "job_name": "bayou-shrimp-tastrophe", "money": 2570, "region": "BayouStation", "scene_type": "ship", "science_level": 3, "science_points": 265, "site": "Experimentation", "task_list": [{"is_complete": false, "task_id": "createModel"}, {"is_complete": false, "task_id": "reportBack"}], "time_since_launch": 472.92}	92
"26080410371759583"	"AQUALAB"	"2026-08-04T04:15:08.678000+00:00"	"add_environment"	{"environment": "N_ThermalVent", "server_time": "2026-08-03T23:15:09+00:00", "tank_type": "Measurement"}	"GAME"	"120"	"production"	"6"	"UTC+06:30"	"AccusingHutch"	{}	{"job_argumentation": 5, "job_experimentation": 5, "job_modeling": 5, "job_name": "bayou-shrimp-tastrophe", "money": 2570, "region": "BayouStation", "scene_type": "ship", "science_level": 3, "science_points": 265, "site": "Experimentation", "task_list": [{"is_complete": false, "task_id": "createModel"}, {"is_complete": false, "task_id": "reportBack"}], "time_since_launch": 472.92}	93
"26080410371759583"	"AQUALAB"	"2026-08-04T04:15:23.082000+00:00"	"remove_environment"	{"environment": "N_ThermalVent (Aqua.BestiaryDesc)", "server_time": "2026-08-03T23:15:24+00:00", "tank_type": "Measurement"}	"GAME"	"120"	"production"	"6"	"UTC+06:30"	"AccusingHutch"	{}	{"job_argumentation": 5, "job_experimentation": 5, "job_modeling": 5, "job_name": "bayou-shrimp-tastrophe", "money": 2570, "region": "BayouStation", "scene_type": "ship", "science_level": 3, "science_points": 265, "site": "Experimentation", "task_list": [{"is_complete": false, "task_id": "createModel"}, {"is_complete": false, "task_id": "reportBack"}], "time_since_launch": 487.33}	94
"26080410371759583"	"AQUALAB"	"2026-08-04T04:15:23.083000+00:00"	"add_environment"	{"environment": "KelpForest", "server_time": "2026-08-03T23:15:24+00:00", "tank_type": "Measurement"}	"GAME"	"120"	"production"	"6"	"UTC+06:30"	"AccusingHutch"	{}	{"job_argumentation": 5, "job_experimentation": 5, "job_modeling": 5, "job_name": "bayou-shrimp-tastrophe", "money": 2570, "region": "BayouStation", "scene_type": "ship", "science_level": 3, "science_points": 265, "site": "Experimentation", "task_list": [{"is_complete": false, "task_id": "createModel"}, {"is_complete": false, "task_id": "reportBack"}], "time_since_launch": 487.33}	95
"26080410371759583"	"AQUALAB"	"2026-08-04T04:15:44.225000+00:00"	"begin_experiment"	{"autofeeder_enabled": true, "critters": "WhiteShrimp", "environment": "KelpForest", "server_time": "2026-08-03T23:15:43+00:00", "stabilizer_enabled": true, "tank_type": "Measurement"}	"GAME"	"120"	"production"	"6"	"UTC+06:30"	"AccusingHutch"	{}	{"job_argumentation": 5, "job_experimentation": 5, "job_modeling": 5, "job_name": "bayou-shrimp-tastrophe", "money": 2570, "region": "BayouStation", "scene_type": "ship", "science_level": 3, "science_points": 265, "site": "Experimentation", "task_list": [{"is_complete": false, "task_id": "createModel"}, {"is_complete": false, "task_id": "reportBack"}], "time_since_launch": 508.47}	96
"26080410371759583"	"AQUALAB"	"2026-08-04T04:16:13.147000+00:00"	"receive_fact"	{"fact_entity": "WhiteShrimp", "fact_id": "WhiteShrimp.Reproduce.Stressed", "fact_rate": true, "fact_stressed": true, "fact_type": "Reproduce", "has_rate": true, "server_time": "2026-08-03T23:16:15+00:00"}	"GAME"	"120"	"production"	"6"	"UTC+06:30"	"AccusingHutch"	{}	{"job_argumentation": 5, "job_experimentation": 5, "job_modeling": 5, "job_name": "bayou-shrimp-tastrophe", "money": 2570, "region": "BayouStation", "scene_type": "ship", "science_level": 3, "science_points": 265, "site": "Experimentation", "task_list": [{"is_complete": false, "task_id": "createModel"}, {"is_complete": false, "task_id": "reportBack"}], "time_since_launch": 537.39}	97
"26080410371759583"	"AQUALAB"	"2026-08-04T04:16:17.238000+00:00"	"script_began"	{"node_id": "partner.talk.experiment.generic.measurement-tank.track-complete", "server_time": "2026-08-03T23:16:16+00:00"}	"GAME"	"120"	"production"	"6"	"UTC+06:30"	"AccusingHutch"	{}	{"job_argumentation": 5, "job_experimentation": 5, "job_modeling": 5, "job_name": "bayou-shrimp-tastrophe", "money": 2570, "region": "BayouStation", "scene_type": "ship", "science_level": 3, "science_points": 265, "site": "Experimentation", "task_list": [{"is_complete": false, "task_id": "createModel"}, {"is_complete": false, "task_id": "reportBack"}], "time_since_launch": 541.48}	98
"26080410371759583"	"AQUALAB"	"2026-08-04T04:16:17.239000+00:00"	"end_experiment"	{"autofeeder_enabled": true, "critters": "WhiteShrimp", "environment": "KelpForest", "server_time": "2026-08-03T23:16:16+00:00", "stabilizer_enabled": true, "tank_type": "Measurement"}	"GAME"	"120"	"production"	"6"	"UTC+06:30"	"AccusingHutch"	{}	{"job_argumentation": 5, "job_experimentation": 5, "job_modeling": 5, "job_name": "bayou-shrimp-tastrophe", "money": 2570, "region": "BayouStation", "scene_type": "ship", "science_level": 3, "science_points": 265, "site": "Experimentation", "task_list": [{"is_complete": false, "task_id": "createModel"}, {"is_complete": false, "task_id": "reportBack"}], "time_since_launch": 541.48}	99
"26080410371759583"	"AQUALAB"	"2026-08-04T04:16:24.561000+00:00"	"add_environment"	{"environment": "P_DeadZone", "server_time": "2026-08-03T23:16:24+00:00", "tank_type": "Observation"}	"GAME"	"120"	"production"	"6"	"UTC+06:30"	"AccusingHutch"	{}	{"job_argumentation": 5, "job_experimentation": 5, "job_modeling": 5, "job_name": "bayou-shrimp-tastrophe", "money": 2570, "region": "BayouStation", "scene_type": "ship", "science_level": 3, "science_points": 265, "site": "Experimentation", "task_list": [{"is_complete": false, "task_id": "createModel"}, {"is_complete": false, "task_id": "reportBack"}], "time_since_launch": 548.81}	100
"26080410371759583"	"AQUALAB"	"2026-08-04T04:16:31.554000+00:00"	"add_critter"	{"critter": "Cyanobacteria", "environment": "P_DeadZone", "server_time": "2026-08-03T23:16:32+00:00", "tank_type": "Observation"}	"GAME"	"120"	"production"	"6"	"UTC+06:30"	"AccusingHutch"	{}	{"job_argumentation": 5, "job_experimentation": 5, "job_modeling": 5, "job_name": "bayou-shrimp-tastrophe", "money": 2570, "region": "BayouStation", "scene_type": "ship", "science_level": 3, "science_points": 265, "site": "Experimentation", "task_list": [{"is_complete": false, "task_id": "createModel"}, {"is_complete": false, "task_id": "reportBack"}], "time_since_launch": 555.8}	101
"26080410371759583"	"AQUALAB"	"2026-08-04T04:16:32.272000+00:00"	"add_critter"	{"critter": "Detritus", "environment": "P_DeadZone", "server_time": "2026-08-03T23:16:33+00:00", "tank_type": "Observation"}	"GAME"	"120"	"production"	"6"	"UTC+06:30"	"AccusingHutch"	{}	{"job_argumentation": 5, "job_experimentation": 5, "job_modeling": 5, "job_name": "bayou-shrimp-tastrophe", "money": 2570, "region": "BayouStation", "scene_type": "ship", "science_level": 3, "science_points": 265, "site": "Experimentation", "task_list": [{"is_complete": false, "task_id": "createModel"}, {"is_complete": false, "task_id": "reportBack"}], "time_since_launch": 556.52}	102
"26080410371759583"	"AQUALAB"	"2026-08-04T04:16:32.690000+00:00"	"add_critter"	{"critter": "DecomposingBacteria", "environment": "P_DeadZone", "server_time": "2026-08-03T23:16:33+00:00", "tank_type": "Observation"}	"GAME"	"120"	"production"	"6"	"UTC+06:30"	"AccusingHutch"	{}	{"job_argumentation": 5, "job_experimentation": 5, "job_modeling": 5, "job_name": "bayou-shrimp-tastrophe", "money": 2570, "region": "BayouStation", "scene_type": "ship", "science_level": 3, "science_points": 265, "site": "Experimentation", "task_list": [{"is_complete": false, "task_id": "createModel"}, {"is_complete": false, "task_id": "reportBack"}], "time_since_launch": 556.94}	103
"26080410371759583"	"AQUALAB"	"2026-08-04T04:16:36.884000+00:00"	"add_critter"	{"critter": "WhiteShrimp", "environment": "P_DeadZone", "server_time": "2026-08-03T23:16:36+00:00", "tank_type": "Observation"}	"GAME"	"120"	"production"	"6"	"UTC+06:30"	"AccusingHutch"	{}	{"job_argumentation": 5, "job_experimentation": 5, "job_modeling": 5, "job_name": "bayou-shrimp-tastrophe", "money": 2570, "region": "BayouStation", "scene_type": "ship", "science_level": 3, "science_points": 265, "site": "Experimentation", "task_list": [{"is_complete": false, "task_id": "createModel"}, {"is_complete": false, "task_id": "reportBack"}], "time_since_launch": 561.13}	104
"26080410371759583"	"AQUALAB"	"2026-08-04T04:16:39.645000+00:00"	"begin_experiment"	{"autofeeder_enabled": false, "critters": "Cyanobacteria,Detritus,DecomposingBacteria,WhiteShrimp", "environment": "P_DeadZone", "server_time": "2026-08-03T23:16:39+00:00", "stabilizer_enabled": false, "tank_type": "Observation"}	"GAME"	"120"	"production"	"6"	"UTC+06:30"	"AccusingHutch"	{}	{"job_argumentation": 5, "job_experimentation": 5, "job_modeling": 5, "job_name": "bayou-shrimp-tastrophe", "money": 2570, "region": "BayouStation", "scene_type": "ship", "science_level": 3, "science_points": 265, "site": "Experimentation", "task_list": [{"is_complete": false, "task_id": "createModel"}, {"is_complete": false, "task_id": "reportBack"}], "time_since_launch": 563.89}	105
"26080410371759583"	"AQUALAB"	"2026-08-04T04:16:43.864000+00:00"	"receive_fact"	{"fact_entity": "WhiteShrimp", "fact_id": "WhiteShrimp.Eats.Cyanobacteria", "fact_rate": true, "fact_stressed": false, "fact_type": "Eat", "has_rate": false, "server_time": "2026-08-03T23:16:43+00:00"}	"GAME"	"120"	"production"	"6"	"UTC+06:30"	"AccusingHutch"	{}	{"job_argumentation": 5, "job_experimentation": 5, "job_modeling": 5, "job_name": "bayou-shrimp-tastrophe", "money": 2570, "region": "BayouStation", "scene_type": "ship", "science_level": 3, "science_points": 265, "site": "Experimentation", "task_list": [{"is_complete": false, "task_id": "createModel"}, {"is_complete": false, "task_id": "reportBack"}], "time_since_launch": 568.11}	106
"26080410371759583"	"AQUALAB"	"2026-08-04T04:16:50.298000+00:00"	"end_experiment"	{"autofeeder_enabled": false, "critters": "Cyanobacteria,Detritus,DecomposingBacteria,WhiteShrimp", "environment": "P_DeadZone", "server_time": "2026-08-03T23:16:51+00:00", "stabilizer_enabled": false, "tank_type": "Observation"}	"GAME"	"120"	"production"	"6"	"UTC+06:30"	"AccusingHutch"	{}	{"job_argumentation": 5, "job_experimentation": 5, "job_modeling": 5, "job_name": "bayou-shrimp-tastrophe", "money": 2570, "region": "BayouStation", "scene_type": "ship", "science_level": 3, "science_points": 265, "site": "Experimentation", "task_list": [{"is_complete": false, "task_id": "createModel"}, {"is_complete": false, "task_id": "reportBack"}], "time_since_launch": 574.54}	107
"26080410371759583"	"AQUALAB"	"2026-08-04T04:16:51.658000+00:00"	"open_status"	{"server_time": "2026-08-03T23:16:52+00:00"}	"GAME"	"120"	"production"	"6"	"UTC+06:30"	"AccusingHutch"	{}	{"job_argumentation": 5, "job_experimentation": 5, "job_modeling": 5, "job_name": "bayou-shrimp-tastrophe", "money": 2570, "region": "BayouStation", "scene_type": "ship", "science_level": 3, "science_points": 265, "site": "Experimentation", "task_list": [{"is_complete": false, "task_id": "createModel"}, {"is_complete": false, "task_id": "reportBack"}], "time_since_launch": 575.9}	108
"26080410371759583"	"AQUALAB"	"2026-08-04T04:16:51.659000+00:00"	"status_open_job_tab"	{"server_time": "2026-08-03T23:16:52+00:00"}	"GAME"	"120"	"production"	"6"	"UTC+06:30"	"AccusingHutch"	{}	{"job_argumentation": 5, "job_experimentation": 5, "job_modeling": 5, "job_name": "bayou-shrimp-tastrophe", "money": 2570, "region": "BayouStation", "scene_type": "ship", "science_level": 3, "science_points": 265, "site": "Experimentation", "task_list": [{"is_complete": false, "task_id": "createModel"}, {"is_complete": false, "task_id": "reportBack"}], "time_since_launch": 575.9}	109
"26080410371759583"	"AQUALAB"	"2026-08-04T04:16:51.659000+00:00"	"status_open_job_tab"	{"server_time": "2026-08-03T23:16:52+00:00"}	"GAME"	"120"	"production"	"6"	"UTC+06:30"	"AccusingHutch"	{}	{"job_argumentation": 5, "job_experimentation": 5, "job_modeling": 5, "job_name": "bayou-shrimp-tastrophe", "money": 2570, "region": "BayouStation", "scene_type": "ship", "science_level": 3, "science_points": 265, "site": "Experimentation", "task_list": [{"is_complete": false, "task_id": "createModel"}, {"is_complete": false, "task_id": "reportBack"}], "time_since_launch": 575.9}	110
"26080410371759583"	"AQUALAB"	"2026-08-04T04:16:53.254000+00:00"	"close_status"	{"server_time": "2026-08-03T23:16:53+00:00"}	"GAME"	"120"	"production"	"6"	"UTC+06:30"	"AccusingHutch"	{}	{"job_argumentation": 5, "job_experimentation": 5, "job_modeling": 5, "job_name": "bayou-shrimp-tastrophe", "money": 2570, "region": "BayouStation", "scene_type": "ship", "science_level": 3, "science_points": 265, "site": "Experimentation", "task_list": [{"is_complete": false, "task_id": "createModel"}, {"is_complete": false, "task_id": "reportBack"}], "time_since_launch": 577.5}	111
"26080410371759583"	"AQUALAB"	"2026-08-04T04:16:57.108000+00:00"	"scene_changed"	{"scene_name": "ModelingFoyer", "server_time": "2026-08-03T23:16:56+00:00"}	"GAME"	"120"	"production"	"6"	"UTC+06:30"	"AccusingHutch"	{}	{"job_argumentation": 5, "job_experimentation": 5, "job_modeling": 5, "job_name": "bayou-shrimp-tastrophe", "money": 2570, "region": "BayouStation", "scene_type": "ship", "science_level": 3, "science_points": 265, "site": "Experimentation", "task_list": [{"is_complete": false, "task_id": "createModel"}, {"is_complete": false, "task_id": "reportBack"}], "time_since_launch": 577.5}	112
"26080410371759583"	"AQUALAB"	"2026-08-04T04:16:58.805000+00:00"	"begin_model"	{"server_time": "2026-08-03T23:16:58+00:00"}	"GAME"	"120"	"production"	"6"	"UTC+06:30"	"AccusingHutch"	{}	{"job_argumentation": 5, "job_experimentation": 5, "job_modeling": 5, "job_name": "bayou-shrimp-tastrophe", "money": 2570, "region": "BayouStation", "scene_type": "ship", "science_level": 3, "science_points": 265, "site": "ModelingFoyer", "task_list": [{"is_complete": false, "task_id": "createModel"}, {"is_complete": false, "task_id": "reportBack"}], "time_since_launch": 583.05}	113
"26080410371759583"	"AQUALAB"	"2026-08-04T04:17:03.343000+00:00"	"model_phase_changed"	{"phase": "Ecosystem", "server_time": "2026-08-03T23:17:03+00:00"}	"GAME"	"120"	"production"	"6"	"UTC+06:30"	"AccusingHutch"	{}	{"job_argumentation": 5, "job_experimentation": 5, "job_modeling": 5, "job_name": "bayou-shrimp-tastrophe", "money": 2570, "region": "BayouStation", "scene_type": "ship", "science_level": 3, "science_points": 265, "site": "ModelingFoyer", "task_list": [{"is_complete": false, "task_id": "createModel"}, {"is_complete": false, "task_id": "reportBack"}], "time_since_launch": 587.59}	114
"26080410371759583"	"AQUALAB"	"2026-08-04T04:17:03.345000+00:00"	"scene_changed"	{"scene_name": "Modeling", "server_time": "2026-08-03T23:17:03+00:00"}	"GAME"	"120"	"production"	"6"	"UTC+06:30"	"AccusingHutch"	{}	{"job_argumentation": 5, "job_experimentation": 5, "job_modeling": 5, "job_name": "bayou-shrimp-tastrophe", "money": 2570, "region": "BayouStation", "scene_type": "ship", "science_level": 3, "science_points": 265, "site": "ModelingFoyer", "task_list": [{"is_complete": false, "task_id": "createModel"}, {"is_complete": false, "task_id": "reportBack"}], "time_since_launch": 587.59}	115
"26080410371759583"	"AQUALAB"	"2026-08-04T04:17:05.183000+00:00"	"model_ecosystem_selected"	{"ecosystem": "P_DeadZone", "server_time": "2026-08-03T23:17:04+00:00"}	"GAME"	"120"	"production"	"6"	"UTC+06:30"	"AccusingHutch"	{}	{"job_argumentation": 5, "job_experimentation": 5, "job_modeling": 5, "job_name": "bayou-shrimp-tastrophe", "money": 2570, "region": "BayouStation", "scene_type": "ship", "science_level": 3, "science_points": 265, "site": "Modeling", "task_list": [{"is_complete": false, "task_id": "createModel"}, {"is_complete": false, "task_id": "reportBack"}], "time_since_launch": 589.43}	116
"26080410371759583"	"AQUALAB"	"2026-08-04T04:17:05.783000+00:00"	"model_phase_changed"	{"phase": "Concept", "server_time": "2026-08-03T23:17:06+00:00"}	"GAME"	"120"	"production"	"6"	"UTC+06:30"	"AccusingHutch"	{}	{"job_argumentation": 5, "job_experimentation": 5, "job_modeling": 5, "job_name": "bayou-shrimp-tastrophe", "money": 2570, "region": "BayouStation", "scene_type": "ship", "science_level": 3, "science_points": 265, "site": "Modeling", "task_list": [{"is_complete": false, "task_id": "createModel"}, {"is_complete": false, "task_id": "reportBack"}], "time_since_launch": 590.03}	117
"26080410371759583"	"AQUALAB"	"2026-08-04T04:17:05.789000+00:00"	"model_concept_started"	{"ecosystem": "P_DeadZone", "server_time": "2026-08-03T23:17:06+00:00"}	"GAME"	"120"	"production"	"6"	"UTC+06:30"	"AccusingHutch"	{}	{"job_argumentation": 5, "job_experimentation": 5, "job_modeling": 5, "job_name": "bayou-shrimp-tastrophe", "money": 2570, "region": "BayouStation", "scene_type": "ship", "science_level": 3, "science_points": 265, "site": "Modeling", "task_list": [{"is_complete": false, "task_id": "createModel"}, {"is_complete": false, "task_id": "reportBack"}], "time_since_launch": 590.03}	118
"26080410371759583"	"AQUALAB"	"2026-08-04T04:17:09.477000+00:00"	"model_concept_updated"	{"ecosystem": "P_DeadZone", "server_time": "2026-08-03T23:17:09+00:00", "status": "ExportReady"}	"GAME"	"120"	"production"	"6"	"UTC+06:30"	"AccusingHutch"	{}	{"job_argumentation": 5, "job_experimentation": 5, "job_modeling": 5, "job_name": "bayou-shrimp-tastrophe", "money": 2570, "region": "BayouStation", "scene_type": "ship", "science_level": 3, "science_points": 265, "site": "Modeling", "task_list": [{"is_complete": false, "task_id": "createModel"}, {"is_complete": false, "task_id": "reportBack"}], "time_since_launch": 593.72}	119
"26080410371759583"	"AQUALAB"	"2026-08-04T04:17:10.337000+00:00"	"receive_fact"	{"fact_entity": "P_DeadZone", "fact_id": "P_DeadZone.Model.Shrimptastrophe.Visual", "fact_rate": false, "fact_stressed": false, "fact_type": "Model", "has_rate": false, "server_time": "2026-08-03T23:17:10+00:00"}	"GAME"	"120"	"production"	"6"	"UTC+06:30"	"AccusingHutch"	{}	{"job_argumentation": 5, "job_experimentation": 5, "job_modeling": 5, "job_name": "bayou-shrimp-tastrophe", "money": 2570, "region": "BayouStation", "scene_type": "ship", "science_level": 3, "science_points": 265, "site": "Modeling", "task_list": [{"is_complete": false, "task_id": "createModel"}, {"is_complete": false, "task_id": "reportBack"}], "time_since_launch": 594.58}	120
"26080410371759583"	"AQUALAB"	"2026-08-04T04:17:13.570000+00:00"	"script_began"	{"node_id": "modeling.generic.visual-model.saved", "server_time": "2026-08-03T23:17:13+00:00"}	"GAME"	"120"	"production"	"6"	"UTC+06:30"	"AccusingHutch"	{}	{"job_argumentation": 5, "job_experimentation": 5, "job_modeling": 5, "job_name": "bayou-shrimp-tastrophe", "money": 2570, "region": "BayouStation", "scene_type": "ship", "science_level": 3, "science_points": 265, "site": "Modeling", "task_list": [{"is_complete": false, "task_id": "createModel"}, {"is_complete": false, "task_id": "reportBack"}], "time_since_launch": 597.82}	121
"26080410371759583"	"AQUALAB"	"2026-08-04T04:17:13.571000+00:00"	"model_concept_exported"	{"ecosystem": "P_DeadZone", "server_time": "2026-08-03T23:17:13+00:00"}	"GAME"	"120"	"production"	"6"	"UTC+06:30"	"AccusingHutch"	{}	{"job_argumentation": 5, "job_experimentation": 5, "job_modeling": 5, "job_name": "bayou-shrimp-tastrophe", "money": 2570, "region": "BayouStation", "scene_type": "ship", "science_level": 3, "science_points": 265, "site": "Modeling", "task_list": [{"is_complete": false, "task_id": "createModel"}, {"is_complete": false, "task_id": "reportBack"}], "time_since_launch": 597.82}	122
"26080410371759583"	"AQUALAB"	"2026-08-04T04:17:14.287000+00:00"	"model_phase_changed"	{"phase": "Sync", "server_time": "2026-08-03T23:17:14+00:00"}	"GAME"	"120"	"production"	"6"	"UTC+06:30"	"AccusingHutch"	{}	{"job_argumentation": 5, "job_experimentation": 5, "job_modeling": 5, "job_name": "bayou-shrimp-tastrophe", "money": 2570, "region": "BayouStation", "scene_type": "ship", "science_level": 3, "science_points": 265, "site": "Modeling", "task_list": [{"is_complete": false, "task_id": "createModel"}, {"is_complete": false, "task_id": "reportBack"}], "time_since_launch": 598.53}	123
"26080410371759583"	"AQUALAB"	"2026-08-04T04:17:14.322000+00:00"	"begin_simulation"	{"server_time": "2026-08-03T23:17:14+00:00"}	"GAME"	"120"	"production"	"6"	"UTC+06:30"	"AccusingHutch"	{}	{"job_argumentation": 5, "job_experimentation": 5, "job_modeling": 5, "job_name": "bayou-shrimp-tastrophe", "money": 2570, "region": "BayouStation", "scene_type": "ship", "science_level": 3, "science_points": 265, "site": "Modeling", "task_list": [{"is_complete": false, "task_id": "createModel"}, {"is_complete": false, "task_id": "reportBack"}], "time_since_launch": 598.57}	124
"26080410371759583"	"AQUALAB"	"2026-08-04T04:17:33.518000+00:00"	"script_began"	{"node_id": "job.bayou-shrimp-tastrophe.triggerSyncFailure", "server_time": "2026-08-03T23:17:36+00:00"}	"GAME"	"120"	"production"	"6"	"UTC+06:30"	"AccusingHutch"	{}	{"job_argumentation": 5, "job_experimentation": 5, "job_modeling": 5, "job_name": "bayou-shrimp-tastrophe", "money": 2570, "region": "BayouStation", "scene_type": "ship", "science_level": 3, "science_points": 265, "site": "Modeling", "task_list": [{"is_complete": false, "task_id": "createModel"}, {"is_complete": false, "task_id": "reportBack"}], "time_since_launch": 617.76}	125
"26080410371759583"	"AQUALAB"	"2026-08-04T04:17:33.520000+00:00"	"model_sync_error"	{"ecosystem": "P_DeadZone", "server_time": "2026-08-03T23:17:36+00:00", "sync": 82}	"GAME"	"120"	"production"	"6"	"UTC+06:30"	"AccusingHutch"	{}	{"job_argumentation": 5, "job_experimentation": 5, "job_modeling": 5, "job_name": "bayou-shrimp-tastrophe", "money": 2570, "region": "BayouStation", "scene_type": "ship", "science_level": 3, "science_points": 265, "site": "Modeling", "task_list": [{"is_complete": false, "task_id": "createModel"}, {"is_complete": false, "task_id": "reportBack"}], "time_since_launch": 617.77}	126
"26080410371759583"	"AQUALAB"	"2026-08-04T04:17:38.662000+00:00"	"script_began"	{"node_id": "job.bayou-shrimp-tastrophe.helpModelSync.Sync", "server_time": "2026-08-03T23:17:38+00:00"}	"GAME"	"120"	"production"	"6"	"UTC+06:30"	"AccusingHutch"	{}	{"job_argumentation": 5, "job_experimentation": 5, "job_modeling": 5, "job_name": "bayou-shrimp-tastrophe", "money": 2570, "region": "BayouStation", "scene_type": "ship", "science_level": 3, "science_points": 265, "site": "Modeling", "task_list": [{"is_complete": false, "task_id": "createModel"}, {"is_complete": false, "task_id": "reportBack"}], "time_since_launch": 622.91}	127
"26080410371759583"	"AQUALAB"	"2026-08-04T04:17:38.664000+00:00"	"ask_for_help"	{"node_id": "job.bayou-shrimp-tastrophe.helpModelSync.Sync", "server_time": "2026-08-03T23:17:38+00:00"}	"GAME"	"120"	"production"	"6"	"UTC+06:30"	"AccusingHutch"	{}	{"job_argumentation": 5, "job_experimentation": 5, "job_modeling": 5, "job_name": "bayou-shrimp-tastrophe", "money": 2570, "region": "BayouStation", "scene_type": "ship", "science_level": 3, "science_points": 265, "site": "Modeling", "task_list": [{"is_complete": false, "task_id": "createModel"}, {"is_complete": false, "task_id": "reportBack"}], "time_since_launch": 622.91}	128
"26080410371759583"	"AQUALAB"	"2026-08-04T04:17:38.665000+00:00"	"script_line_displayed"	{"node_id": "job.bayou-shrimp-tastrophe.notEnoughData", "server_time": "2026-08-03T23:17:38+00:00", "speaker": "", "text_string": "Seems like we don't have enough information to complete our model accurately."}	"GAME"	"120"	"production"	"6"	"UTC+06:30"	"AccusingHutch"	{}	{"job_argumentation": 5, "job_experimentation": 5, "job_modeling": 5, "job_name": "bayou-shrimp-tastrophe", "money": 2570, "region": "BayouStation", "scene_type": "ship", "science_level": 3, "science_points": 265, "site": "Modeling", "task_list": [{"is_complete": false, "task_id": "createModel"}, {"is_complete": false, "task_id": "reportBack"}], "time_since_launch": 622.91}	129
"26080410371759583"	"AQUALAB"	"2026-08-04T04:17:40.632000+00:00"	"script_line_displayed"	{"node_id": "job.bayou-shrimp-tastrophe.notEnoughData", "server_time": "2026-08-03T23:17:40+00:00", "speaker": "", "text_string": "Look for question marks in the Visual model interface, those point to where we may need more data."}	"GAME"	"120"	"production"	"6"	"UTC+06:30"	"AccusingHutch"	{}	{"job_argumentation": 5, "job_experimentation": 5, "job_modeling": 5, "job_name": "bayou-shrimp-tastrophe", "money": 2570, "region": "BayouStation", "scene_type": "ship", "science_level": 3, "science_points": 265, "site": "Modeling", "task_list": [{"is_complete": false, "task_id": "createModel"}, {"is_complete": false, "task_id": "reportBack"}], "time_since_launch": 624.88}	130
"26080410371759583"	"AQUALAB"	"2026-08-04T04:17:47.136000+00:00"	"script_line_displayed"	{"node_id": "job.bayou-shrimp-tastrophe.suggestEatRates", "server_time": "2026-08-03T23:17:49+00:00", "speaker": "", "text_string": "Maybe look into the eating rates of these organisms?"}	"GAME"	"120"	"production"	"6"	"UTC+06:30"	"AccusingHutch"	{}	{"job_argumentation": 5, "job_experimentation": 5, "job_modeling": 5, "job_name": "bayou-shrimp-tastrophe", "money": 2570, "region": "BayouStation", "scene_type": "ship", "science_level": 3, "science_points": 265, "site": "Modeling", "task_list": [{"is_complete": false, "task_id": "createModel"}, {"is_complete": false, "task_id": "reportBack"}], "time_since_launch": 631.38}	131
"26080410371759583"	"AQUALAB"	"2026-08-04T04:18:23.771000+00:00"	"model_phase_changed"	{"phase": "Concept", "server_time": "2026-08-03T23:18:26+00:00"}	"GAME"	"120"	"production"	"6"	"UTC+06:30"	"AccusingHutch"	{}	{"job_argumentation": 5, "job_experimentation": 5, "job_modeling": 5, "job_name": "bayou-shrimp-tastrophe", "money": 2570, "region": "BayouStation", "scene_type": "ship", "science_level": 3, "science_points": 265, "site": "Modeling", "task_list": [{"is_complete": false, "task_id": "createModel"}, {"is_complete": false, "task_id": "reportBack"}], "time_since_launch": 668.02}	132
"26080410371759583"	"AQUALAB"	"2026-08-04T04:18:23.776000+00:00"	"model_concept_started"	{"ecosystem": "P_DeadZone", "server_time": "2026-08-03T23:18:26+00:00"}	"GAME"	"120"	"production"	"6"	"UTC+06:30"	"AccusingHutch"	{}	{"job_argumentation": 5, "job_experimentation": 5, "job_modeling": 5, "job_name": "bayou-shrimp-tastrophe", "money": 2570, "region": "BayouStation", "scene_type": "ship", "science_level": 3, "science_points": 265, "site": "Modeling", "task_list": [{"is_complete": false, "task_id": "createModel"}, {"is_complete": false, "task_id": "reportBack"}], "time_since_launch": 668.02}	133
"26080410371759583"	"AQUALAB"	"2026-08-04T04:18:37.652000+00:00"	"model_end"	{"ecosystem": "P_DeadZone", "phase": "Concept", "server_time": "2026-08-03T23:18:37+00:00"}	"GAME"	"120"	"production"	"6"	"UTC+06:30"	"AccusingHutch"	{}	{"job_argumentation": 5, "job_experimentation": 5, "job_modeling": 5, "job_name": "bayou-shrimp-tastrophe", "money": 2570, "region": "BayouStation", "scene_type": "ship", "science_level": 3, "science_points": 265, "site": "Modeling", "task_list": [{"is_complete": false, "task_id": "createModel"}, {"is_complete": false, "task_id": "reportBack"}], "time_since_launch": 681.9}	134
"26080410371759583"	"AQUALAB"	"2026-08-04T04:18:40.011000+00:00"	"scene_changed"	{"scene_name": "ModelingFoyer", "server_time": "2026-08-03T23:18:39+00:00"}	"GAME"	"120"	"production"	"6"	"UTC+06:30"	"AccusingHutch"	{}	{"job_argumentation": 5, "job_experimentation": 5, "job_modeling": 5, "job_name": "bayou-shrimp-tastrophe", "money": 2570, "region": "BayouStation", "scene_type": "ship", "science_level": 3, "science_points": 265, "site": "Modeling", "task_list": [{"is_complete": false, "task_id": "createModel"}, {"is_complete": false, "task_id": "reportBack"}], "time_since_launch": 681.9}	135
"26080410371759583"	"AQUALAB"	"2026-08-04T04:18:46.829000+00:00"	"scene_changed"	{"scene_name": "ExperimentV2", "server_time": "2026-08-03T23:18:51+00:00"}	"GAME"	"120"	"production"	"6"	"UTC+06:30"	"AccusingHutch"	{}	{"job_argumentation": 5, "job_experimentation": 5, "job_modeling": 5, "job_name": "bayou-shrimp-tastrophe", "money": 2570, "region": "BayouStation", "scene_type": "ship", "science_level": 3, "science_points": 265, "site": "ModelingFoyer", "task_list": [{"is_complete": false, "task_id": "createModel"}, {"is_complete": false, "task_id": "reportBack"}], "time_since_launch": 684.26}	136
"26080410371759583"	"AQUALAB"	"2026-08-04T04:18:52.972000+00:00"	"add_environment"	{"environment": "P_DeadZone", "server_time": "2026-08-03T23:18:53+00:00", "tank_type": "Measurement"}	"GAME"	"120"	"production"	"6"	"UTC+06:30"	"AccusingHutch"	{}	{"job_argumentation": 5, "job_experimentation": 5, "job_modeling": 5, "job_name": "bayou-shrimp-tastrophe", "money": 2570, "region": "BayouStation", "scene_type": "ship", "science_level": 3, "science_points": 265, "site": "Experimentation", "task_list": [{"is_complete": false, "task_id": "createModel"}, {"is_complete": false, "task_id": "reportBack"}], "time_since_launch": 697.22}	137
"26080410371759583"	"AQUALAB"	"2026-08-04T04:19:00.222000+00:00"	"add_critter"	{"critter": "Cyanobacteria", "environment": "P_DeadZone", "server_time": "2026-08-03T23:18:59+00:00", "tank_type": "Measurement"}	"GAME"	"120"	"production"	"6"	"UTC+06:30"	"AccusingHutch"	{}	{"job_argumentation": 5, "job_experimentation": 5, "job_modeling": 5, "job_name": "bayou-shrimp-tastrophe", "money": 2570, "region": "BayouStation", "scene_type": "ship", "science_level": 3, "science_points": 265, "site": "Experimentation", "task_list": [{"is_complete": false, "task_id": "createModel"}, {"is_complete": false, "task_id": "reportBack"}], "time_since_launch": 704.47}	138
"26080410371759583"	"AQUALAB"	"2026-08-04T04:19:10.111000+00:00"	"add_critter"	{"critter": "WhiteShrimp", "environment": "P_DeadZone", "server_time": "2026-08-03T23:19:12+00:00", "tank_type": "Measurement"}	"GAME"	"120"	"production"	"6"	"UTC+06:30"	"AccusingHutch"	{}	{"job_argumentation": 5, "job_experimentation": 5, "job_modeling": 5, "job_name": "bayou-shrimp-tastrophe", "money": 2570, "region": "BayouStation", "scene_type": "ship", "science_level": 3, "science_points": 265, "site": "Experimentation", "task_list": [{"is_complete": false, "task_id": "createModel"}, {"is_complete": false, "task_id": "reportBack"}], "time_since_launch": 714.36}	139
"26080410371759583"	"AQUALAB"	"2026-08-04T04:19:18.203000+00:00"	"begin_experiment"	{"autofeeder_enabled": false, "critters": "Cyanobacteria,WhiteShrimp", "environment": "P_DeadZone", "server_time": "2026-08-03T23:19:19+00:00", "stabilizer_enabled": true, "tank_type": "Measurement"}	"GAME"	"120"	"production"	"6"	"UTC+06:30"	"AccusingHutch"	{}	{"job_argumentation": 5, "job_experimentation": 5, "job_modeling": 5, "job_name": "bayou-shrimp-tastrophe", "money": 2570, "region": "BayouStation", "scene_type": "ship", "science_level": 3, "science_points": 265, "site": "Experimentation", "task_list": [{"is_complete": false, "task_id": "createModel"}, {"is_complete": false, "task_id": "reportBack"}], "time_since_launch": 722.45}	140
"26080410371759583"	"AQUALAB"	"2026-08-04T04:19:28.500000+00:00"	"upgrade_fact"	{"fact_entity": "WhiteShrimp", "fact_id": "WhiteShrimp.Eats.Cyanobacteria", "fact_rate": true, "fact_stressed": false, "fact_type": "Eat", "has_rate": true, "server_time": "2026-08-03T23:19:31+00:00"}	"GAME"	"120"	"production"	"6"	"UTC+06:30"	"AccusingHutch"	{}	{"job_argumentation": 5, "job_experimentation": 5, "job_modeling": 5, "job_name": "bayou-shrimp-tastrophe", "money": 2570, "region": "BayouStation", "scene_type": "ship", "science_level": 3, "science_points": 265, "site": "Experimentation", "task_list": [{"is_complete": false, "task_id": "createModel"}, {"is_complete": false, "task_id": "reportBack"}], "time_since_launch": 732.75}	141
"26080410371759583"	"AQUALAB"	"2026-08-04T04:19:32.607000+00:00"	"script_began"	{"node_id": "partner.talk.experiment.generic.measurement-tank.track-complete", "server_time": "2026-08-03T23:19:32+00:00"}	"GAME"	"120"	"production"	"6"	"UTC+06:30"	"AccusingHutch"	{}	{"job_argumentation": 5, "job_experimentation": 5, "job_modeling": 5, "job_name": "bayou-shrimp-tastrophe", "money": 2570, "region": "BayouStation", "scene_type": "ship", "science_level": 3, "science_points": 265, "site": "Experimentation", "task_list": [{"is_complete": false, "task_id": "createModel"}, {"is_complete": false, "task_id": "reportBack"}], "time_since_launch": 736.85}	142
"26080410371759583"	"AQUALAB"	"2026-08-04T04:19:32.608000+00:00"	"end_experiment"	{"autofeeder_enabled": false, "critters": "Cyanobacteria,WhiteShrimp", "environment": "P_DeadZone", "server_time": "2026-08-03T23:19:32+00:00", "stabilizer_enabled": true, "tank_type": "Measurement"}	"GAME"	"120"	"production"	"6"	"UTC+06:30"	"AccusingHutch"	{}	{"job_argumentation": 5, "job_experimentation": 5, "job_modeling": 5, "job_name": "bayou-shrimp-tastrophe", "money": 2570, "region": "BayouStation", "scene_type": "ship", "science_level": 3, "science_points": 265, "site": "Experimentation", "task_list": [{"is_complete": false, "task_id": "createModel"}, {"is_complete": false, "task_id": "reportBack"}], "time_since_launch": 736.85}	143
"26080410371759583"	"AQUALAB"	"2026-08-04T04:19:35.891000+00:00"	"add_environment"	{"environment": "P_DeadZone", "server_time": "2026-08-03T23:19:35+00:00", "tank_type": ""}	"GAME"	"120"	"production"	"6"	"UTC+06:30"	"AccusingHutch"	{}	{"job_argumentation": 5, "job_experimentation": 5, "job_modeling": 5, "job_name": "bayou-shrimp-tastrophe", "money": 2570, "region": "BayouStation", "scene_type": "ship", "science_level": 3, "science_points": 265, "site": "Experimentation", "task_list": [{"is_complete": false, "task_id": "createModel"}, {"is_complete": false, "task_id": "reportBack"}], "time_since_launch": 740.14}	144
"26080410371759583"	"AQUALAB"	"2026-08-04T04:19:42.825000+00:00"	"add_critter"	{"critter": "Detritus", "environment": "P_DeadZone", "server_time": "2026-08-03T23:19:42+00:00", "tank_type": ""}	"GAME"	"120"	"production"	"6"	"UTC+06:30"	"AccusingHutch"	{}	{"job_argumentation": 5, "job_experimentation": 5, "job_modeling": 5, "job_name": "bayou-shrimp-tastrophe", "money": 2570, "region": "BayouStation", "scene_type": "ship", "science_level": 3, "science_points": 265, "site": "Experimentation", "task_list": [{"is_complete": false, "task_id": "createModel"}, {"is_complete": false, "task_id": "reportBack"}], "time_since_launch": 747.07}	145
"26080410371759583"	"AQUALAB"	"2026-08-04T04:19:52.798000+00:00"	"add_critter"	{"critter": "DecomposingBacteria", "environment": "P_DeadZone", "server_time": "2026-08-03T23:19:53+00:00", "tank_type": ""}	"GAME"	"120"	"production"	"6"	"UTC+06:30"	"AccusingHutch"	{}	{"job_argumentation": 5, "job_experimentation": 5, "job_modeling": 5, "job_name": "bayou-shrimp-tastrophe", "money": 2570, "region": "BayouStation", "scene_type": "ship", "science_level": 3, "science_points": 265, "site": "Experimentation", "task_list": [{"is_complete": false, "task_id": "createModel"}, {"is_complete": false, "task_id": "reportBack"}], "time_since_launch": 757.04}	146
"26080410371759583"	"AQUALAB"	"2026-08-04T04:19:57.415000+00:00"	"begin_experiment"	{"autofeeder_enabled": false, "critters": "Detritus,DecomposingBacteria", "environment": "P_DeadZone", "server_time": "2026-08-03T23:19:57+00:00", "stabilizer_enabled": true, "tank_type": "Measurement"}	"GAME"	"120"	"production"	"6"	"UTC+06:30"	"AccusingHutch"	{}	{"job_argumentation": 5, "job_experimentation": 5, "job_modeling": 5, "job_name": "bayou-shrimp-tastrophe", "money": 2570, "region": "BayouStation", "scene_type": "ship", "science_level": 3, "science_points": 265, "site": "Experimentation", "task_list": [{"is_complete": false, "task_id": "createModel"}, {"is_complete": false, "task_id": "reportBack"}], "time_since_launch": 761.66}	147
"26080410371759583"	"AQUALAB"	"2026-08-04T04:20:07.040000+00:00"	"upgrade_fact"	{"fact_entity": "DecomposingBacteria", "fact_id": "DecomposingBacteria.Eats.Detritus", "fact_rate": true, "fact_stressed": false, "fact_type": "Eat", "has_rate": true, "server_time": "2026-08-03T23:20:06+00:00"}	"GAME"	"120"	"production"	"6"	"UTC+06:30"	"AccusingHutch"	{}	{"job_argumentation": 5, "job_experimentation": 5, "job_modeling": 5, "job_name": "bayou-shrimp-tastrophe", "money": 2570, "region": "BayouStation", "scene_type": "ship", "science_level": 3, "science_points": 265, "site": "Experimentation", "task_list": [{"is_complete": false, "task_id": "createModel"}, {"is_complete": false, "task_id": "reportBack"}], "time_since_launch": 771.28}	148
"26080410371759583"	"AQUALAB"	"2026-08-04T04:20:11.024000+00:00"	"script_began"	{"node_id": "partner.talk.experiment.generic.measurement-tank.track-complete", "server_time": "2026-08-03T23:20:10+00:00"}	"GAME"	"120"	"production"	"6"	"UTC+06:30"	"AccusingHutch"	{}	{"job_argumentation": 5, "job_experimentation": 5, "job_modeling": 5, "job_name": "bayou-shrimp-tastrophe", "money": 2570, "region": "BayouStation", "scene_type": "ship", "science_level": 3, "science_points": 265, "site": "Experimentation", "task_list": [{"is_complete": false, "task_id": "createModel"}, {"is_complete": false, "task_id": "reportBack"}], "time_since_launch": 775.27}	149
"26080410371759583"	"AQUALAB"	"2026-08-04T04:20:11.025000+00:00"	"end_experiment"	{"autofeeder_enabled": false, "critters": "Detritus,DecomposingBacteria", "environment": "P_DeadZone", "server_time": "2026-08-03T23:20:10+00:00", "stabilizer_enabled": true, "tank_type": "Measurement"}	"GAME"	"120"	"production"	"6"	"UTC+06:30"	"AccusingHutch"	{}	{"job_argumentation": 5, "job_experimentation": 5, "job_modeling": 5, "job_name": "bayou-shrimp-tastrophe", "money": 2570, "region": "BayouStation", "scene_type": "ship", "science_level": 3, "science_points": 265, "site": "Experimentation", "task_list": [{"is_complete": false, "task_id": "createModel"}, {"is_complete": false, "task_id": "reportBack"}], "time_since_launch": 775.27}	150
"26080410371759583"	"AQUALAB"	"2026-08-04T04:20:15.061000+00:00"	"scene_changed"	{"scene_name": "ModelingFoyer", "server_time": "2026-08-03T23:20:14+00:00"}	"GAME"	"120"	"production"	"6"	"UTC+06:30"	"AccusingHutch"	{}	{"job_argumentation": 5, "job_experimentation": 5, "job_modeling": 5, "job_name": "bayou-shrimp-tastrophe", "money": 2570, "region": "BayouStation", "scene_type": "ship", "science_level": 3, "science_points": 265, "site": "Experimentation", "task_list": [{"is_complete": false, "task_id": "createModel"}, {"is_complete": false, "task_id": "reportBack"}], "time_since_launch": 775.27}	151
"26080410371759583"	"AQUALAB"	"2026-08-04T04:20:17.050000+00:00"	"begin_model"	{"server_time": "2026-08-03T23:20:16+00:00"}	"GAME"	"120"	"production"	"6"	"UTC+06:30"	"AccusingHutch"	{}	{"job_argumentation": 5, "job_experimentation": 5, "job_modeling": 5, "job_name": "bayou-shrimp-tastrophe", "money": 2570, "region": "BayouStation", "scene_type": "ship", "science_level": 3, "science_points": 265, "site": "ModelingFoyer", "task_list": [{"is_complete": false, "task_id": "createModel"}, {"is_complete": false, "task_id": "reportBack"}], "time_since_launch": 781.3}	152
"26080410371759583"	"AQUALAB"	"2026-08-04T04:20:19.812000+00:00"	"model_phase_changed"	{"phase": "Ecosystem", "server_time": "2026-08-03T23:20:19+00:00"}	"GAME"	"120"	"production"	"6"	"UTC+06:30"	"AccusingHutch"	{}	{"job_argumentation": 5, "job_experimentation": 5, "job_modeling": 5, "job_name": "bayou-shrimp-tastrophe", "money": 2570, "region": "BayouStation", "scene_type": "ship", "science_level": 3, "science_points": 265, "site": "ModelingFoyer", "task_list": [{"is_complete": false, "task_id": "createModel"}, {"is_complete": false, "task_id": "reportBack"}], "time_since_launch": 784.06}	153
"26080410371759583"	"AQUALAB"	"2026-08-04T04:20:19.814000+00:00"	"scene_changed"	{"scene_name": "Modeling", "server_time": "2026-08-03T23:20:19+00:00"}	"GAME"	"120"	"production"	"6"	"UTC+06:30"	"AccusingHutch"	{}	{"job_argumentation": 5, "job_experimentation": 5, "job_modeling": 5, "job_name": "bayou-shrimp-tastrophe", "money": 2570, "region": "BayouStation", "scene_type": "ship", "science_level": 3, "science_points": 265, "site": "ModelingFoyer", "task_list": [{"is_complete": false, "task_id": "createModel"}, {"is_complete": false, "task_id": "reportBack"}], "time_since_launch": 784.06}	154
"26080410371759583"	"AQUALAB"	"2026-08-04T04:20:22.116000+00:00"	"model_ecosystem_selected"	{"ecosystem": "P_DeadZone", "server_time": "2026-08-03T23:20:21+00:00"}	"GAME"	"120"	"production"	"6"	"UTC+06:30"	"AccusingHutch"	{}	{"job_argumentation": 5, "job_experimentation": 5, "job_modeling": 5, "job_name": "bayou-shrimp-tastrophe", "money": 2570, "region": "BayouStation", "scene_type": "ship", "science_level": 3, "science_points": 265, "site": "Modeling", "task_list": [{"is_complete": false, "task_id": "createModel"}, {"is_complete": false, "task_id": "reportBack"}], "time_since_launch": 786.36}	155
"26080410371759583"	"AQUALAB"	"2026-08-04T04:20:22.917000+00:00"	"model_phase_changed"	{"phase": "Concept", "server_time": "2026-08-03T23:20:22+00:00"}	"GAME"	"120"	"production"	"6"	"UTC+06:30"	"AccusingHutch"	{}	{"job_argumentation": 5, "job_experimentation": 5, "job_modeling": 5, "job_name": "bayou-shrimp-tastrophe", "money": 2570, "region": "BayouStation", "scene_type": "ship", "science_level": 3, "science_points": 265, "site": "Modeling", "task_list": [{"is_complete": false, "task_id": "createModel"}, {"is_complete": false, "task_id": "reportBack"}], "time_since_launch": 787.16}	156
"26080410371759583"	"AQUALAB"	"2026-08-04T04:20:22.922000+00:00"	"model_concept_started"	{"ecosystem": "P_DeadZone", "server_time": "2026-08-03T23:20:22+00:00"}	"GAME"	"120"	"production"	"6"	"UTC+06:30"	"AccusingHutch"	{}	{"job_argumentation": 5, "job_experimentation": 5, "job_modeling": 5, "job_name": "bayou-shrimp-tastrophe", "money": 2570, "region": "BayouStation", "scene_type": "ship", "science_level": 3, "science_points": 265, "site": "Modeling", "task_list": [{"is_complete": false, "task_id": "createModel"}, {"is_complete": false, "task_id": "reportBack"}], "time_since_launch": 787.17}	157
"26080410371759583"	"AQUALAB"	"2026-08-04T04:20:23.805000+00:00"	"model_phase_changed"	{"phase": "Sync", "server_time": "2026-08-03T23:20:23+00:00"}	"GAME"	"120"	"production"	"6"	"UTC+06:30"	"AccusingHutch"	{}	{"job_argumentation": 5, "job_experimentation": 5, "job_modeling": 5, "job_name": "bayou-shrimp-tastrophe", "money": 2570, "region": "BayouStation", "scene_type": "ship", "science_level": 3, "science_points": 265, "site": "Modeling", "task_list": [{"is_complete": false, "task_id": "createModel"}, {"is_complete": false, "task_id": "reportBack"}], "time_since_launch": 788.05}	158
"26080410371759583"	"AQUALAB"	"2026-08-04T04:20:23.825000+00:00"	"begin_simulation"	{"server_time": "2026-08-03T23:20:23+00:00"}	"GAME"	"120"	"production"	"6"	"UTC+06:30"	"AccusingHutch"	{}	{"job_argumentation": 5, "job_experimentation": 5, "job_modeling": 5, "job_name": "bayou-shrimp-tastrophe", "money": 2570, "region": "BayouStation", "scene_type": "ship", "science_level": 3, "science_points": 265, "site": "Modeling", "task_list": [{"is_complete": false, "task_id": "createModel"}, {"is_complete": false, "task_id": "reportBack"}], "time_since_launch": 788.07}	159
"26080410371759583"	"AQUALAB"	"2026-08-04T04:20:26.934000+00:00"	"complete_task"	{"server_time": "2026-08-03T23:20:26+00:00", "task_id": "createModel"}	"GAME"	"120"	"production"	"6"	"UTC+06:30"	"AccusingHutch"	{}	{"job_argumentation": 5, "job_experimentation": 5, "job_modeling": 5, "job_name": "bayou-shrimp-tastrophe", "money": 2570, "region": "BayouStation", "scene_type": "ship", "science_level": 3, "science_points": 265, "site": "Modeling", "task_list": [{"is_complete": false, "task_id": "createModel"}, {"is_complete": false, "task_id": "reportBack"}], "time_since_launch": 791.18}	160
"26080410371759583"	"AQUALAB"	"2026-08-04T04:20:26.935000+00:00"	"receive_fact"	{"fact_entity": "P_DeadZone", "fact_id": "P_DeadZone.Model.Shrimptastrophe.Sync", "fact_rate": false, "fact_stressed": false, "fact_type": "Model", "has_rate": false, "server_time": "2026-08-03T23:20:26+00:00"}	"GAME"	"120"	"production"	"6"	"UTC+06:30"	"AccusingHutch"	{}	{"job_argumentation": 5, "job_experimentation": 5, "job_modeling": 5, "job_name": "bayou-shrimp-tastrophe", "money": 2570, "region": "BayouStation", "scene_type": "ship", "science_level": 3, "science_points": 265, "site": "Modeling", "task_list": [{"is_complete": true, "task_id": "createModel"}, {"is_complete": false, "task_id": "reportBack"}], "time_since_launch": 791.18}	161
"26080410371759583"	"AQUALAB"	"2026-08-04T04:20:33.111000+00:00"	"script_began"	{"node_id": "modeling.generic.sync-model.saved", "server_time": "2026-08-03T23:20:33+00:00"}	"GAME"	"120"	"production"	"6"	"UTC+06:30"	"AccusingHutch"	{}	{"job_argumentation": 5, "job_experimentation": 5, "job_modeling": 5, "job_name": "bayou-shrimp-tastrophe", "money": 2570, "region": "BayouStation", "scene_type": "ship", "science_level": 3, "science_points": 265, "site": "Modeling", "task_list": [{"is_complete": true, "task_id": "createModel"}, {"is_complete": false, "task_id": "reportBack"}], "time_since_launch": 797.36}	162
"26080410371759583"	"AQUALAB"	"2026-08-04T04:20:33.113000+00:00"	"simulation_sync_achieved"	{"ecosystem": "P_DeadZone", "server_time": "2026-08-03T23:20:33+00:00", "sync": 100}	"GAME"	"120"	"production"	"6"	"UTC+06:30"	"AccusingHutch"	{}	{"job_argumentation": 5, "job_experimentation": 5, "job_modeling": 5, "job_name": "bayou-shrimp-tastrophe", "money": 2570, "region": "BayouStation", "scene_type": "ship", "science_level": 3, "science_points": 265, "site": "Modeling", "task_list": [{"is_complete": true, "task_id": "createModel"}, {"is_complete": false, "task_id": "reportBack"}], "time_since_launch": 797.36}	163
"26080410371759583"	"AQUALAB"	"2026-08-04T04:20:33.185000+00:00"	"script_began"	{"node_id": "job.bayou-shrimp-tastrophe.modelCompleted", "server_time": "2026-08-03T23:20:33+00:00"}	"GAME"	"120"	"production"	"6"	"UTC+06:30"	"AccusingHutch"	{}	{"job_argumentation": 5, "job_experimentation": 5, "job_modeling": 5, "job_name": "bayou-shrimp-tastrophe", "money": 2570, "region": "BayouStation", "scene_type": "ship", "science_level": 3, "science_points": 265, "site": "Modeling", "task_list": [{"is_complete": true, "task_id": "createModel"}, {"is_complete": false, "task_id": "reportBack"}], "time_since_launch": 797.43}	164
"26080410371759583"	"AQUALAB"	"2026-08-04T04:20:33.209000+00:00"	"script_line_displayed"	{"node_id": "job.bayou-shrimp-tastrophe.modelCompleted", "server_time": "2026-08-03T23:20:33+00:00", "speaker": "", "text_string": "What a model! Looks like there are a lot of overlapping spikes and dips in organism populations and environmental conditions."}	"GAME"	"120"	"production"	"6"	"UTC+06:30"	"AccusingHutch"	{}	{"job_argumentation": 5, "job_experimentation": 5, "job_modeling": 5, "job_name": "bayou-shrimp-tastrophe", "money": 2570, "region": "BayouStation", "scene_type": "ship", "science_level": 3, "science_points": 265, "site": "Modeling", "task_list": [{"is_complete": true, "task_id": "createModel"}, {"is_complete": false, "task_id": "reportBack"}], "time_since_launch": 797.46}	165
"26080410371759583"	"AQUALAB"	"2026-08-04T04:20:37.084000+00:00"	"script_line_displayed"	{"node_id": "job.bayou-shrimp-tastrophe.modelCompleted", "server_time": "2026-08-03T23:20:36+00:00", "speaker": "", "text_string": "When you think you understand it, head back to Silias."}	"GAME"	"120"	"production"	"6"	"UTC+06:30"	"AccusingHutch"	{}	{"job_argumentation": 5, "job_experimentation": 5, "job_modeling": 5, "job_name": "bayou-shrimp-tastrophe", "money": 2570, "region": "BayouStation", "scene_type": "ship", "science_level": 3, "science_points": 265, "site": "Modeling", "task_list": [{"is_complete": true, "task_id": "createModel"}, {"is_complete": false, "task_id": "reportBack"}], "time_since_launch": 801.33}	166
"26080410371759583"	"AQUALAB"	"2026-08-04T04:20:45.608000+00:00"	"model_end"	{"ecosystem": "P_DeadZone", "phase": "Sync", "server_time": "2026-08-03T23:20:45+00:00"}	"GAME"	"120"	"production"	"6"	"UTC+06:30"	"AccusingHutch"	{}	{"job_argumentation": 5, "job_experimentation": 5, "job_modeling": 5, "job_name": "bayou-shrimp-tastrophe", "money": 2570, "region": "BayouStation", "scene_type": "ship", "science_level": 3, "science_points": 265, "site": "Modeling", "task_list": [{"is_complete": true, "task_id": "createModel"}, {"is_complete": false, "task_id": "reportBack"}], "time_since_launch": 809.85}	167
"26080410371759583"	"AQUALAB"	"2026-08-04T04:20:46.811000+00:00"	"scene_changed"	{"scene_name": "ModelingFoyer", "server_time": "2026-08-03T23:20:46+00:00"}	"GAME"	"120"	"production"	"6"	"UTC+06:30"	"AccusingHutch"	{}	{"job_argumentation": 5, "job_experimentation": 5, "job_modeling": 5, "job_name": "bayou-shrimp-tastrophe", "money": 2570, "region": "BayouStation", "scene_type": "ship", "science_level": 3, "science_points": 265, "site": "Modeling", "task_list": [{"is_complete": true, "task_id": "createModel"}, {"is_complete": false, "task_id": "reportBack"}], "time_since_launch": 809.85}	168
"26080410371759583"	"AQUALAB"	"2026-08-04T04:20:52.830000+00:00"	"room_changed"	{"room_name": "Station", "server_time": "2026-08-03T23:20:53+00:00"}	"GAME"	"120"	"production"	"6"	"UTC+06:30"	"AccusingHutch"	{}	{"job_argumentation": 5, "job_experimentation": 5, "job_modeling": 5, "job_name": "bayou-shrimp-tastrophe", "money": 2570, "region": "BayouStation", "scene_type": "ship", "science_level": 3, "science_points": 265, "site": "ModelingFoyer", "task_list": [{"is_complete": true, "task_id": "createModel"}, {"is_complete": false, "task_id": "reportBack"}], "time_since_launch": 811.06}	169
"26080410371759583"	"AQUALAB"	"2026-08-04T04:20:52.832000+00:00"	"scene_changed"	{"scene_name": "RS-3O-StationInterior", "server_time": "2026-08-03T23:20:53+00:00"}	"GAME"	"120"	"production"	"6"	"UTC+06:30"	"AccusingHutch"	{}	{"job_argumentation": 5, "job_experimentation": 5, "job_modeling": 5, "job_name": "bayou-shrimp-tastrophe", "money": 2570, "region": "BayouStation", "scene_type": "ship", "science_level": 3, "science_points": 265, "site": "ModelingFoyer", "task_list": [{"is_complete": true, "task_id": "createModel"}, {"is_complete": false, "task_id": "reportBack"}], "time_since_launch": 817.08}	170
"26080410371759583"	"AQUALAB"	"2026-08-04T04:20:54.168000+00:00"	"room_changed"	{"room_name": "JobGiver", "server_time": "2026-08-03T23:20:54+00:00"}	"GAME"	"120"	"production"	"6"	"UTC+06:30"	"AccusingHutch"	{}	{"job_argumentation": 5, "job_experimentation": 5, "job_modeling": 5, "job_name": "bayou-shrimp-tastrophe", "money": 2570, "region": "BayouStation", "scene_type": "station-interior", "science_level": 3, "science_points": 265, "site": "RS-Bayou", "task_list": [{"is_complete": true, "task_id": "createModel"}, {"is_complete": false, "task_id": "reportBack"}], "time_since_launch": 817.08}	171
"26080410371759583"	"AQUALAB"	"2026-08-04T04:20:54.869000+00:00"	"script_began"	{"node_id": "interior.job.bayou_alt.jobGiver.hasJob.a", "server_time": "2026-08-03T23:20:55+00:00"}	"GAME"	"120"	"production"	"6"	"UTC+06:30"	"AccusingHutch"	{}	{"job_argumentation": 5, "job_experimentation": 5, "job_modeling": 5, "job_name": "bayou-shrimp-tastrophe", "money": 2570, "region": "BayouStation", "scene_type": "station-interior", "science_level": 3, "science_points": 265, "site": "RS-Bayou", "task_list": [{"is_complete": true, "task_id": "createModel"}, {"is_complete": false, "task_id": "reportBack"}], "time_since_launch": 819.11}	172
"26080410371759583"	"AQUALAB"	"2026-08-04T04:20:54.876000+00:00"	"script_line_displayed"	{"node_id": "interior.job.bayou_alt.jobGiver.hasJob.a", "server_time": "2026-08-03T23:20:55+00:00", "speaker": "", "text_string": "So, do you have anything to report for your current job?"}	"GAME"	"120"	"production"	"6"	"UTC+06:30"	"AccusingHutch"	{}	{"job_argumentation": 5, "job_experimentation": 5, "job_modeling": 5, "job_name": "bayou-shrimp-tastrophe", "money": 2570, "region": "BayouStation", "scene_type": "station-interior", "science_level": 3, "science_points": 265, "site": "RS-Bayou", "task_list": [{"is_complete": true, "task_id": "createModel"}, {"is_complete": false, "task_id": "reportBack"}], "time_since_launch": 819.12}	173
"26080410371759583"	"AQUALAB"	"2026-08-04T04:20:57.861000+00:00"	"script_began"	{"node_id": "job.bayou-shrimp-tastrophe.argue.intro", "server_time": "2026-08-03T23:20:57+00:00"}	"GAME"	"120"	"production"	"6"	"UTC+06:30"	"AccusingHutch"	{}	{"job_argumentation": 5, "job_experimentation": 5, "job_modeling": 5, "job_name": "bayou-shrimp-tastrophe", "money": 2570, "region": "BayouStation", "scene_type": "station-interior", "science_level": 3, "science_points": 265, "site": "RS-Bayou", "task_list": [{"is_complete": true, "task_id": "createModel"}, {"is_complete": false, "task_id": "reportBack"}], "time_since_launch": 822.11}	174
"26080410371759583"	"AQUALAB"	"2026-08-04T04:20:57.888000+00:00"	"script_line_displayed"	{"node_id": "job.bayou-shrimp-tastrophe.argue.intro", "server_time": "2026-08-03T23:20:57+00:00", "speaker": "", "text_string": "So what is it that happened in this area to create this \"Deadzone\"?"}	"GAME"	"120"	"production"	"6"	"UTC+06:30"	"AccusingHutch"	{}	{"job_argumentation": 5, "job_experimentation": 5, "job_modeling": 5, "job_name": "bayou-shrimp-tastrophe", "money": 2570, "region": "BayouStation", "scene_type": "station-interior", "science_level": 3, "science_points": 265, "site": "RS-Bayou", "task_list": [{"is_complete": true, "task_id": "createModel"}, {"is_complete": false, "task_id": "reportBack"}], "time_since_launch": 822.13}	175
"26080410371759583"	"AQUALAB"	"2026-08-04T04:21:04.823000+00:00"	"begin_argument"	{"server_time": "2026-08-03T23:21:04+00:00"}	"GAME"	"120"	"production"	"6"	"UTC+06:30"	"AccusingHutch"	{}	{"job_argumentation": 5, "job_experimentation": 5, "job_modeling": 5, "job_name": "bayou-shrimp-tastrophe", "money": 2570, "region": "BayouStation", "scene_type": "station-interior", "science_level": 3, "science_points": 265, "site": "RS-Bayou", "task_list": [{"is_complete": true, "task_id": "createModel"}, {"is_complete": false, "task_id": "reportBack"}], "time_since_launch": 829.07}	176
"26080410371759583"	"AQUALAB"	"2026-08-04T04:21:04.824000+00:00"	"script_line_displayed"	{"node_id": "job.bayou-shrimp-tastrophe.argue.light.loadCyano", "server_time": "2026-08-03T23:21:04+00:00", "speaker": "", "text_string": "Shrimp don't interact with light..."}	"GAME"	"120"	"production"	"6"	"UTC+06:30"	"AccusingHutch"	{}	{"job_argumentation": 5, "job_experimentation": 5, "job_modeling": 5, "job_name": "bayou-shrimp-tastrophe", "money": 2570, "region": "BayouStation", "scene_type": "station-interior", "science_level": 3, "science_points": 265, "site": "RS-Bayou", "task_list": [{"is_complete": true, "task_id": "createModel"}, {"is_complete": false, "task_id": "reportBack"}], "time_since_launch": 829.07}	177
"26080410371759583"	"AQUALAB"	"2026-08-04T04:21:06.333000+00:00"	"script_line_displayed"	{"node_id": "job.bayou-shrimp-tastrophe.argue.light.showCyano", "server_time": "2026-08-03T23:21:06+00:00", "speaker": "", "text_string": "What interacts with light that you think is at the bottom of this?"}	"GAME"	"120"	"production"	"6"	"UTC+06:30"	"AccusingHutch"	{}	{"job_argumentation": 5, "job_experimentation": 5, "job_modeling": 5, "job_name": "bayou-shrimp-tastrophe", "money": 2570, "region": "BayouStation", "scene_type": "station-interior", "science_level": 3, "science_points": 265, "site": "RS-Bayou", "task_list": [{"is_complete": true, "task_id": "createModel"}, {"is_complete": false, "task_id": "reportBack"}], "time_since_launch": 830.58}	178
"26080410371759583"	"AQUALAB"	"2026-08-04T04:21:09.220000+00:00"	"open_bestiary"	{"server_time": "2026-08-03T23:21:08+00:00"}	"GAME"	"120"	"production"	"6"	"UTC+06:30"	"AccusingHutch"	{}	{"job_argumentation": 5, "job_experimentation": 5, "job_modeling": 5, "job_name": "bayou-shrimp-tastrophe", "money": 2570, "region": "BayouStation", "scene_type": "station-interior", "science_level": 3, "science_points": 265, "site": "RS-Bayou", "task_list": [{"is_complete": true, "task_id": "createModel"}, {"is_complete": false, "task_id": "reportBack"}], "time_since_launch": 833.47}	179
"26080410371759583"	"AQUALAB"	"2026-08-04T04:21:09.221000+00:00"	"bestiary_open_species_tab"	{"server_time": "2026-08-03T23:21:08+00:00"}	"GAME"	"120"	"production"	"6"	"UTC+06:30"	"AccusingHutch"	{}	{"job_argumentation": 5, "job_experimentation": 5, "job_modeling": 5, "job_name": "bayou-shrimp-tastrophe", "money": 2570, "region": "BayouStation", "scene_type": "station-interior", "science_level": 3, "science_points": 265, "site": "RS-Bayou", "task_list": [{"is_complete": true, "task_id": "createModel"}, {"is_complete": false, "task_id": "reportBack"}], "time_since_launch": 833.47}	180
"26080410371759583"	"AQUALAB"	"2026-08-04T04:21:24.694000+00:00"	"bestiary_select_species"	{"server_time": "2026-08-03T23:21:25+00:00", "species_id": "FlapjackOcto"}	"GAME"	"120"	"production"	"6"	"UTC+06:30"	"AccusingHutch"	{}	{"job_argumentation": 5, "job_experimentation": 5, "job_modeling": 5, "job_name": "bayou-shrimp-tastrophe", "money": 2570, "region": "BayouStation", "scene_type": "station-interior", "science_level": 3, "science_points": 265, "site": "RS-Bayou", "task_list": [{"is_complete": true, "task_id": "createModel"}, {"is_complete": false, "task_id": "reportBack"}], "time_since_launch": 848.94}	181
"26080410371759583"	"AQUALAB"	"2026-08-04T04:21:29.286000+00:00"	"fact_submitted"	{"fact_id": "FlapjackOcto.Eats.GoassamerWorm", "server_time": "2026-08-03T23:21:28+00:00"}	"GAME"	"120"	"production"	"6"	"UTC+06:30"	"AccusingHutch"	{}	{"job_argumentation": 5, "job_experimentation": 5, "job_modeling": 5, "job_name": "bayou-shrimp-tastrophe", "money": 2570, "region": "BayouStation", "scene_type": "station-interior", "science_level": 3, "science_points": 265, "site": "RS-Bayou", "task_list": [{"is_complete": true, "task_id": "createModel"}, {"is_complete": false, "task_id": "reportBack"}], "time_since_launch": 853.53}	182
"26080410371759583"	"AQUALAB"	"2026-08-04T04:21:31.271000+00:00"	"bestiary_select_species"	{"server_time": "2026-08-03T23:21:30+00:00", "species_id": "DinnerJelly"}	"GAME"	"120"	"production"	"6"	"UTC+06:30"	"AccusingHutch"	{}	{"job_argumentation": 5, "job_experimentation": 5, "job_modeling": 5, "job_name": "bayou-shrimp-tastrophe", "money": 2570, "region": "BayouStation", "scene_type": "station-interior", "science_level": 3, "science_points": 265, "site": "RS-Bayou", "task_list": [{"is_complete": true, "task_id": "createModel"}, {"is_complete": false, "task_id": "reportBack"}], "time_since_launch": 855.52}	183
"26080410371759583"	"AQUALAB"	"2026-08-04T04:21:34.205000+00:00"	"bestiary_select_species"	{"server_time": "2026-08-03T23:21:33+00:00", "species_id": "AnglerFish"}	"GAME"	"120"	"production"	"6"	"UTC+06:30"	"AccusingHutch"	{}	{"job_argumentation": 5, "job_experimentation": 5, "job_modeling": 5, "job_name": "bayou-shrimp-tastrophe", "money": 2570, "region": "BayouStation", "scene_type": "station-interior", "science_level": 3, "science_points": 265, "site": "RS-Bayou", "task_list": [{"is_complete": true, "task_id": "createModel"}, {"is_complete": false, "task_id": "reportBack"}], "time_since_launch": 858.45}	184
"26080410371759583"	"AQUALAB"	"2026-08-04T04:21:35.685000+00:00"	"bestiary_select_species"	{"server_time": "2026-08-03T23:21:35+00:00", "species_id": "ZombieWorm"}	"GAME"	"120"	"production"	"6"	"UTC+06:30"	"AccusingHutch"	{}	{"job_argumentation": 5, "job_experimentation": 5, "job_modeling": 5, "job_name": "bayou-shrimp-tastrophe", "money": 2570, "region": "BayouStation", "scene_type": "station-interior", "science_level": 3, "science_points": 265, "site": "RS-Bayou", "task_list": [{"is_complete": true, "task_id": "createModel"}, {"is_complete": false, "task_id": "reportBack"}], "time_since_launch": 859.93}	185
"26080410371759583"	"AQUALAB"	"2026-08-04T04:21:37.239000+00:00"	"bestiary_select_species"	{"server_time": "2026-08-03T23:21:36+00:00", "species_id": "SnowCrab"}	"GAME"	"120"	"production"	"6"	"UTC+06:30"	"AccusingHutch"	{}	{"job_argumentation": 5, "job_experimentation": 5, "job_modeling": 5, "job_name": "bayou-shrimp-tastrophe", "money": 2570, "region": "BayouStation", "scene_type": "station-interior", "science_level": 3, "science_points": 265, "site": "RS-Bayou", "task_list": [{"is_complete": true, "task_id": "createModel"}, {"is_complete": false, "task_id": "reportBack"}], "time_since_launch": 861.48}	186
"26080410371759583"	"AQUALAB"	"2026-08-04T04:21:38.577000+00:00"	"bestiary_select_species"	{"server_time": "2026-08-03T23:21:38+00:00", "species_id": "Smelt"}	"GAME"	"120"	"production"	"6"	"UTC+06:30"	"AccusingHutch"	{}	{"job_argumentation": 5, "job_experimentation": 5, "job_modeling": 5, "job_name": "bayou-shrimp-tastrophe", "money": 2570, "region": "BayouStation", "scene_type": "station-interior", "science_level": 3, "science_points": 265, "site": "RS-Bayou", "task_list": [{"is_complete": true, "task_id": "createModel"}, {"is_complete": false, "task_id": "reportBack"}], "time_since_launch": 862.82}	187
"26080410371759583"	"AQUALAB"	"2026-08-04T04:21:39.381000+00:00"	"bestiary_select_species"	{"server_time": "2026-08-03T23:21:39+00:00", "species_id": "SeaAnemone"}	"GAME"	"120"	"production"	"6"	"UTC+06:30"	"AccusingHutch"	{}	{"job_argumentation": 5, "job_experimentation": 5, "job_modeling": 5, "job_name": "bayou-shrimp-tastrophe", "money": 2570, "region": "BayouStation", "scene_type": "station-interior", "science_level": 3, "science_points": 265, "site": "RS-Bayou", "task_list": [{"is_complete": true, "task_id": "createModel"}, {"is_complete": false, "task_id": "reportBack"}], "time_since_launch": 863.63}	188
"26080410371759583"	"AQUALAB"	"2026-08-04T04:21:41.519000+00:00"	"bestiary_select_species"	{"server_time": "2026-08-03T23:21:41+00:00", "species_id": "NorthernSeaNettle"}	"GAME"	"120"	"production"	"6"	"UTC+06:30"	"AccusingHutch"	{}	{"job_argumentation": 5, "job_experimentation": 5, "job_modeling": 5, "job_name": "bayou-shrimp-tastrophe", "money": 2570, "region": "BayouStation", "scene_type": "station-interior", "science_level": 3, "science_points": 265, "site": "RS-Bayou", "task_list": [{"is_complete": true, "task_id": "createModel"}, {"is_complete": false, "task_id": "reportBack"}], "time_since_launch": 865.77}	189
"26080410371759583"	"AQUALAB"	"2026-08-04T04:21:42.344000+00:00"	"bestiary_select_species"	{"server_time": "2026-08-03T23:21:42+00:00", "species_id": "IceAlgae"}	"GAME"	"120"	"production"	"6"	"UTC+06:30"	"AccusingHutch"	{}	{"job_argumentation": 5, "job_experimentation": 5, "job_modeling": 5, "job_name": "bayou-shrimp-tastrophe", "money": 2570, "region": "BayouStation", "scene_type": "station-interior", "science_level": 3, "science_points": 265, "site": "RS-Bayou", "task_list": [{"is_complete": true, "task_id": "createModel"}, {"is_complete": false, "task_id": "reportBack"}], "time_since_launch": 866.59}	190
"26080410371759583"	"AQUALAB"	"2026-08-04T04:21:44.281000+00:00"	"bestiary_select_species"	{"server_time": "2026-08-03T23:21:43+00:00", "species_id": "Clione"}	"GAME"	"120"	"production"	"6"	"UTC+06:30"	"AccusingHutch"	{}	{"job_argumentation": 5, "job_experimentation": 5, "job_modeling": 5, "job_name": "bayou-shrimp-tastrophe", "money": 2570, "region": "BayouStation", "scene_type": "station-interior", "science_level": 3, "science_points": 265, "site": "RS-Bayou", "task_list": [{"is_complete": true, "task_id": "createModel"}, {"is_complete": false, "task_id": "reportBack"}], "time_since_launch": 868.53}	191
"26080410371759583"	"AQUALAB"	"2026-08-04T04:21:46.410000+00:00"	"bestiary_select_species"	{"server_time": "2026-08-03T23:21:46+00:00", "species_id": "VentStar"}	"GAME"	"120"	"production"	"6"	"UTC+06:30"	"AccusingHutch"	{}	{"job_argumentation": 5, "job_experimentation": 5, "job_modeling": 5, "job_name": "bayou-shrimp-tastrophe", "money": 2570, "region": "BayouStation", "scene_type": "station-interior", "science_level": 3, "science_points": 265, "site": "RS-Bayou", "task_list": [{"is_complete": true, "task_id": "createModel"}, {"is_complete": false, "task_id": "reportBack"}], "time_since_launch": 870.66}	192
"26080410371759583"	"AQUALAB"	"2026-08-04T04:21:47.445000+00:00"	"close_bestiary"	{"server_time": "2026-08-03T23:21:47+00:00"}	"GAME"	"120"	"production"	"6"	"UTC+06:30"	"AccusingHutch"	{}	{"job_argumentation": 5, "job_experimentation": 5, "job_modeling": 5, "job_name": "bayou-shrimp-tastrophe", "money": 2570, "region": "BayouStation", "scene_type": "station-interior", "science_level": 3, "science_points": 265, "site": "RS-Bayou", "task_list": [{"is_complete": true, "task_id": "createModel"}, {"is_complete": false, "task_id": "reportBack"}], "time_since_launch": 871.69}	193
"26080410371759583"	"AQUALAB"	"2026-08-04T04:21:47.448000+00:00"	"open_bestiary"	{"server_time": "2026-08-03T23:21:47+00:00"}	"GAME"	"120"	"production"	"6"	"UTC+06:30"	"AccusingHutch"	{}	{"job_argumentation": 5, "job_experimentation": 5, "job_modeling": 5, "job_name": "bayou-shrimp-tastrophe", "money": 2570, "region": "BayouStation", "scene_type": "station-interior", "science_level": 3, "science_points": 265, "site": "RS-Bayou", "task_list": [{"is_complete": true, "task_id": "createModel"}, {"is_complete": false, "task_id": "reportBack"}], "time_since_launch": 871.69}	194
"26080410371759583"	"AQUALAB"	"2026-08-04T04:21:47.448000+00:00"	"bestiary_open_environments_tab"	{"server_time": "2026-08-03T23:21:47+00:00"}	"GAME"	"120"	"production"	"6"	"UTC+06:30"	"AccusingHutch"	{}	{"job_argumentation": 5, "job_experimentation": 5, "job_modeling": 5, "job_name": "bayou-shrimp-tastrophe", "money": 2570, "region": "BayouStation", "scene_type": "station-interior", "science_level": 3, "science_points": 265, "site": "RS-Bayou", "task_list": [{"is_complete": true, "task_id": "createModel"}, {"is_complete": false, "task_id": "reportBack"}], "time_since_launch": 871.69}	195
"26080410371759583"	"AQUALAB"	"2026-08-04T04:21:50.205000+00:00"	"bestiary_select_environment"	{"environment_id": "DeepDeepSea", "server_time": "2026-08-03T23:21:49+00:00"}	"GAME"	"120"	"production"	"6"	"UTC+06:30"	"AccusingHutch"	{}	{"job_argumentation": 5, "job_experimentation": 5, "job_modeling": 5, "job_name": "bayou-shrimp-tastrophe", "money": 2570, "region": "BayouStation", "scene_type": "station-interior", "science_level": 3, "science_points": 265, "site": "RS-Bayou", "task_list": [{"is_complete": true, "task_id": "createModel"}, {"is_complete": false, "task_id": "reportBack"}], "time_since_launch": 874.45}	196
"26080410371759583"	"AQUALAB"	"2026-08-04T04:22:05.244000+00:00"	"bestiary_select_environment"	{"environment_id": "O_OilRig", "server_time": "2026-08-03T23:22:06+00:00"}	"GAME"	"120"	"production"	"6"	"UTC+06:30"	"AccusingHutch"	{}	{"job_argumentation": 5, "job_experimentation": 5, "job_modeling": 5, "job_name": "bayou-shrimp-tastrophe", "money": 2570, "region": "BayouStation", "scene_type": "station-interior", "science_level": 3, "science_points": 265, "site": "RS-Bayou", "task_list": [{"is_complete": true, "task_id": "createModel"}, {"is_complete": false, "task_id": "reportBack"}], "time_since_launch": 889.49}	197
"26080410371759583"	"AQUALAB"	"2026-08-04T04:22:13.745000+00:00"	"close_bestiary"	{"server_time": "2026-08-03T23:22:13+00:00"}	"GAME"	"120"	"production"	"6"	"UTC+06:30"	"AccusingHutch"	{}	{"job_argumentation": 5, "job_experimentation": 5, "job_modeling": 5, "job_name": "bayou-shrimp-tastrophe", "money": 2570, "region": "BayouStation", "scene_type": "station-interior", "science_level": 3, "science_points": 265, "site": "RS-Bayou", "task_list": [{"is_complete": true, "task_id": "createModel"}, {"is_complete": false, "task_id": "reportBack"}], "time_since_launch": 897.99}	198
"26080410371759583"	"AQUALAB"	"2026-08-04T04:22:13.795000+00:00"	"fact_submitted"	{"fact_id": "O_OilRig.Population.Cyanobacteria", "server_time": "2026-08-03T23:22:13+00:00"}	"GAME"	"120"	"production"	"6"	"UTC+06:30"	"AccusingHutch"	{}	{"job_argumentation": 5, "job_experimentation": 5, "job_modeling": 5, "job_name": "bayou-shrimp-tastrophe", "money": 2570, "region": "BayouStation", "scene_type": "station-interior", "science_level": 3, "science_points": 265, "site": "RS-Bayou", "task_list": [{"is_complete": true, "task_id": "createModel"}, {"is_complete": false, "task_id": "reportBack"}], "time_since_launch": 898.04}	199
