session_id	app_id	timestamp	event_name	event_data	event_source	app_version	app_branch	log_version	offset	user_id	user_data	game_state	index
"26070108254632150"	"AQUALAB"	"2026-07-01T15:26:17.312000+00:00"	"load_error"	{"server_time": "2026-07-01T10:26:18+00:00", "url": "https://fieldday-web.wcer.wisc.edu/wsgi-bin/opengamedata.wsgi/player/generihint/game/AQUALAB/state"}	"GAME"	"120"	""	"6"	"UTC-07:00"	""	{}	{"job_name": "no-active-job", "money": 0, "region": "no-active-region", "scene_type": "menu", "science_level": 0, "science_points": 0, "site": "no-active-site", "time_since_launch": 30.82}	0
"26070208532747626"	"AQUALAB"	"2026-07-02T15:54:14.371000+00:00"	"load_error"	{"server_time": "2026-07-02T10:54:15+00:00", "url": "https://fieldday-web.wcer.wisc.edu/wsgi-bin/opengamedata.wsgi/player/furrybeanie/game/AQUALAB/state"}	"GAME"	"120"	""	"6"	"UTC-07:00"	""	{}	{"job_name": "no-active-job", "money": 0, "region": "no-active-region", "scene_type": "menu", "science_level": 0, "science_points": 0, "site": "no-active-site", "time_since_launch": 47.12}	0
"26070209043406517"	"AQUALAB"	"2026-07-02T16:06:02.397000+00:00"	"load_error"	{"server_time": "2026-07-02T11:06:03+00:00", "url": "https://fieldday-web.wcer.wisc.edu/wsgi-bin/opengamedata.wsgi/player/tinyurl/game/AQUALAB/state"}	"GAME"	"120"	""	"6"	"UTC-07:00"	""	{}	{"job_name": "no-active-job", "money": 0, "region": "no-active-region", "scene_type": "menu", "science_level": 0, "science_points": 0, "site": "no-active-site", "time_since_launch": 87.87}	0
"26070211111601290"	"AQUALAB"	"2026-07-02T05:41:53.143000+00:00"	"load_error"	{"server_time": "2026-07-02T00:41:56+00:00", "url": "https://fieldday-web.wcer.wisc.edu/wsgi-bin/opengamedata.wsgi/player/Player/game/AQUALAB/state"}	"GAME"	"120"	""	"6"	"UTC+05:30"	""	{}	{"job_name": "no-active-job", "money": 0, "region": "no-active-region", "scene_type": "menu", "science_level": 0, "science_points": 0, "site": "no-active-site", "time_since_launch": 36.94}	0
"26070211353918263"	"AQUALAB"	"2026-07-02T16:36:20.204000+00:00"	"load_error"	{"server_time": "2026-07-02T11:36:21+00:00", "url": "https://fieldday-web.wcer.wisc.edu/wsgi-bin/opengamedata.wsgi/player/376578/game/AQUALAB/state"}	"GAME"	"120"	""	"6"	"UTC-05:00"	""	{}	{"job_name": "no-active-job", "money": 0, "region": "no-active-region", "scene_type": "menu", "science_level": 0, "science_points": 0, "site": "no-active-site", "time_since_launch": 41.64}	0
"26070514104872869"	"AQUALAB"	"2026-07-05T21:11:23.136000+00:00"	"load_error"	{"server_time": "2026-07-05T16:11:24+00:00", "url": "https://fieldday-web.wcer.wisc.edu/wsgi-bin/opengamedata.wsgi/player/67/game/AQUALAB/state"}	"GAME"	"120"	""	"6"	"UTC-07:00"	""	{}	{"job_name": "no-active-job", "money": 0, "region": "no-active-region", "scene_type": "menu", "science_level": 0, "science_points": 0, "site": "no-active-site", "time_since_launch": 35.25}	0
"26070514104872869"	"AQUALAB"	"2026-07-05T21:11:44.116000+00:00"	"load_error"	{"server_time": "2026-07-05T16:11:45+00:00", "url": "https://fieldday-web.wcer.wisc.edu/wsgi-bin/opengamedata.wsgi/player/StinkyCat/game/AQUALAB/state"}	"GAME"	"120"	""	"6"	"UTC-07:00"	""	{}	{"job_name": "no-active-job", "money": 0, "region": "no-active-region", "scene_type": "menu", "science_level": 0, "science_points": 0, "site": "no-active-site", "time_since_launch": 56.23}	1
"26070514104872869"	"AQUALAB"	"2026-07-05T21:11:56.665000+00:00"	"load_error"	{"server_time": "2026-07-05T16:11:58+00:00", "url": "https://fieldday-web.wcer.wisc.edu/wsgi-bin/opengamedata.wsgi/player/StinkyRhino/game/AQUALAB/state"}	"GAME"	"120"	""	"6"	"UTC-07:00"	""	{}	{"job_name": "no-active-job", "money": 0, "region": "no-active-region", "scene_type": "menu", "science_level": 0, "science_points": 0, "site": "no-active-site", "time_since_launch": 68.78}	2
"26070607531169461"	"AQUALAB"	"2026-07-06T03:57:53.699000+00:00"	"select_language"	{"language": "SPANISH", "server_time": "2026-07-05T22:57:53+00:00"}	"GAME"	"120"	""	"6"	"UTC+04:00"	""	{}	{"job_name": "no-active-job", "money": 0, "region": "no-active-region", "scene_type": "menu", "science_level": 0, "science_points": 0, "site": "no-active-site", "time_since_launch": 283.62}	0
"26070607531169461"	"AQUALAB"	"2026-07-06T03:57:54.710000+00:00"	"select_language"	{"language": "ENGLISH", "server_time": "2026-07-05T22:57:53+00:00"}	"GAME"	"120"	""	"6"	"UTC+04:00"	""	{}	{"job_name": "no-active-job", "money": 0, "region": "no-active-region", "scene_type": "menu", "science_level": 0, "science_points": 0, "site": "no-active-site", "time_since_launch": 284.63}	1
"26070607531169461"	"AQUALAB"	"2026-07-06T03:57:55.961000+00:00"	"select_language"	{"language": "SPANISH", "server_time": "2026-07-05T22:57:54+00:00"}	"GAME"	"120"	""	"6"	"UTC+04:00"	""	{}	{"job_name": "no-active-job", "money": 0, "region": "no-active-region", "scene_type": "menu", "science_level": 0, "science_points": 0, "site": "no-active-site", "time_since_launch": 285.88}	2
"26070607531169461"	"AQUALAB"	"2026-07-06T03:57:57.429000+00:00"	"select_language"	{"language": "SPANISH", "server_time": "2026-07-05T22:57:56+00:00"}	"GAME"	"120"	""	"6"	"UTC+04:00"	""	{}	{"job_name": "no-active-job", "money": 0, "region": "no-active-region", "scene_type": "menu", "science_level": 0, "science_points": 0, "site": "no-active-site", "time_since_launch": 287.35}	3
"26070607531169461"	"AQUALAB"	"2026-07-06T03:57:58.481000+00:00"	"select_language"	{"language": "ENGLISH", "server_time": "2026-07-05T22:57:57+00:00"}	"GAME"	"120"	""	"6"	"UTC+04:00"	""	{}	{"job_name": "no-active-job", "money": 0, "region": "no-active-region", "scene_type": "menu", "science_level": 0, "science_points": 0, "site": "no-active-site", "time_since_launch": 288.4}	4
"26070607531169461"	"AQUALAB"	"2026-07-06T03:58:00.317000+00:00"	"select_language"	{"language": "SPANISH", "server_time": "2026-07-05T22:57:59+00:00"}	"GAME"	"120"	""	"6"	"UTC+04:00"	""	{}	{"job_name": "no-active-job", "money": 0, "region": "no-active-region", "scene_type": "menu", "science_level": 0, "science_points": 0, "site": "no-active-site", "time_since_launch": 290.24}	5
"26070607531169461"	"AQUALAB"	"2026-07-06T03:58:01.051000+00:00"	"select_language"	{"language": "ENGLISH", "server_time": "2026-07-05T22:58:00+00:00"}	"GAME"	"120"	""	"6"	"UTC+04:00"	""	{}	{"job_name": "no-active-job", "money": 0, "region": "no-active-region", "scene_type": "menu", "science_level": 0, "science_points": 0, "site": "no-active-site", "time_since_launch": 290.98}	6
"26070617451901193"	"AQUALAB"	"2026-07-06T21:46:36.910000+00:00"	"load_error"	{"server_time": "2026-07-06T16:46:37+00:00", "url": "https://fieldday-web.wcer.wisc.edu/wsgi-bin/opengamedata.wsgi/player/scarysorrow/game/AQUALAB/state"}	"GAME"	"120"	""	"6"	"UTC-04:00"	""	{}	{"job_name": "no-active-job", "money": 0, "region": "no-active-region", "scene_type": "menu", "science_level": 0, "science_points": 0, "site": "no-active-site", "time_since_launch": 77.96}	0
"26070808571261311"	"AQUALAB"	"2026-07-08T16:00:24.331000+00:00"	"select_language"	{"language": "SPANISH", "server_time": "2026-07-08T11:00:25+00:00"}	"GAME"	"120"	""	"6"	"UTC-07:00"	""	{}	{"job_name": "no-active-job", "money": 0, "region": "no-active-region", "scene_type": "menu", "science_level": 0, "science_points": 0, "site": "no-active-site", "time_since_launch": 192.6}	0
"26070808571261311"	"AQUALAB"	"2026-07-08T16:00:26.063000+00:00"	"select_language"	{"language": "ENGLISH", "server_time": "2026-07-08T11:00:26+00:00"}	"GAME"	"120"	""	"6"	"UTC-07:00"	""	{}	{"job_name": "no-active-job", "money": 0, "region": "no-active-region", "scene_type": "menu", "science_level": 0, "science_points": 0, "site": "no-active-site", "time_since_launch": 194.33}	1
"26070809433732792"	"AQUALAB"	"2026-07-08T02:50:45.009000+00:00"	"load_error"	{"server_time": "2026-07-07T21:50:48+00:00", "url": "https://fieldday-web.wcer.wisc.edu/wsgi-bin/opengamedata.wsgi/player/G/game/AQUALAB/state"}	"GAME"	"120"	""	"6"	"UTC+07:00"	""	{}	{"job_name": "no-active-job", "money": 0, "region": "no-active-region", "scene_type": "menu", "science_level": 0, "science_points": 0, "site": "no-active-site", "time_since_launch": 428.25}	0
"26071117394672358"	"AQUALAB"	"2026-07-11T12:14:40.631000+00:00"	"load_error"	{"server_time": "2026-07-11T07:14:42+00:00", "url": "https://fieldday-web.wcer.wisc.edu/wsgi-bin/opengamedata.wsgi/player/sporeviolin/game/AQUALAB/state"}	"GAME"	"120"	""	"6"	"UTC+05:30"	""	{}	{"job_name": "no-active-job", "money": 0, "region": "no-active-region", "scene_type": "menu", "science_level": 0, "science_points": 0, "site": "no-active-site", "time_since_launch": 295.7}	0
"26071117394672358"	"AQUALAB"	"2026-07-11T12:14:40.631000+00:00"	"load_error"	{"server_time": "2026-07-11T07:14:42+00:00", "url": "https://fieldday-web.wcer.wisc.edu/wsgi-bin/opengamedata.wsgi/player/sporeviolin/game/AQUALAB/state"}	"GAME"	"120"	""	"6"	"UTC+05:30"	""	{}	{"job_name": "no-active-job", "money": 0, "region": "no-active-region", "scene_type": "menu", "science_level": 0, "science_points": 0, "site": "no-active-site", "time_since_launch": 295.7}	0
"26071119541745202"	"AQUALAB"	"2026-07-11T11:55:06.205000+00:00"	"load_error"	{"server_time": "2026-07-11T06:55:09+00:00", "url": "https://fielddaylab.org/play/wake/ci/production/StreamingAssets/Textures/Title/WAKE_noEffects.png"}	"GAME"	"120"	""	"6"	"UTC+08:00"	""	{}	{"job_name": "no-active-job", "money": 0, "region": "no-active-region", "scene_type": "menu", "science_level": 0, "science_points": 0, "site": "no-active-site", "time_since_launch": 49.27}	0
"26071119541745202"	"AQUALAB"	"2026-07-11T11:55:06.205000+00:00"	"load_error"	{"server_time": "2026-07-11T06:55:09+00:00", "url": "https://fielddaylab.org/play/wake/ci/production/StreamingAssets/Textures/Title/WAKE_noEffects.png"}	"GAME"	"120"	""	"6"	"UTC+08:00"	""	{}	{"job_name": "no-active-job", "money": 0, "region": "no-active-region", "scene_type": "menu", "science_level": 0, "science_points": 0, "site": "no-active-site", "time_since_launch": 49.27}	0
"26071119541745202"	"AQUALAB"	"2026-07-11T11:55:06.206000+00:00"	"load_error"	{"server_time": "2026-07-11T06:55:09+00:00", "url": "https://fielddaylab.org/play/wake/ci/production/StreamingAssets/Textures/Title/FieldDaySmall.png"}	"GAME"	"120"	""	"6"	"UTC+08:00"	""	{}	{"job_name": "no-active-job", "money": 0, "region": "no-active-region", "scene_type": "menu", "science_level": 0, "science_points": 0, "site": "no-active-site", "time_since_launch": 49.27}	1
"26071119541745202"	"AQUALAB"	"2026-07-11T11:55:06.206000+00:00"	"load_error"	{"server_time": "2026-07-11T06:55:09+00:00", "url": "https://fielddaylab.org/play/wake/ci/production/StreamingAssets/Textures/Title/FieldDaySmall.png"}	"GAME"	"120"	""	"6"	"UTC+08:00"	""	{}	{"job_name": "no-active-job", "money": 0, "region": "no-active-region", "scene_type": "menu", "science_level": 0, "science_points": 0, "site": "no-active-site", "time_since_launch": 49.27}	1
"26071119541745202"	"AQUALAB"	"2026-07-11T11:55:06.206000+00:00"	"load_error"	{"server_time": "2026-07-11T06:55:09+00:00", "url": "https://fielddaylab.org/play/wake/ci/production/StreamingAssets/Textures/Title/nsf-logo-national-science-foundation-1.png"}	"GAME"	"120"	""	"6"	"UTC+08:00"	""	{}	{"job_name": "no-active-job", "money": 0, "region": "no-active-region", "scene_type": "menu", "science_level": 0, "science_points": 0, "site": "no-active-site", "time_since_launch": 49.27}	2
"26071119541745202"	"AQUALAB"	"2026-07-11T11:55:06.206000+00:00"	"load_error"	{"server_time": "2026-07-11T06:55:09+00:00", "url": "https://fielddaylab.org/play/wake/ci/production/StreamingAssets/Textures/Title/nsf-logo-national-science-foundation-1.png"}	"GAME"	"120"	""	"6"	"UTC+08:00"	""	{}	{"job_name": "no-active-job", "money": 0, "region": "no-active-region", "scene_type": "menu", "science_level": 0, "science_points": 0, "site": "no-active-site", "time_since_launch": 49.27}	2
"26071119541745202"	"AQUALAB"	"2026-07-11T11:55:17.204000+00:00"	"load_error"	{"server_time": "2026-07-11T06:55:20+00:00", "url": "https://fielddaylab.org/play/wake/ci/production/StreamingAssets/Textures/Title/FieldDaySmall.png"}	"GAME"	"120"	""	"6"	"UTC+08:00"	""	{}	{"job_name": "no-active-job", "money": 0, "region": "no-active-region", "scene_type": "menu", "science_level": 0, "science_points": 0, "site": "no-active-site", "time_since_launch": 60.27}	3
"26071119541745202"	"AQUALAB"	"2026-07-11T11:55:17.204000+00:00"	"load_error"	{"server_time": "2026-07-11T06:55:20+00:00", "url": "https://fielddaylab.org/play/wake/ci/production/StreamingAssets/Textures/Title/FieldDaySmall.png"}	"GAME"	"120"	""	"6"	"UTC+08:00"	""	{}	{"job_name": "no-active-job", "money": 0, "region": "no-active-region", "scene_type": "menu", "science_level": 0, "science_points": 0, "site": "no-active-site", "time_since_launch": 60.27}	3
"26071119541745202"	"AQUALAB"	"2026-07-11T11:55:17.204000+00:00"	"load_error"	{"server_time": "2026-07-11T06:55:20+00:00", "url": "https://fielddaylab.org/play/wake/ci/production/StreamingAssets/Textures/Title/WAKE_noEffects.png"}	"GAME"	"120"	""	"6"	"UTC+08:00"	""	{}	{"job_name": "no-active-job", "money": 0, "region": "no-active-region", "scene_type": "menu", "science_level": 0, "science_points": 0, "site": "no-active-site", "time_since_launch": 60.27}	4
"26071119541745202"	"AQUALAB"	"2026-07-11T11:55:17.204000+00:00"	"load_error"	{"server_time": "2026-07-11T06:55:20+00:00", "url": "https://fielddaylab.org/play/wake/ci/production/StreamingAssets/Textures/Title/WAKE_noEffects.png"}	"GAME"	"120"	""	"6"	"UTC+08:00"	""	{}	{"job_name": "no-active-job", "money": 0, "region": "no-active-region", "scene_type": "menu", "science_level": 0, "science_points": 0, "site": "no-active-site", "time_since_launch": 60.27}	4
"26071119541745202"	"AQUALAB"	"2026-07-11T11:55:17.205000+00:00"	"load_error"	{"server_time": "2026-07-11T06:55:20+00:00", "url": "https://fielddaylab.org/play/wake/ci/production/StreamingAssets/Textures/Title/nsf-logo-national-science-foundation-1.png"}	"GAME"	"120"	""	"6"	"UTC+08:00"	""	{}	{"job_name": "no-active-job", "money": 0, "region": "no-active-region", "scene_type": "menu", "science_level": 0, "science_points": 0, "site": "no-active-site", "time_since_launch": 60.27}	5
"26071119541745202"	"AQUALAB"	"2026-07-11T11:55:17.205000+00:00"	"load_error"	{"server_time": "2026-07-11T06:55:20+00:00", "url": "https://fielddaylab.org/play/wake/ci/production/StreamingAssets/Textures/Title/nsf-logo-national-science-foundation-1.png"}	"GAME"	"120"	""	"6"	"UTC+08:00"	""	{}	{"job_name": "no-active-job", "money": 0, "region": "no-active-region", "scene_type": "menu", "science_level": 0, "science_points": 0, "site": "no-active-site", "time_since_launch": 60.27}	5
"26071308534504354"	"AQUALAB"	"2026-07-13T15:57:19.636000+00:00"	"load_error"	{"server_time": "2026-07-13T10:57:20+00:00", "url": "https://fieldday-web.wcer.wisc.edu/wsgi-bin/opengamedata.wsgi/player/Fond,Spy/game/AQUALAB/state"}	"GAME"	"120"	""	"6"	"UTC-07:00"	""	{}	{"job_name": "no-active-job", "money": 0, "region": "no-active-region", "scene_type": "menu", "science_level": 0, "science_points": 0, "site": "no-active-site", "time_since_launch": 214.31}	0
"26071408524940279"	"AQUALAB"	"2026-07-14T15:54:52.949000+00:00"	"load_error"	{"server_time": "2026-07-14T10:54:53+00:00", "url": "https://fieldday-web.wcer.wisc.edu/wsgi-bin/opengamedata.wsgi/player/featherlybeanie/game/AQUALAB/state"}	"GAME"	"120"	""	"6"	"UTC-07:00"	""	{}	{"job_name": "no-active-job", "money": 0, "region": "no-active-region", "scene_type": "menu", "science_level": 0, "science_points": 0, "site": "no-active-site", "time_since_launch": 123.77}	0
"26071408524940279"	"AQUALAB"	"2026-07-14T15:55:09.348000+00:00"	"load_error"	{"server_time": "2026-07-14T10:55:09+00:00", "url": "https://fieldday-web.wcer.wisc.edu/wsgi-bin/opengamedata.wsgi/player/FeatherlyBeanie/game/AQUALAB/state"}	"GAME"	"120"	""	"6"	"UTC-07:00"	""	{}	{"job_name": "no-active-job", "money": 0, "region": "no-active-region", "scene_type": "menu", "science_level": 0, "science_points": 0, "site": "no-active-site", "time_since_launch": 140.17}	1
"26071408524940279"	"AQUALAB"	"2026-07-14T15:55:28.180000+00:00"	"load_error"	{"server_time": "2026-07-14T10:55:28+00:00", "url": "https://fieldday-web.wcer.wisc.edu/wsgi-bin/opengamedata.wsgi/player/FeatherBeanie/game/AQUALAB/state"}	"GAME"	"120"	""	"6"	"UTC-07:00"	""	{}	{"job_name": "no-active-job", "money": 0, "region": "no-active-region", "scene_type": "menu", "science_level": 0, "science_points": 0, "site": "no-active-site", "time_since_launch": 159}	2
"26071408524940279"	"AQUALAB"	"2026-07-14T15:57:04.613000+00:00"	"load_error"	{"server_time": "2026-07-14T10:57:05+00:00", "url": "https://fieldday-web.wcer.wisc.edu/wsgi-bin/opengamedata.wsgi/player/Featherlybeanie/game/AQUALAB/state"}	"GAME"	"120"	""	"6"	"UTC-07:00"	""	{}	{"job_name": "no-active-job", "money": 0, "region": "no-active-region", "scene_type": "menu", "science_level": 0, "science_points": 0, "site": "no-active-site", "time_since_launch": 255.43}	3
"26071408524940279"	"AQUALAB"	"2026-07-14T16:04:56.689000+00:00"	"load_error"	{"server_time": "2026-07-14T11:04:57+00:00", "url": "https://fieldday-web.wcer.wisc.edu/wsgi-bin/opengamedata.wsgi/player/FurryBeanie/game/AQUALAB/state"}	"GAME"	"120"	""	"6"	"UTC-07:00"	""	{}	{"job_name": "no-active-job", "money": 0, "region": "no-active-region", "scene_type": "menu", "science_level": 0, "science_points": 0, "site": "no-active-site", "time_since_launch": 727.49}	4
"26071409263126238"	"AQUALAB"	"2026-07-14T17:13:24.140000+00:00"	"load_error"	{"server_time": "2026-07-14T12:13:26+00:00", "url": "https://fieldday-web.wcer.wisc.edu/wsgi-bin/opengamedata.wsgi/player/%20Clankingclub/game/AQUALAB/state"}	"GAME"	"120"	""	"6"	"UTC-07:00"	""	{}	{"job_name": "no-active-job", "money": 0, "region": "no-active-region", "scene_type": "menu", "science_level": 0, "science_points": 0, "site": "no-active-site", "time_since_launch": 2813.46}	0
"26071409263126238"	"AQUALAB"	"2026-07-14T17:13:33.872000+00:00"	"load_error"	{"server_time": "2026-07-14T12:13:36+00:00", "url": "https://fieldday-web.wcer.wisc.edu/wsgi-bin/opengamedata.wsgi/player/%20Clankingclank/game/AQUALAB/state"}	"GAME"	"120"	""	"6"	"UTC-07:00"	""	{}	{"job_name": "no-active-job", "money": 0, "region": "no-active-region", "scene_type": "menu", "science_level": 0, "science_points": 0, "site": "no-active-site", "time_since_launch": 2823.2}	1
"26071409263126238"	"AQUALAB"	"2026-07-14T17:13:47.638000+00:00"	"load_error"	{"server_time": "2026-07-14T12:13:50+00:00", "url": "https://fieldday-web.wcer.wisc.edu/wsgi-bin/opengamedata.wsgi/player/%20Clankingcank/game/AQUALAB/state"}	"GAME"	"120"	""	"6"	"UTC-07:00"	""	{}	{"job_name": "no-active-job", "money": 0, "region": "no-active-region", "scene_type": "menu", "science_level": 0, "science_points": 0, "site": "no-active-site", "time_since_launch": 2836.96}	2
"26071409263126238"	"AQUALAB"	"2026-07-14T17:21:15.137000+00:00"	"load_error"	{"server_time": "2026-07-14T12:21:17+00:00", "url": "https://fieldday-web.wcer.wisc.edu/wsgi-bin/opengamedata.wsgi/player/clankingcank/game/AQUALAB/state"}	"GAME"	"120"	""	"6"	"UTC-07:00"	""	{}	{"job_name": "no-active-job", "money": 0, "region": "no-active-region", "scene_type": "menu", "science_level": 0, "science_points": 0, "site": "no-active-site", "time_since_launch": 3284.46}	3
"26071409263126238"	"AQUALAB"	"2026-07-14T17:55:27.514000+00:00"	"load_error"	{"server_time": "2026-07-14T12:55:30+00:00", "url": "https://fieldday-web.wcer.wisc.edu/wsgi-bin/opengamedata.wsgi/player/clankingclub/game/AQUALAB/state"}	"GAME"	"120"	""	"6"	"UTC-07:00"	""	{}	{"job_name": "no-active-job", "money": 0, "region": "no-active-region", "scene_type": "menu", "science_level": 0, "science_points": 0, "site": "no-active-site", "time_since_launch": 5336.84}	4
"26071409263126238"	"AQUALAB"	"2026-07-14T17:57:46.908000+00:00"	"load_error"	{"server_time": "2026-07-14T12:57:49+00:00", "url": "https://fieldday-web.wcer.wisc.edu/wsgi-bin/opengamedata.wsgi/player/ClankingClub/game/AQUALAB/state"}	"GAME"	"120"	""	"6"	"UTC-07:00"	""	{}	{"job_name": "no-active-job", "money": 0, "region": "no-active-region", "scene_type": "menu", "science_level": 0, "science_points": 0, "site": "no-active-site", "time_since_launch": 5476.23}	5
"26071409263126238"	"AQUALAB"	"2026-07-14T17:58:00.158000+00:00"	"load_error"	{"server_time": "2026-07-14T12:58:02+00:00", "url": "https://fieldday-web.wcer.wisc.edu/wsgi-bin/opengamedata.wsgi/player/ClankingCluk/game/AQUALAB/state"}	"GAME"	"120"	""	"6"	"UTC-07:00"	""	{}	{"job_name": "no-active-job", "money": 0, "region": "no-active-region", "scene_type": "menu", "science_level": 0, "science_points": 0, "site": "no-active-site", "time_since_launch": 5489.48}	6
"26071411032962229"	"AQUALAB"	"2026-07-14T04:34:35.326000+00:00"	"select_language"	{"language": "SPANISH", "server_time": "2026-07-13T23:34:36+00:00"}	"GAME"	"120"	""	"6"	"UTC+06:30"	""	{}	{"job_name": "no-active-job", "money": 0, "region": "no-active-region", "scene_type": "menu", "science_level": 0, "science_points": 0, "site": "no-active-site", "time_since_launch": 68.17}	0
"26071411032962229"	"AQUALAB"	"2026-07-14T04:34:37.413000+00:00"	"select_language"	{"language": "ENGLISH", "server_time": "2026-07-13T23:34:37+00:00"}	"GAME"	"120"	""	"6"	"UTC+06:30"	""	{}	{"job_name": "no-active-job", "money": 0, "region": "no-active-region", "scene_type": "menu", "science_level": 0, "science_points": 0, "site": "no-active-site", "time_since_launch": 70.26}	1
"26071411032962229"	"AQUALAB"	"2026-07-14T04:34:42.503000+00:00"	"select_language"	{"language": "SPANISH", "server_time": "2026-07-13T23:34:43+00:00"}	"GAME"	"120"	""	"6"	"UTC+06:30"	""	{}	{"job_name": "no-active-job", "money": 0, "region": "no-active-region", "scene_type": "menu", "science_level": 0, "science_points": 0, "site": "no-active-site", "time_since_launch": 75.35}	2
"26071411032962229"	"AQUALAB"	"2026-07-14T04:34:45.400000+00:00"	"select_language"	{"language": "ENGLISH", "server_time": "2026-07-13T23:34:45+00:00"}	"GAME"	"120"	""	"6"	"UTC+06:30"	""	{}	{"job_name": "no-active-job", "money": 0, "region": "no-active-region", "scene_type": "menu", "science_level": 0, "science_points": 0, "site": "no-active-site", "time_since_launch": 78.24}	3
"26071411032962229"	"AQUALAB"	"2026-07-14T04:35:13.024000+00:00"	"select_language"	{"language": "SPANISH", "server_time": "2026-07-13T23:35:13+00:00"}	"GAME"	"120"	""	"6"	"UTC+06:30"	""	{}	{"job_name": "no-active-job", "money": 0, "region": "no-active-region", "scene_type": "menu", "science_level": 0, "science_points": 0, "site": "no-active-site", "time_since_launch": 105.87}	4
"26071411032962229"	"AQUALAB"	"2026-07-14T04:35:14.468000+00:00"	"select_language"	{"language": "ENGLISH", "server_time": "2026-07-13T23:35:14+00:00"}	"GAME"	"120"	""	"6"	"UTC+06:30"	""	{}	{"job_name": "no-active-job", "money": 0, "region": "no-active-region", "scene_type": "menu", "science_level": 0, "science_points": 0, "site": "no-active-site", "time_since_launch": 107.31}	5
"26071411040671551"	"AQUALAB"	"2026-07-14T04:34:42.068000+00:00"	"select_language"	{"language": "SPANISH", "server_time": "2026-07-13T23:34:42+00:00"}	"GAME"	"120"	""	"6"	"UTC+06:30"	""	{}	{"job_name": "no-active-job", "money": 0, "region": "no-active-region", "scene_type": "menu", "science_level": 0, "science_points": 0, "site": "no-active-site", "time_since_launch": 38.33}	0
"26071411040671551"	"AQUALAB"	"2026-07-14T04:34:47.836000+00:00"	"select_language"	{"language": "ENGLISH", "server_time": "2026-07-13T23:34:48+00:00"}	"GAME"	"120"	""	"6"	"UTC+06:30"	""	{}	{"job_name": "no-active-job", "money": 0, "region": "no-active-region", "scene_type": "menu", "science_level": 0, "science_points": 0, "site": "no-active-site", "time_since_launch": 44.1}	1
"26071411040671551"	"AQUALAB"	"2026-07-14T04:34:52.075000+00:00"	"select_language"	{"language": "SPANISH", "server_time": "2026-07-13T23:34:52+00:00"}	"GAME"	"120"	""	"6"	"UTC+06:30"	""	{}	{"job_name": "no-active-job", "money": 0, "region": "no-active-region", "scene_type": "menu", "science_level": 0, "science_points": 0, "site": "no-active-site", "time_since_launch": 48.34}	2
"26071411040671551"	"AQUALAB"	"2026-07-14T04:35:04.257000+00:00"	"select_language"	{"language": "ENGLISH", "server_time": "2026-07-13T23:35:04+00:00"}	"GAME"	"120"	""	"6"	"UTC+06:30"	""	{}	{"job_name": "no-active-job", "money": 0, "region": "no-active-region", "scene_type": "menu", "science_level": 0, "science_points": 0, "site": "no-active-site", "time_since_launch": 60.52}	3
"26071608584448684"	"AQUALAB"	"2026-07-16T07:59:54.866000+00:00"	"select_language"	{"language": "SPANISH", "server_time": "2026-07-16T02:59:55+00:00"}	"GAME"	"120"	""	"6"	"UTC+01:00"	""	{}	{"job_name": "no-active-job", "money": 0, "region": "no-active-region", "scene_type": "menu", "science_level": 0, "science_points": 0, "site": "no-active-site", "time_since_launch": 70.72}	0
"26071608584448684"	"AQUALAB"	"2026-07-16T07:59:59.666000+00:00"	"select_language"	{"language": "ENGLISH", "server_time": "2026-07-16T02:59:59+00:00"}	"GAME"	"120"	""	"6"	"UTC+01:00"	""	{}	{"job_name": "no-active-job", "money": 0, "region": "no-active-region", "scene_type": "menu", "science_level": 0, "science_points": 0, "site": "no-active-site", "time_since_launch": 75.52}	1
"26071609015410132"	"AQUALAB"	"2026-07-16T08:02:48.618000+00:00"	"load_error"	{"server_time": "2026-07-16T03:02:49+00:00", "url": "https://fieldday-web.wcer.wisc.edu/wsgi-bin/opengamedata.wsgi/player/=lucy/game/AQUALAB/state"}	"GAME"	"120"	""	"6"	"UTC+01:00"	""	{}	{"job_name": "no-active-job", "money": 0, "region": "no-active-region", "scene_type": "menu", "science_level": 0, "science_points": 0, "site": "no-active-site", "time_since_launch": 54.63}	0
"26071609063785984"	"AQUALAB"	"2026-07-16T08:06:56.141000+00:00"	"select_language"	{"language": "SPANISH", "server_time": "2026-07-16T03:06:56+00:00"}	"GAME"	"120"	""	"6"	"UTC+01:00"	""	{}	{"job_name": "no-active-job", "money": 0, "region": "no-active-region", "scene_type": "menu", "science_level": 0, "science_points": 0, "site": "no-active-site", "time_since_launch": 19.39}	0
"26071609090595873"	"AQUALAB"	"2026-07-16T16:09:55.308000+00:00"	"load_error"	{"server_time": "2026-07-16T11:09:55+00:00", "url": "https://fieldday-web.wcer.wisc.edu/wsgi-bin/opengamedata.wsgi/player/FlippaMeet/game/AQUALAB/state"}	"GAME"	"120"	""	"6"	"UTC-07:00"	""	{}	{"job_name": "no-active-job", "money": 0, "region": "no-active-region", "scene_type": "menu", "science_level": 0, "science_points": 0, "site": "no-active-site", "time_since_launch": 49.72}	0
"26071609250095535"	"AQUALAB"	"2026-07-16T08:25:17.301000+00:00"	"select_language"	{"language": "ENGLISH", "server_time": "2026-07-16T03:25:17+00:00"}	"GAME"	"120"	""	"6"	"UTC+01:00"	""	{}	{"job_name": "no-active-job", "money": 0, "region": "no-active-region", "scene_type": "menu", "science_level": 0, "science_points": 0, "site": "no-active-site", "time_since_launch": 17.18}	0
"26071609250095535"	"AQUALAB"	"2026-07-16T08:25:20.465000+00:00"	"select_language"	{"language": "ENGLISH", "server_time": "2026-07-16T03:25:20+00:00"}	"GAME"	"120"	""	"6"	"UTC+01:00"	""	{}	{"job_name": "no-active-job", "money": 0, "region": "no-active-region", "scene_type": "menu", "science_level": 0, "science_points": 0, "site": "no-active-site", "time_since_launch": 20.35}	1
"26071609250095535"	"AQUALAB"	"2026-07-16T08:25:20.716000+00:00"	"select_language"	{"language": "ENGLISH", "server_time": "2026-07-16T03:25:20+00:00"}	"GAME"	"120"	""	"6"	"UTC+01:00"	""	{}	{"job_name": "no-active-job", "money": 0, "region": "no-active-region", "scene_type": "menu", "science_level": 0, "science_points": 0, "site": "no-active-site", "time_since_launch": 20.6}	2
"26071612314001281"	"AQUALAB"	"2026-07-16T11:32:02.769000+00:00"	"load_error"	{"server_time": "2026-07-16T06:32:03+00:00", "url": "https://fieldday-web.wcer.wisc.edu/wsgi-bin/opengamedata.wsgi/player/AlertBang/game/AQUALAB/state"}	"GAME"	"120"	""	"6"	"UTC+01:00"	""	{}	{"job_name": "no-active-job", "money": 0, "region": "no-active-region", "scene_type": "menu", "science_level": 0, "science_points": 0, "site": "no-active-site", "time_since_launch": 22.69}	0
"26071612314001281"	"AQUALAB"	"2026-07-16T11:32:15.385000+00:00"	"load_error"	{"server_time": "2026-07-16T06:32:15+00:00", "url": "https://fieldday-web.wcer.wisc.edu/wsgi-bin/opengamedata.wsgi/player/AlertBung/game/AQUALAB/state"}	"GAME"	"120"	""	"6"	"UTC+01:00"	""	{}	{"job_name": "no-active-job", "money": 0, "region": "no-active-region", "scene_type": "menu", "science_level": 0, "science_points": 0, "site": "no-active-site", "time_since_launch": 35.3}	1
"26071613332039300"	"AQUALAB"	"2026-07-16T12:33:29.618000+00:00"	"load_error"	{"server_time": "2026-07-16T07:33:29+00:00", "url": "https://fielddaylab.org/play/wake/ci/production/StreamingAssets/Textures/Title/WAKE_noEffects.png"}	"GAME"	"120"	""	"6"	"UTC+01:00"	""	{}	{"job_name": "no-active-job", "money": 0, "region": "no-active-region", "scene_type": "menu", "science_level": 0, "science_points": 0, "site": "no-active-site", "time_since_launch": 10.66}	0
"26071613332039300"	"AQUALAB"	"2026-07-16T12:33:38.651000+00:00"	"load_error"	{"server_time": "2026-07-16T07:33:38+00:00", "url": "https://fielddaylab.org/play/wake/ci/production/StreamingAssets/Textures/Title/WAKE_noEffects.png"}	"GAME"	"120"	""	"6"	"UTC+01:00"	""	{}	{"job_name": "no-active-job", "money": 0, "region": "no-active-region", "scene_type": "menu", "science_level": 0, "science_points": 0, "site": "no-active-site", "time_since_launch": 19.7}	1
"26071710021462472"	"AQUALAB"	"2026-07-17T17:03:27.574000+00:00"	"load_error"	{"server_time": "2026-07-17T12:03:28+00:00", "url": "https://fieldday-web.wcer.wisc.edu/wsgi-bin/opengamedata.wsgi/player/BlentBeet/game/AQUALAB/state"}	"GAME"	"120"	""	"6"	"UTC-07:00"	""	{}	{"job_name": "no-active-job", "money": 0, "region": "no-active-region", "scene_type": "menu", "science_level": 0, "science_points": 0, "site": "no-active-site", "time_since_launch": 73.42}	0
"26071713495271388"	"AQUALAB"	"2026-07-18T15:51:32.698000+00:00"	"load_error"	{"server_time": "2026-07-18T10:51:34+00:00", "url": "https://fielddaylab.org/play/wake/ci/production/StreamingAssets/Textures/Title/WAKE_noEffects.png"}	"GAME"	"120"	""	"6"	"UTC-07:00"	""	{}	{"job_name": "no-active-job", "money": 0, "region": "no-active-region", "scene_type": "menu", "science_level": 0, "science_points": 0, "site": "no-active-site", "time_since_launch": 19.04}	0
"26071713495271388"	"AQUALAB"	"2026-07-18T15:51:32.700000+00:00"	"load_error"	{"server_time": "2026-07-18T10:51:34+00:00", "url": "https://fielddaylab.org/play/wake/ci/production/StreamingAssets/Textures/Title/FieldDaySmall.png"}	"GAME"	"120"	""	"6"	"UTC-07:00"	""	{}	{"job_name": "no-active-job", "money": 0, "region": "no-active-region", "scene_type": "menu", "science_level": 0, "science_points": 0, "site": "no-active-site", "time_since_launch": 19.04}	1
"26071713495271388"	"AQUALAB"	"2026-07-18T15:51:32.701000+00:00"	"load_error"	{"server_time": "2026-07-18T10:51:34+00:00", "url": "https://fielddaylab.org/play/wake/ci/production/StreamingAssets/Textures/Title/nsf-logo-national-science-foundation-1.png"}	"GAME"	"120"	""	"6"	"UTC-07:00"	""	{}	{"job_name": "no-active-job", "money": 0, "region": "no-active-region", "scene_type": "menu", "science_level": 0, "science_points": 0, "site": "no-active-site", "time_since_launch": 19.04}	2
"26071911130251699"	"AQUALAB"	"2026-07-19T18:13:39.110000+00:00"	"select_language"	{"language": "SPANISH", "server_time": "2026-07-19T13:13:40+00:00"}	"GAME"	"120"	""	"6"	"UTC-07:00"	""	{}	{"job_name": "no-active-job", "money": 0, "region": "no-active-region", "scene_type": "menu", "science_level": 0, "science_points": 0, "site": "no-active-site", "time_since_launch": 37.48}	0
"26071911130251699"	"AQUALAB"	"2026-07-19T18:13:44.733000+00:00"	"select_language"	{"language": "ENGLISH", "server_time": "2026-07-19T13:13:46+00:00"}	"GAME"	"120"	""	"6"	"UTC-07:00"	""	{}	{"job_name": "no-active-job", "money": 0, "region": "no-active-region", "scene_type": "menu", "science_level": 0, "science_points": 0, "site": "no-active-site", "time_since_launch": 43.1}	1
"26071911130251699"	"AQUALAB"	"2026-07-19T18:13:46.565000+00:00"	"select_language"	{"language": "SPANISH", "server_time": "2026-07-19T13:13:47+00:00"}	"GAME"	"120"	""	"6"	"UTC-07:00"	""	{}	{"job_name": "no-active-job", "money": 0, "region": "no-active-region", "scene_type": "menu", "science_level": 0, "science_points": 0, "site": "no-active-site", "time_since_launch": 44.94}	2
"26071911130251699"	"AQUALAB"	"2026-07-19T18:13:49.462000+00:00"	"select_language"	{"language": "ENGLISH", "server_time": "2026-07-19T13:13:50+00:00"}	"GAME"	"120"	""	"6"	"UTC-07:00"	""	{}	{"job_name": "no-active-job", "money": 0, "region": "no-active-region", "scene_type": "menu", "science_level": 0, "science_points": 0, "site": "no-active-site", "time_since_launch": 47.83}	3
"26071911130251699"	"AQUALAB"	"2026-07-19T18:13:55.890000+00:00"	"select_language"	{"language": "ENGLISH", "server_time": "2026-07-19T13:13:57+00:00"}	"GAME"	"120"	""	"6"	"UTC-07:00"	""	{}	{"job_name": "no-active-job", "money": 0, "region": "no-active-region", "scene_type": "menu", "science_level": 0, "science_points": 0, "site": "no-active-site", "time_since_launch": 54.26}	4
"26071911130251699"	"AQUALAB"	"2026-07-19T18:14:01.118000+00:00"	"select_language"	{"language": "ENGLISH", "server_time": "2026-07-19T13:14:02+00:00"}	"GAME"	"120"	""	"6"	"UTC-07:00"	""	{}	{"job_name": "no-active-job", "money": 0, "region": "no-active-region", "scene_type": "menu", "science_level": 0, "science_points": 0, "site": "no-active-site", "time_since_launch": 59.49}	5
"26071911130251699"	"AQUALAB"	"2026-07-19T18:14:02.050000+00:00"	"select_language"	{"language": "ENGLISH", "server_time": "2026-07-19T13:14:03+00:00"}	"GAME"	"120"	""	"6"	"UTC-07:00"	""	{}	{"job_name": "no-active-job", "money": 0, "region": "no-active-region", "scene_type": "menu", "science_level": 0, "science_points": 0, "site": "no-active-site", "time_since_launch": 60.42}	6
"26071911130251699"	"AQUALAB"	"2026-07-19T18:14:02.382000+00:00"	"select_language"	{"language": "ENGLISH", "server_time": "2026-07-19T13:14:03+00:00"}	"GAME"	"120"	""	"6"	"UTC-07:00"	""	{}	{"job_name": "no-active-job", "money": 0, "region": "no-active-region", "scene_type": "menu", "science_level": 0, "science_points": 0, "site": "no-active-site", "time_since_launch": 60.75}	7
"26071911130251699"	"AQUALAB"	"2026-07-19T18:14:02.583000+00:00"	"select_language"	{"language": "ENGLISH", "server_time": "2026-07-19T13:14:03+00:00"}	"GAME"	"120"	""	"6"	"UTC-07:00"	""	{}	{"job_name": "no-active-job", "money": 0, "region": "no-active-region", "scene_type": "menu", "science_level": 0, "science_points": 0, "site": "no-active-site", "time_since_launch": 60.95}	8
"26071911130251699"	"AQUALAB"	"2026-07-19T18:14:02.816000+00:00"	"select_language"	{"language": "ENGLISH", "server_time": "2026-07-19T13:14:03+00:00"}	"GAME"	"120"	""	"6"	"UTC-07:00"	""	{}	{"job_name": "no-active-job", "money": 0, "region": "no-active-region", "scene_type": "menu", "science_level": 0, "science_points": 0, "site": "no-active-site", "time_since_launch": 61.19}	9
"26072011134691948"	"AQUALAB"	"2026-07-20T04:44:25.284000+00:00"	"select_language"	{"language": "SPANISH", "server_time": "2026-07-19T23:44:26+00:00"}	"GAME"	"120"	""	"6"	"UTC+06:30"	""	{}	{"job_name": "no-active-job", "money": 0, "region": "no-active-region", "scene_type": "menu", "science_level": 0, "science_points": 0, "site": "no-active-site", "time_since_launch": 43.21}	0
"26072011134691948"	"AQUALAB"	"2026-07-20T04:44:32.925000+00:00"	"select_language"	{"language": "ENGLISH", "server_time": "2026-07-19T23:44:33+00:00"}	"GAME"	"120"	""	"6"	"UTC+06:30"	""	{}	{"job_name": "no-active-job", "money": 0, "region": "no-active-region", "scene_type": "menu", "science_level": 0, "science_points": 0, "site": "no-active-site", "time_since_launch": 50.85}	1
"26072011134691948"	"AQUALAB"	"2026-07-20T04:44:34.670000+00:00"	"select_language"	{"language": "SPANISH", "server_time": "2026-07-19T23:44:35+00:00"}	"GAME"	"120"	""	"6"	"UTC+06:30"	""	{}	{"job_name": "no-active-job", "money": 0, "region": "no-active-region", "scene_type": "menu", "science_level": 0, "science_points": 0, "site": "no-active-site", "time_since_launch": 52.6}	2
"26072011134691948"	"AQUALAB"	"2026-07-20T04:44:35.352000+00:00"	"select_language"	{"language": "ENGLISH", "server_time": "2026-07-19T23:44:35+00:00"}	"GAME"	"120"	""	"6"	"UTC+06:30"	""	{}	{"job_name": "no-active-job", "money": 0, "region": "no-active-region", "scene_type": "menu", "science_level": 0, "science_points": 0, "site": "no-active-site", "time_since_launch": 53.28}	3
"26072011163716437"	"AQUALAB"	"2026-07-20T04:47:05.711000+00:00"	"select_language"	{"language": "SPANISH", "server_time": "2026-07-19T23:47:06+00:00"}	"GAME"	"120"	""	"6"	"UTC+06:30"	""	{}	{"job_name": "no-active-job", "money": 0, "region": "no-active-region", "scene_type": "menu", "science_level": 0, "science_points": 0, "site": "no-active-site", "time_since_launch": 29.36}	0
"26072011163716437"	"AQUALAB"	"2026-07-20T04:47:06.661000+00:00"	"select_language"	{"language": "ENGLISH", "server_time": "2026-07-19T23:47:06+00:00"}	"GAME"	"120"	""	"6"	"UTC+06:30"	""	{}	{"job_name": "no-active-job", "money": 0, "region": "no-active-region", "scene_type": "menu", "science_level": 0, "science_points": 0, "site": "no-active-site", "time_since_launch": 30.31}	1
"26072011182637155"	"AQUALAB"	"2026-07-20T04:48:46.081000+00:00"	"select_language"	{"language": "SPANISH", "server_time": "2026-07-19T23:48:46+00:00"}	"GAME"	"120"	""	"6"	"UTC+06:30"	""	{}	{"job_name": "no-active-job", "money": 0, "region": "no-active-region", "scene_type": "menu", "science_level": 0, "science_points": 0, "site": "no-active-site", "time_since_launch": 21.42}	0
"26072011182637155"	"AQUALAB"	"2026-07-20T04:48:47.924000+00:00"	"select_language"	{"language": "ENGLISH", "server_time": "2026-07-19T23:48:48+00:00"}	"GAME"	"120"	""	"6"	"UTC+06:30"	""	{}	{"job_name": "no-active-job", "money": 0, "region": "no-active-region", "scene_type": "menu", "science_level": 0, "science_points": 0, "site": "no-active-site", "time_since_launch": 23.27}	1
"26072013274206028"	"AQUALAB"	"2026-07-20T06:58:14.280000+00:00"	"load_error"	{"server_time": "2026-07-20T01:58:34+00:00", "url": "https://fieldday-web.wcer.wisc.edu/wsgi-bin/opengamedata.wsgi/player/QualityReport/game/AQUALAB/state"}	"GAME"	"120"	""	"6"	"UTC+06:30"	""	{}	{"job_name": "no-active-job", "money": 0, "region": "no-active-region", "scene_type": "menu", "science_level": 0, "science_points": 0, "site": "no-active-site", "time_since_launch": 33.73}	0
"26072013364733880"	"AQUALAB"	"2026-07-20T07:08:21.406000+00:00"	"select_language"	{"language": "SPANISH", "server_time": "2026-07-20T02:08:22+00:00"}	"GAME"	"120"	""	"6"	"UTC+06:30"	""	{}	{"job_name": "no-active-job", "money": 0, "region": "no-active-region", "scene_type": "menu", "science_level": 0, "science_points": 0, "site": "no-active-site", "time_since_launch": 95.42}	0
"26072013364733880"	"AQUALAB"	"2026-07-20T07:08:24.169000+00:00"	"select_language"	{"language": "ENGLISH", "server_time": "2026-07-20T02:08:24+00:00"}	"GAME"	"120"	""	"6"	"UTC+06:30"	""	{}	{"job_name": "no-active-job", "money": 0, "region": "no-active-region", "scene_type": "menu", "science_level": 0, "science_points": 0, "site": "no-active-site", "time_since_launch": 98.18}	1
"26072013364733880"	"AQUALAB"	"2026-07-20T07:08:25.287000+00:00"	"select_language"	{"language": "SPANISH", "server_time": "2026-07-20T02:08:25+00:00"}	"GAME"	"120"	""	"6"	"UTC+06:30"	""	{}	{"job_name": "no-active-job", "money": 0, "region": "no-active-region", "scene_type": "menu", "science_level": 0, "science_points": 0, "site": "no-active-site", "time_since_launch": 99.3}	2
"26072013364733880"	"AQUALAB"	"2026-07-20T07:08:26.081000+00:00"	"select_language"	{"language": "ENGLISH", "server_time": "2026-07-20T02:08:26+00:00"}	"GAME"	"120"	""	"6"	"UTC+06:30"	""	{}	{"job_name": "no-active-job", "money": 0, "region": "no-active-region", "scene_type": "menu", "science_level": 0, "science_points": 0, "site": "no-active-site", "time_since_launch": 100.09}	3
"26072013364733880"	"AQUALAB"	"2026-07-20T07:08:26.628000+00:00"	"select_language"	{"language": "SPANISH", "server_time": "2026-07-20T02:08:26+00:00"}	"GAME"	"120"	""	"6"	"UTC+06:30"	""	{}	{"job_name": "no-active-job", "money": 0, "region": "no-active-region", "scene_type": "menu", "science_level": 0, "science_points": 0, "site": "no-active-site", "time_since_launch": 100.64}	4
"26072013364733880"	"AQUALAB"	"2026-07-20T07:08:27.156000+00:00"	"select_language"	{"language": "ENGLISH", "server_time": "2026-07-20T02:08:27+00:00"}	"GAME"	"120"	""	"6"	"UTC+06:30"	""	{}	{"job_name": "no-active-job", "money": 0, "region": "no-active-region", "scene_type": "menu", "science_level": 0, "science_points": 0, "site": "no-active-site", "time_since_launch": 101.17}	5
"26072013364733880"	"AQUALAB"	"2026-07-20T07:08:27.692000+00:00"	"select_language"	{"language": "SPANISH", "server_time": "2026-07-20T02:08:28+00:00"}	"GAME"	"120"	""	"6"	"UTC+06:30"	""	{}	{"job_name": "no-active-job", "money": 0, "region": "no-active-region", "scene_type": "menu", "science_level": 0, "science_points": 0, "site": "no-active-site", "time_since_launch": 101.7}	6
"26072013364733880"	"AQUALAB"	"2026-07-20T07:08:28.335000+00:00"	"select_language"	{"language": "ENGLISH", "server_time": "2026-07-20T02:08:28+00:00"}	"GAME"	"120"	""	"6"	"UTC+06:30"	""	{}	{"job_name": "no-active-job", "money": 0, "region": "no-active-region", "scene_type": "menu", "science_level": 0, "science_points": 0, "site": "no-active-site", "time_since_launch": 102.34}	7
"26072013364733880"	"AQUALAB"	"2026-07-20T07:08:30.817000+00:00"	"select_language"	{"language": "SPANISH", "server_time": "2026-07-20T02:08:31+00:00"}	"GAME"	"120"	""	"6"	"UTC+06:30"	""	{}	{"job_name": "no-active-job", "money": 0, "region": "no-active-region", "scene_type": "menu", "science_level": 0, "science_points": 0, "site": "no-active-site", "time_since_launch": 104.83}	8
"26072013364733880"	"AQUALAB"	"2026-07-20T07:08:32.193000+00:00"	"select_language"	{"language": "ENGLISH", "server_time": "2026-07-20T02:08:32+00:00"}	"GAME"	"120"	""	"6"	"UTC+06:30"	""	{}	{"job_name": "no-active-job", "money": 0, "region": "no-active-region", "scene_type": "menu", "science_level": 0, "science_points": 0, "site": "no-active-site", "time_since_launch": 106.2}	9
"26072013364733880"	"AQUALAB"	"2026-07-20T07:08:33.257000+00:00"	"select_language"	{"language": "SPANISH", "server_time": "2026-07-20T02:08:33+00:00"}	"GAME"	"120"	""	"6"	"UTC+06:30"	""	{}	{"job_name": "no-active-job", "money": 0, "region": "no-active-region", "scene_type": "menu", "science_level": 0, "science_points": 0, "site": "no-active-site", "time_since_launch": 107.27}	10
"26072013364733880"	"AQUALAB"	"2026-07-20T07:08:34.787000+00:00"	"select_language"	{"language": "ENGLISH", "server_time": "2026-07-20T02:08:35+00:00"}	"GAME"	"120"	""	"6"	"UTC+06:30"	""	{}	{"job_name": "no-active-job", "money": 0, "region": "no-active-region", "scene_type": "menu", "science_level": 0, "science_points": 0, "site": "no-active-site", "time_since_launch": 108.8}	11
"26072013364733880"	"AQUALAB"	"2026-07-20T07:08:37.812000+00:00"	"select_language"	{"language": "SPANISH", "server_time": "2026-07-20T02:08:38+00:00"}	"GAME"	"120"	""	"6"	"UTC+06:30"	""	{}	{"job_name": "no-active-job", "money": 0, "region": "no-active-region", "scene_type": "menu", "science_level": 0, "science_points": 0, "site": "no-active-site", "time_since_launch": 111.82}	12
"26072013364733880"	"AQUALAB"	"2026-07-20T07:08:39.277000+00:00"	"select_language"	{"language": "ENGLISH", "server_time": "2026-07-20T02:08:39+00:00"}	"GAME"	"120"	""	"6"	"UTC+06:30"	""	{}	{"job_name": "no-active-job", "money": 0, "region": "no-active-region", "scene_type": "menu", "science_level": 0, "science_points": 0, "site": "no-active-site", "time_since_launch": 113.29}	13
"26072013364733880"	"AQUALAB"	"2026-07-20T07:08:39.824000+00:00"	"select_language"	{"language": "SPANISH", "server_time": "2026-07-20T02:08:40+00:00"}	"GAME"	"120"	""	"6"	"UTC+06:30"	""	{}	{"job_name": "no-active-job", "money": 0, "region": "no-active-region", "scene_type": "menu", "science_level": 0, "science_points": 0, "site": "no-active-site", "time_since_launch": 113.83}	14
"26072013364733880"	"AQUALAB"	"2026-07-20T07:08:41.080000+00:00"	"select_language"	{"language": "ENGLISH", "server_time": "2026-07-20T02:08:41+00:00"}	"GAME"	"120"	""	"6"	"UTC+06:30"	""	{}	{"job_name": "no-active-job", "money": 0, "region": "no-active-region", "scene_type": "menu", "science_level": 0, "science_points": 0, "site": "no-active-site", "time_since_launch": 115.09}	15
"26072016403771258"	"AQUALAB"	"2026-07-20T21:41:36.537000+00:00"	"load_error"	{"server_time": "2026-07-20T16:41:36+00:00", "url": "https://fieldday-web.wcer.wisc.edu/wsgi-bin/opengamedata.wsgi/player/Maebh/game/AQUALAB/state"}	"GAME"	"120"	""	"6"	"UTC-05:00"	""	{}	{"job_name": "no-active-job", "money": 0, "region": "no-active-region", "scene_type": "menu", "science_level": 0, "science_points": 0, "site": "no-active-site", "time_since_launch": 59.68}	0
"26072022063227681"	"AQUALAB"	"2026-07-21T02:07:07.433000+00:00"	"select_language"	{"language": "SPANISH", "server_time": "2026-07-20T21:07:08+00:00"}	"GAME"	"120"	""	"6"	"UTC-04:00"	""	{}	{"job_name": "no-active-job", "money": 0, "region": "no-active-region", "scene_type": "menu", "science_level": 0, "science_points": 0, "site": "no-active-site", "time_since_launch": 35.25}	0
"26072209153952260"	"AQUALAB"	"2026-07-22T02:46:09.061000+00:00"	"select_language"	{"language": "SPANISH", "server_time": "2026-07-21T21:46:12+00:00"}	"GAME"	"120"	""	"6"	"UTC+06:30"	""	{}	{"job_name": "no-active-job", "money": 0, "region": "no-active-region", "scene_type": "menu", "science_level": 0, "science_points": 0, "site": "no-active-site", "time_since_launch": 31.07}	0
"26072209153952260"	"AQUALAB"	"2026-07-22T02:46:12.642000+00:00"	"select_language"	{"language": "ENGLISH", "server_time": "2026-07-21T21:46:15+00:00"}	"GAME"	"120"	""	"6"	"UTC+06:30"	""	{}	{"job_name": "no-active-job", "money": 0, "region": "no-active-region", "scene_type": "menu", "science_level": 0, "science_points": 0, "site": "no-active-site", "time_since_launch": 34.65}	1
"26072222402031800"	"AQUALAB"	"2026-07-23T03:40:54.613000+00:00"	"load_error"	{"server_time": "2026-07-22T22:40:55+00:00", "url": "https://fieldday-web.wcer.wisc.edu/wsgi-bin/opengamedata.wsgi/player/heelo/game/AQUALAB/state"}	"GAME"	"120"	""	"6"	"UTC-05:00"	""	{}	{"job_name": "no-active-job", "money": 0, "region": "no-active-region", "scene_type": "menu", "science_level": 0, "science_points": 0, "site": "no-active-site", "time_since_launch": 35.18}	0
"26072222402031800"	"AQUALAB"	"2026-07-23T03:41:03.126000+00:00"	"load_error"	{"server_time": "2026-07-22T22:41:03+00:00", "url": "https://fieldday-web.wcer.wisc.edu/wsgi-bin/opengamedata.wsgi/player/heelo/game/AQUALAB/state"}	"GAME"	"120"	""	"6"	"UTC-05:00"	""	{}	{"job_name": "no-active-job", "money": 0, "region": "no-active-region", "scene_type": "menu", "science_level": 0, "science_points": 0, "site": "no-active-site", "time_since_launch": 43.69}	1
"26072313053634428"	"AQUALAB"	"2026-07-23T20:06:09.087000+00:00"	"select_language"	{"language": "SPANISH", "server_time": "2026-07-23T15:06:09+00:00"}	"GAME"	"120"	""	"6"	"UTC-07:00"	""	{}	{"job_name": "no-active-job", "money": 0, "region": "no-active-region", "scene_type": "menu", "science_level": 0, "science_points": 0, "site": "no-active-site", "time_since_launch": 32.95}	0
"26072313053634428"	"AQUALAB"	"2026-07-23T20:06:13.455000+00:00"	"select_language"	{"language": "ENGLISH", "server_time": "2026-07-23T15:06:13+00:00"}	"GAME"	"120"	""	"6"	"UTC-07:00"	""	{}	{"job_name": "no-active-job", "money": 0, "region": "no-active-region", "scene_type": "menu", "science_level": 0, "science_points": 0, "site": "no-active-site", "time_since_launch": 37.32}	1
"26072313053634428"	"AQUALAB"	"2026-07-23T20:06:15.631000+00:00"	"select_language"	{"language": "SPANISH", "server_time": "2026-07-23T15:06:15+00:00"}	"GAME"	"120"	""	"6"	"UTC-07:00"	""	{}	{"job_name": "no-active-job", "money": 0, "region": "no-active-region", "scene_type": "menu", "science_level": 0, "science_points": 0, "site": "no-active-site", "time_since_launch": 39.49}	2
"26072313053634428"	"AQUALAB"	"2026-07-23T20:06:25.146000+00:00"	"select_language"	{"language": "ENGLISH", "server_time": "2026-07-23T15:06:25+00:00"}	"GAME"	"120"	""	"6"	"UTC-07:00"	""	{}	{"job_name": "no-active-job", "money": 0, "region": "no-active-region", "scene_type": "menu", "science_level": 0, "science_points": 0, "site": "no-active-site", "time_since_launch": 49.01}	3
"26072418455886116"	"AQUALAB"	"2026-07-24T16:47:02.025000+00:00"	"load_error"	{"server_time": "2026-07-24T11:45:47+00:00", "url": "https://fieldday-web.wcer.wisc.edu/wsgi-bin/opengamedata.wsgi/player/%20124/game/AQUALAB/state"}	"GAME"	"120"	""	"6"	"UTC+02:00"	""	{}	{"job_name": "no-active-job", "money": 0, "region": "no-active-region", "scene_type": "menu", "science_level": 0, "science_points": 0, "site": "no-active-site", "time_since_launch": 64.57}	0
"26072418455886116"	"AQUALAB"	"2026-07-24T16:47:16.825000+00:00"	"load_error"	{"server_time": "2026-07-24T11:46:01+00:00", "url": "https://fieldday-web.wcer.wisc.edu/wsgi-bin/opengamedata.wsgi/player/443123121/game/AQUALAB/state"}	"GAME"	"120"	""	"6"	"UTC+02:00"	""	{}	{"job_name": "no-active-job", "money": 0, "region": "no-active-region", "scene_type": "menu", "science_level": 0, "science_points": 0, "site": "no-active-site", "time_since_launch": 79.37}	1
"26072811385095026"	"AQUALAB"	"2026-07-28T05:09:22.183000+00:00"	"load_error"	{"server_time": "2026-07-28T00:12:28+00:00", "url": "https://fieldday-web.wcer.wisc.edu/wsgi-bin/opengamedata.wsgi/player/"}	"GAME"	"120"	""	"6"	"UTC+06:30"	""	{}	{"job_name": "no-active-job", "money": 0, "region": "no-active-region", "scene_type": "menu", "science_level": 0, "science_points": 0, "site": "no-active-site", "time_since_launch": 33.52}	0
"26072811385095026"	"AQUALAB"	"2026-07-28T05:09:33.296000+00:00"	"load_error"	{"server_time": "2026-07-28T00:12:28+00:00", "url": "https://fieldday-web.wcer.wisc.edu/wsgi-bin/opengamedata.wsgi/player/"}	"GAME"	"120"	""	"6"	"UTC+06:30"	""	{}	{"job_name": "no-active-job", "money": 0, "region": "no-active-region", "scene_type": "menu", "science_level": 0, "science_points": 0, "site": "no-active-site", "time_since_launch": 44.63}	1
"26072814150178756"	"AQUALAB"	"2026-07-28T12:15:30.807000+00:00"	"select_language"	{"language": "SPANISH", "server_time": "2026-07-28T07:15:30+00:00"}	"GAME"	"120"	""	"6"	"UTC+02:00"	""	{}	{"job_name": "no-active-job", "money": 0, "region": "no-active-region", "scene_type": "menu", "science_level": 0, "science_points": 0, "site": "no-active-site", "time_since_launch": 29.98}	0
"26072814150178756"	"AQUALAB"	"2026-07-28T12:15:36.439000+00:00"	"select_language"	{"language": "ENGLISH", "server_time": "2026-07-28T07:15:36+00:00"}	"GAME"	"120"	""	"6"	"UTC+02:00"	""	{}	{"job_name": "no-active-job", "money": 0, "region": "no-active-region", "scene_type": "menu", "science_level": 0, "science_points": 0, "site": "no-active-site", "time_since_launch": 35.61}	1
"26072814150178756"	"AQUALAB"	"2026-07-28T12:15:39.923000+00:00"	"select_language"	{"language": "SPANISH", "server_time": "2026-07-28T07:15:39+00:00"}	"GAME"	"120"	""	"6"	"UTC+02:00"	""	{}	{"job_name": "no-active-job", "money": 0, "region": "no-active-region", "scene_type": "menu", "science_level": 0, "science_points": 0, "site": "no-active-site", "time_since_launch": 39.09}	2
"26073008352138586"	"AQUALAB"	"2026-07-30T13:36:24.104000+00:00"	"load_error"	{"server_time": "2026-07-30T08:40:17+00:00", "url": "https://fieldday-web.wcer.wisc.edu/wsgi-bin/opengamedata.wsgi/player/FirstTan/game/AQUALAB/state"}	"GAME"	"120"	""	"6"	"UTC-05:00"	""	{}	{"job_name": "no-active-job", "money": 0, "region": "no-active-region", "scene_type": "menu", "science_level": 0, "science_points": 0, "site": "no-active-site", "time_since_launch": 63.65}	0
"26073113433217389"	"AQUALAB"	"2026-07-31T19:44:20.855000+00:00"	"load_error"	{"server_time": "2026-07-31T14:44:22+00:00", "url": "https://fieldday-web.wcer.wisc.edu/wsgi-bin/opengamedata.wsgi/player/GnarlyEagle/game/AQUALAB/state"}	"GAME"	"120"	""	"6"	"UTC-06:00"	""	{}	{"job_name": "no-active-job", "money": 0, "region": "no-active-region", "scene_type": "menu", "science_level": 0, "science_points": 0, "site": "no-active-site", "time_since_launch": 48.71}	0
"26073122392414059"	"AQUALAB"	"2026-08-01T01:40:29.615000+00:00"	"select_language"	{"language": "SPANISH", "server_time": "2026-07-31T20:40:30+00:00"}	"GAME"	"120"	""	"6"	"UTC-03:00"	""	{}	{"job_name": "no-active-job", "money": 0, "region": "no-active-region", "scene_type": "menu", "science_level": 0, "science_points": 0, "site": "no-active-site", "time_since_launch": 67.04}	0
"26071119541745202"	"AQUALAB"	"2026-07-11T11:56:49.380000+00:00"	"scene_changed"	{"scene_name": "RS-4Y", "server_time": "2026-07-11T06:56:51+00:00"}	"GAME"	"120"	"production"	"6"	"UTC+08:00"	"AbleHobbit"	{}	{"job_name": "no-active-job", "money": 0, "region": "no-active-region", "scene_type": "menu", "science_level": 0, "science_points": 0, "site": "no-active-site", "time_since_launch": 101.34}	6
"26071119541745202"	"AQUALAB"	"2026-07-11T11:56:49.380000+00:00"	"scene_changed"	{"scene_name": "RS-4Y", "server_time": "2026-07-11T06:56:51+00:00"}	"GAME"	"120"	"production"	"6"	"UTC+08:00"	"AbleHobbit"	{}	{"job_name": "no-active-job", "money": 0, "region": "no-active-region", "scene_type": "menu", "science_level": 0, "science_points": 0, "site": "no-active-site", "time_since_launch": 101.34}	6
"26071119541745202"	"AQUALAB"	"2026-07-11T11:56:49.381000+00:00"	"switch_job"	{"prev_job_name": "arctic-seal-habitats", "server_time": "2026-07-11T06:56:51+00:00"}	"GAME"	"120"	"production"	"6"	"UTC+08:00"	"AbleHobbit"	{}	{"job_argumentation": 2, "job_experimentation": 0, "job_modeling": 0, "job_name": "arctic-seal-habitats", "money": 1730, "region": "ArcticStation", "scene_type": "dive-site", "science_level": 3, "science_points": 210, "site": "RS-4Y", "task_list": [{"is_complete": true, "task_id": "findHabitat"}, {"is_complete": true, "task_id": "findRibbon"}, {"is_complete": false, "task_id": "findMicro"}, {"is_complete": true, "task_id": "countSeal"}, {"is_complete": false, "task_id": "countMicro"}, {"is_complete": false, "task_id": "report"}], "time_since_launch": 152.44}	7
"26071119541745202"	"AQUALAB"	"2026-07-11T11:56:49.381000+00:00"	"switch_job"	{"prev_job_name": "arctic-seal-habitats", "server_time": "2026-07-11T06:56:51+00:00"}	"GAME"	"120"	"production"	"6"	"UTC+08:00"	"AbleHobbit"	{}	{"job_argumentation": 2, "job_experimentation": 0, "job_modeling": 0, "job_name": "arctic-seal-habitats", "money": 1730, "region": "ArcticStation", "scene_type": "dive-site", "science_level": 3, "science_points": 210, "site": "RS-4Y", "task_list": [{"is_complete": true, "task_id": "findHabitat"}, {"is_complete": true, "task_id": "findRibbon"}, {"is_complete": false, "task_id": "findMicro"}, {"is_complete": true, "task_id": "countSeal"}, {"is_complete": false, "task_id": "countMicro"}, {"is_complete": false, "task_id": "report"}], "time_since_launch": 152.44}	7
"26071119541745202"	"AQUALAB"	"2026-07-11T11:56:58.875000+00:00"	"scene_changed"	{"scene_name": "RS-4Z", "server_time": "2026-07-11T06:57:01+00:00"}	"GAME"	"120"	"production"	"6"	"UTC+08:00"	"AbleHobbit"	{}	{"job_argumentation": 2, "job_experimentation": 0, "job_modeling": 0, "job_name": "arctic-seal-habitats", "money": 1730, "region": "ArcticStation", "scene_type": "dive-site", "science_level": 3, "science_points": 210, "site": "RS-4Y", "task_list": [{"is_complete": true, "task_id": "findHabitat"}, {"is_complete": true, "task_id": "findRibbon"}, {"is_complete": false, "task_id": "findMicro"}, {"is_complete": true, "task_id": "countSeal"}, {"is_complete": false, "task_id": "countMicro"}, {"is_complete": false, "task_id": "report"}], "time_since_launch": 152.44}	8
"26071119541745202"	"AQUALAB"	"2026-07-11T11:56:58.875000+00:00"	"scene_changed"	{"scene_name": "RS-4Z", "server_time": "2026-07-11T06:57:01+00:00"}	"GAME"	"120"	"production"	"6"	"UTC+08:00"	"AbleHobbit"	{}	{"job_argumentation": 2, "job_experimentation": 0, "job_modeling": 0, "job_name": "arctic-seal-habitats", "money": 1730, "region": "ArcticStation", "scene_type": "dive-site", "science_level": 3, "science_points": 210, "site": "RS-4Y", "task_list": [{"is_complete": true, "task_id": "findHabitat"}, {"is_complete": true, "task_id": "findRibbon"}, {"is_complete": false, "task_id": "findMicro"}, {"is_complete": true, "task_id": "countSeal"}, {"is_complete": false, "task_id": "countMicro"}, {"is_complete": false, "task_id": "report"}], "time_since_launch": 152.44}	8
"26071119541745202"	"AQUALAB"	"2026-07-11T11:57:14.474000+00:00"	"scene_changed"	{"scene_name": "ArcticStation", "server_time": "2026-07-11T06:57:16+00:00"}	"GAME"	"120"	"production"	"6"	"UTC+08:00"	"AbleHobbit"	{}	{"job_argumentation": 2, "job_experimentation": 0, "job_modeling": 0, "job_name": "arctic-seal-habitats", "money": 1730, "region": "ArcticStation", "scene_type": "dive-site", "science_level": 3, "science_points": 210, "site": "RS-4Z", "task_list": [{"is_complete": true, "task_id": "findHabitat"}, {"is_complete": true, "task_id": "findRibbon"}, {"is_complete": false, "task_id": "findMicro"}, {"is_complete": true, "task_id": "countSeal"}, {"is_complete": false, "task_id": "countMicro"}, {"is_complete": false, "task_id": "report"}], "time_since_launch": 161.94}	9
"26071119541745202"	"AQUALAB"	"2026-07-11T11:57:14.474000+00:00"	"scene_changed"	{"scene_name": "ArcticStation", "server_time": "2026-07-11T06:57:16+00:00"}	"GAME"	"120"	"production"	"6"	"UTC+08:00"	"AbleHobbit"	{}	{"job_argumentation": 2, "job_experimentation": 0, "job_modeling": 0, "job_name": "arctic-seal-habitats", "money": 1730, "region": "ArcticStation", "scene_type": "dive-site", "science_level": 3, "science_points": 210, "site": "RS-4Z", "task_list": [{"is_complete": true, "task_id": "findHabitat"}, {"is_complete": true, "task_id": "findRibbon"}, {"is_complete": false, "task_id": "findMicro"}, {"is_complete": true, "task_id": "countSeal"}, {"is_complete": false, "task_id": "countMicro"}, {"is_complete": false, "task_id": "report"}], "time_since_launch": 161.94}	9
"26071119541745202"	"AQUALAB"	"2026-07-11T11:57:20.815000+00:00"	"scene_changed"	{"scene_name": "ModelingFoyer", "server_time": "2026-07-11T06:57:24+00:00"}	"GAME"	"120"	"production"	"6"	"UTC+08:00"	"AbleHobbit"	{}	{"job_argumentation": 2, "job_experimentation": 0, "job_modeling": 0, "job_name": "arctic-seal-habitats", "money": 1730, "region": "ArcticStation", "scene_type": "surface", "science_level": 3, "science_points": 210, "site": "ArcticStation", "task_list": [{"is_complete": true, "task_id": "findHabitat"}, {"is_complete": true, "task_id": "findRibbon"}, {"is_complete": false, "task_id": "findMicro"}, {"is_complete": true, "task_id": "countSeal"}, {"is_complete": false, "task_id": "countMicro"}, {"is_complete": false, "task_id": "report"}], "time_since_launch": 177.54}	10
"26071119541745202"	"AQUALAB"	"2026-07-11T11:57:20.815000+00:00"	"scene_changed"	{"scene_name": "ModelingFoyer", "server_time": "2026-07-11T06:57:24+00:00"}	"GAME"	"120"	"production"	"6"	"UTC+08:00"	"AbleHobbit"	{}	{"job_argumentation": 2, "job_experimentation": 0, "job_modeling": 0, "job_name": "arctic-seal-habitats", "money": 1730, "region": "ArcticStation", "scene_type": "surface", "science_level": 3, "science_points": 210, "site": "ArcticStation", "task_list": [{"is_complete": true, "task_id": "findHabitat"}, {"is_complete": true, "task_id": "findRibbon"}, {"is_complete": false, "task_id": "findMicro"}, {"is_complete": true, "task_id": "countSeal"}, {"is_complete": false, "task_id": "countMicro"}, {"is_complete": false, "task_id": "report"}], "time_since_launch": 177.54}	10
"26071119541745202"	"AQUALAB"	"2026-07-11T11:57:23.714000+00:00"	"begin_model"	{"server_time": "2026-07-11T06:57:25+00:00"}	"GAME"	"120"	"production"	"6"	"UTC+08:00"	"AbleHobbit"	{}	{"job_argumentation": 2, "job_experimentation": 0, "job_modeling": 0, "job_name": "arctic-seal-habitats", "money": 1730, "region": "ArcticStation", "scene_type": "ship", "science_level": 3, "science_points": 210, "site": "ModelingFoyer", "task_list": [{"is_complete": true, "task_id": "findHabitat"}, {"is_complete": true, "task_id": "findRibbon"}, {"is_complete": false, "task_id": "findMicro"}, {"is_complete": true, "task_id": "countSeal"}, {"is_complete": false, "task_id": "countMicro"}, {"is_complete": false, "task_id": "report"}], "time_since_launch": 186.78}	11
"26071119541745202"	"AQUALAB"	"2026-07-11T11:57:23.714000+00:00"	"begin_model"	{"server_time": "2026-07-11T06:57:25+00:00"}	"GAME"	"120"	"production"	"6"	"UTC+08:00"	"AbleHobbit"	{}	{"job_argumentation": 2, "job_experimentation": 0, "job_modeling": 0, "job_name": "arctic-seal-habitats", "money": 1730, "region": "ArcticStation", "scene_type": "ship", "science_level": 3, "science_points": 210, "site": "ModelingFoyer", "task_list": [{"is_complete": true, "task_id": "findHabitat"}, {"is_complete": true, "task_id": "findRibbon"}, {"is_complete": false, "task_id": "findMicro"}, {"is_complete": true, "task_id": "countSeal"}, {"is_complete": false, "task_id": "countMicro"}, {"is_complete": false, "task_id": "report"}], "time_since_launch": 186.78}	11
"26071119541745202"	"AQUALAB"	"2026-07-11T11:57:24.491000+00:00"	"model_phase_changed"	{"phase": "Ecosystem", "server_time": "2026-07-11T06:57:25+00:00"}	"GAME"	"120"	"production"	"6"	"UTC+08:00"	"AbleHobbit"	{}	{"job_argumentation": 2, "job_experimentation": 0, "job_modeling": 0, "job_name": "arctic-seal-habitats", "money": 1730, "region": "ArcticStation", "scene_type": "ship", "science_level": 3, "science_points": 210, "site": "ModelingFoyer", "task_list": [{"is_complete": true, "task_id": "findHabitat"}, {"is_complete": true, "task_id": "findRibbon"}, {"is_complete": false, "task_id": "findMicro"}, {"is_complete": true, "task_id": "countSeal"}, {"is_complete": false, "task_id": "countMicro"}, {"is_complete": false, "task_id": "report"}], "time_since_launch": 187.55}	12
"26071119541745202"	"AQUALAB"	"2026-07-11T11:57:24.491000+00:00"	"model_phase_changed"	{"phase": "Ecosystem", "server_time": "2026-07-11T06:57:25+00:00"}	"GAME"	"120"	"production"	"6"	"UTC+08:00"	"AbleHobbit"	{}	{"job_argumentation": 2, "job_experimentation": 0, "job_modeling": 0, "job_name": "arctic-seal-habitats", "money": 1730, "region": "ArcticStation", "scene_type": "ship", "science_level": 3, "science_points": 210, "site": "ModelingFoyer", "task_list": [{"is_complete": true, "task_id": "findHabitat"}, {"is_complete": true, "task_id": "findRibbon"}, {"is_complete": false, "task_id": "findMicro"}, {"is_complete": true, "task_id": "countSeal"}, {"is_complete": false, "task_id": "countMicro"}, {"is_complete": false, "task_id": "report"}], "time_since_launch": 187.55}	12
"26071119541745202"	"AQUALAB"	"2026-07-11T11:57:24.492000+00:00"	"scene_changed"	{"scene_name": "Modeling", "server_time": "2026-07-11T06:57:25+00:00"}	"GAME"	"120"	"production"	"6"	"UTC+08:00"	"AbleHobbit"	{}	{"job_argumentation": 2, "job_experimentation": 0, "job_modeling": 0, "job_name": "arctic-seal-habitats", "money": 1730, "region": "ArcticStation", "scene_type": "ship", "science_level": 3, "science_points": 210, "site": "ModelingFoyer", "task_list": [{"is_complete": true, "task_id": "findHabitat"}, {"is_complete": true, "task_id": "findRibbon"}, {"is_complete": false, "task_id": "findMicro"}, {"is_complete": true, "task_id": "countSeal"}, {"is_complete": false, "task_id": "countMicro"}, {"is_complete": false, "task_id": "report"}], "time_since_launch": 187.55}	13
"26071119541745202"	"AQUALAB"	"2026-07-11T11:57:24.492000+00:00"	"scene_changed"	{"scene_name": "Modeling", "server_time": "2026-07-11T06:57:25+00:00"}	"GAME"	"120"	"production"	"6"	"UTC+08:00"	"AbleHobbit"	{}	{"job_argumentation": 2, "job_experimentation": 0, "job_modeling": 0, "job_name": "arctic-seal-habitats", "money": 1730, "region": "ArcticStation", "scene_type": "ship", "science_level": 3, "science_points": 210, "site": "ModelingFoyer", "task_list": [{"is_complete": true, "task_id": "findHabitat"}, {"is_complete": true, "task_id": "findRibbon"}, {"is_complete": false, "task_id": "findMicro"}, {"is_complete": true, "task_id": "countSeal"}, {"is_complete": false, "task_id": "countMicro"}, {"is_complete": false, "task_id": "report"}], "time_since_launch": 187.55}	13
"26071119541745202"	"AQUALAB"	"2026-07-11T11:57:29.739000+00:00"	"model_phase_changed"	{"phase": "Ecosystem", "server_time": "2026-07-11T06:57:32+00:00"}	"GAME"	"120"	"production"	"6"	"UTC+08:00"	"AbleHobbit"	{}	{"job_argumentation": 2, "job_experimentation": 0, "job_modeling": 0, "job_name": "arctic-seal-habitats", "money": 1730, "region": "ArcticStation", "scene_type": "ship", "science_level": 3, "science_points": 210, "site": "Modeling", "task_list": [{"is_complete": true, "task_id": "findHabitat"}, {"is_complete": true, "task_id": "findRibbon"}, {"is_complete": false, "task_id": "findMicro"}, {"is_complete": true, "task_id": "countSeal"}, {"is_complete": false, "task_id": "countMicro"}, {"is_complete": false, "task_id": "report"}], "time_since_launch": 192.8}	14
"26071119541745202"	"AQUALAB"	"2026-07-11T11:57:29.739000+00:00"	"model_phase_changed"	{"phase": "Ecosystem", "server_time": "2026-07-11T06:57:32+00:00"}	"GAME"	"120"	"production"	"6"	"UTC+08:00"	"AbleHobbit"	{}	{"job_argumentation": 2, "job_experimentation": 0, "job_modeling": 0, "job_name": "arctic-seal-habitats", "money": 1730, "region": "ArcticStation", "scene_type": "ship", "science_level": 3, "science_points": 210, "site": "Modeling", "task_list": [{"is_complete": true, "task_id": "findHabitat"}, {"is_complete": true, "task_id": "findRibbon"}, {"is_complete": false, "task_id": "findMicro"}, {"is_complete": true, "task_id": "countSeal"}, {"is_complete": false, "task_id": "countMicro"}, {"is_complete": false, "task_id": "report"}], "time_since_launch": 192.8}	14
"26071119541745202"	"AQUALAB"	"2026-07-11T11:57:31.561000+00:00"	"model_ecosystem_selected"	{"ecosystem": "KelpForest", "server_time": "2026-07-11T06:57:32+00:00"}	"GAME"	"120"	"production"	"6"	"UTC+08:00"	"AbleHobbit"	{}	{"job_argumentation": 2, "job_experimentation": 0, "job_modeling": 0, "job_name": "arctic-seal-habitats", "money": 1730, "region": "ArcticStation", "scene_type": "ship", "science_level": 3, "science_points": 210, "site": "Modeling", "task_list": [{"is_complete": true, "task_id": "findHabitat"}, {"is_complete": true, "task_id": "findRibbon"}, {"is_complete": false, "task_id": "findMicro"}, {"is_complete": true, "task_id": "countSeal"}, {"is_complete": false, "task_id": "countMicro"}, {"is_complete": false, "task_id": "report"}], "time_since_launch": 194.62}	15
"26071119541745202"	"AQUALAB"	"2026-07-11T11:57:31.561000+00:00"	"model_ecosystem_selected"	{"ecosystem": "KelpForest", "server_time": "2026-07-11T06:57:32+00:00"}	"GAME"	"120"	"production"	"6"	"UTC+08:00"	"AbleHobbit"	{}	{"job_argumentation": 2, "job_experimentation": 0, "job_modeling": 0, "job_name": "arctic-seal-habitats", "money": 1730, "region": "ArcticStation", "scene_type": "ship", "science_level": 3, "science_points": 210, "site": "Modeling", "task_list": [{"is_complete": true, "task_id": "findHabitat"}, {"is_complete": true, "task_id": "findRibbon"}, {"is_complete": false, "task_id": "findMicro"}, {"is_complete": true, "task_id": "countSeal"}, {"is_complete": false, "task_id": "countMicro"}, {"is_complete": false, "task_id": "report"}], "time_since_launch": 194.62}	15
"26071119541745202"	"AQUALAB"	"2026-07-11T11:57:32.888000+00:00"	"model_phase_changed"	{"phase": "Concept", "server_time": "2026-07-11T06:57:33+00:00"}	"GAME"	"120"	"production"	"6"	"UTC+08:00"	"AbleHobbit"	{}	{"job_argumentation": 2, "job_experimentation": 0, "job_modeling": 0, "job_name": "arctic-seal-habitats", "money": 1730, "region": "ArcticStation", "scene_type": "ship", "science_level": 3, "science_points": 210, "site": "Modeling", "task_list": [{"is_complete": true, "task_id": "findHabitat"}, {"is_complete": true, "task_id": "findRibbon"}, {"is_complete": false, "task_id": "findMicro"}, {"is_complete": true, "task_id": "countSeal"}, {"is_complete": false, "task_id": "countMicro"}, {"is_complete": false, "task_id": "report"}], "time_since_launch": 195.95}	16
"26071119541745202"	"AQUALAB"	"2026-07-11T11:57:32.888000+00:00"	"model_phase_changed"	{"phase": "Concept", "server_time": "2026-07-11T06:57:33+00:00"}	"GAME"	"120"	"production"	"6"	"UTC+08:00"	"AbleHobbit"	{}	{"job_argumentation": 2, "job_experimentation": 0, "job_modeling": 0, "job_name": "arctic-seal-habitats", "money": 1730, "region": "ArcticStation", "scene_type": "ship", "science_level": 3, "science_points": 210, "site": "Modeling", "task_list": [{"is_complete": true, "task_id": "findHabitat"}, {"is_complete": true, "task_id": "findRibbon"}, {"is_complete": false, "task_id": "findMicro"}, {"is_complete": true, "task_id": "countSeal"}, {"is_complete": false, "task_id": "countMicro"}, {"is_complete": false, "task_id": "report"}], "time_since_launch": 195.95}	16
"26071119541745202"	"AQUALAB"	"2026-07-11T11:57:32.891000+00:00"	"model_concept_started"	{"ecosystem": "KelpForest", "server_time": "2026-07-11T06:57:33+00:00"}	"GAME"	"120"	"production"	"6"	"UTC+08:00"	"AbleHobbit"	{}	{"job_argumentation": 2, "job_experimentation": 0, "job_modeling": 0, "job_name": "arctic-seal-habitats", "money": 1730, "region": "ArcticStation", "scene_type": "ship", "science_level": 3, "science_points": 210, "site": "Modeling", "task_list": [{"is_complete": true, "task_id": "findHabitat"}, {"is_complete": true, "task_id": "findRibbon"}, {"is_complete": false, "task_id": "findMicro"}, {"is_complete": true, "task_id": "countSeal"}, {"is_complete": false, "task_id": "countMicro"}, {"is_complete": false, "task_id": "report"}], "time_since_launch": 195.95}	17
"26071119541745202"	"AQUALAB"	"2026-07-11T11:57:32.891000+00:00"	"model_concept_started"	{"ecosystem": "KelpForest", "server_time": "2026-07-11T06:57:33+00:00"}	"GAME"	"120"	"production"	"6"	"UTC+08:00"	"AbleHobbit"	{}	{"job_argumentation": 2, "job_experimentation": 0, "job_modeling": 0, "job_name": "arctic-seal-habitats", "money": 1730, "region": "ArcticStation", "scene_type": "ship", "science_level": 3, "science_points": 210, "site": "Modeling", "task_list": [{"is_complete": true, "task_id": "findHabitat"}, {"is_complete": true, "task_id": "findRibbon"}, {"is_complete": false, "task_id": "findMicro"}, {"is_complete": true, "task_id": "countSeal"}, {"is_complete": false, "task_id": "countMicro"}, {"is_complete": false, "task_id": "report"}], "time_since_launch": 195.95}	17
"26071119541745202"	"AQUALAB"	"2026-07-11T11:57:39.441000+00:00"	"model_concept_updated"	{"ecosystem": "KelpForest", "server_time": "2026-07-11T06:57:41+00:00", "status": "UpToDate"}	"GAME"	"120"	"production"	"6"	"UTC+08:00"	"AbleHobbit"	{}	{"job_argumentation": 2, "job_experimentation": 0, "job_modeling": 0, "job_name": "arctic-seal-habitats", "money": 1730, "region": "ArcticStation", "scene_type": "ship", "science_level": 3, "science_points": 210, "site": "Modeling", "task_list": [{"is_complete": true, "task_id": "findHabitat"}, {"is_complete": true, "task_id": "findRibbon"}, {"is_complete": false, "task_id": "findMicro"}, {"is_complete": true, "task_id": "countSeal"}, {"is_complete": false, "task_id": "countMicro"}, {"is_complete": false, "task_id": "report"}], "time_since_launch": 202.5}	18
"26071119541745202"	"AQUALAB"	"2026-07-11T11:57:39.441000+00:00"	"model_concept_updated"	{"ecosystem": "KelpForest", "server_time": "2026-07-11T06:57:41+00:00", "status": "UpToDate"}	"GAME"	"120"	"production"	"6"	"UTC+08:00"	"AbleHobbit"	{}	{"job_argumentation": 2, "job_experimentation": 0, "job_modeling": 0, "job_name": "arctic-seal-habitats", "money": 1730, "region": "ArcticStation", "scene_type": "ship", "science_level": 3, "science_points": 210, "site": "Modeling", "task_list": [{"is_complete": true, "task_id": "findHabitat"}, {"is_complete": true, "task_id": "findRibbon"}, {"is_complete": false, "task_id": "findMicro"}, {"is_complete": true, "task_id": "countSeal"}, {"is_complete": false, "task_id": "countMicro"}, {"is_complete": false, "task_id": "report"}], "time_since_launch": 202.5}	18
"26071119541745202"	"AQUALAB"	"2026-07-11T11:57:45.248000+00:00"	"model_end"	{"ecosystem": "KelpForest", "phase": "Concept", "server_time": "2026-07-11T06:57:45+00:00"}	"GAME"	"120"	"production"	"6"	"UTC+08:00"	"AbleHobbit"	{}	{"job_argumentation": 2, "job_experimentation": 0, "job_modeling": 0, "job_name": "arctic-seal-habitats", "money": 1730, "region": "ArcticStation", "scene_type": "ship", "science_level": 3, "science_points": 210, "site": "Modeling", "task_list": [{"is_complete": true, "task_id": "findHabitat"}, {"is_complete": true, "task_id": "findRibbon"}, {"is_complete": false, "task_id": "findMicro"}, {"is_complete": true, "task_id": "countSeal"}, {"is_complete": false, "task_id": "countMicro"}, {"is_complete": false, "task_id": "report"}], "time_since_launch": 208.31}	19
"26071119541745202"	"AQUALAB"	"2026-07-11T11:57:45.248000+00:00"	"model_end"	{"ecosystem": "KelpForest", "phase": "Concept", "server_time": "2026-07-11T06:57:45+00:00"}	"GAME"	"120"	"production"	"6"	"UTC+08:00"	"AbleHobbit"	{}	{"job_argumentation": 2, "job_experimentation": 0, "job_modeling": 0, "job_name": "arctic-seal-habitats", "money": 1730, "region": "ArcticStation", "scene_type": "ship", "science_level": 3, "science_points": 210, "site": "Modeling", "task_list": [{"is_complete": true, "task_id": "findHabitat"}, {"is_complete": true, "task_id": "findRibbon"}, {"is_complete": false, "task_id": "findMicro"}, {"is_complete": true, "task_id": "countSeal"}, {"is_complete": false, "task_id": "countMicro"}, {"is_complete": false, "task_id": "report"}], "time_since_launch": 208.31}	19
"26071119541745202"	"AQUALAB"	"2026-07-11T11:57:46.841000+00:00"	"scene_changed"	{"scene_name": "ModelingFoyer", "server_time": "2026-07-11T06:57:47+00:00"}	"GAME"	"120"	"production"	"6"	"UTC+08:00"	"AbleHobbit"	{}	{"job_argumentation": 2, "job_experimentation": 0, "job_modeling": 0, "job_name": "arctic-seal-habitats", "money": 1730, "region": "ArcticStation", "scene_type": "ship", "science_level": 3, "science_points": 210, "site": "Modeling", "task_list": [{"is_complete": true, "task_id": "findHabitat"}, {"is_complete": true, "task_id": "findRibbon"}, {"is_complete": false, "task_id": "findMicro"}, {"is_complete": true, "task_id": "countSeal"}, {"is_complete": false, "task_id": "countMicro"}, {"is_complete": false, "task_id": "report"}], "time_since_launch": 208.31}	20
"26071119541745202"	"AQUALAB"	"2026-07-11T11:57:46.841000+00:00"	"scene_changed"	{"scene_name": "ModelingFoyer", "server_time": "2026-07-11T06:57:47+00:00"}	"GAME"	"120"	"production"	"6"	"UTC+08:00"	"AbleHobbit"	{}	{"job_argumentation": 2, "job_experimentation": 0, "job_modeling": 0, "job_name": "arctic-seal-habitats", "money": 1730, "region": "ArcticStation", "scene_type": "ship", "science_level": 3, "science_points": 210, "site": "Modeling", "task_list": [{"is_complete": true, "task_id": "findHabitat"}, {"is_complete": true, "task_id": "findRibbon"}, {"is_complete": false, "task_id": "findMicro"}, {"is_complete": true, "task_id": "countSeal"}, {"is_complete": false, "task_id": "countMicro"}, {"is_complete": false, "task_id": "report"}], "time_since_launch": 208.31}	20
"26071119541745202"	"AQUALAB"	"2026-07-11T11:57:50.076000+00:00"	"scene_changed"	{"scene_name": "ExperimentV2", "server_time": "2026-07-11T06:57:50+00:00"}	"GAME"	"120"	"production"	"6"	"UTC+08:00"	"AbleHobbit"	{}	{"job_argumentation": 2, "job_experimentation": 0, "job_modeling": 0, "job_name": "arctic-seal-habitats", "money": 1730, "region": "ArcticStation", "scene_type": "ship", "science_level": 3, "science_points": 210, "site": "ModelingFoyer", "task_list": [{"is_complete": true, "task_id": "findHabitat"}, {"is_complete": true, "task_id": "findRibbon"}, {"is_complete": false, "task_id": "findMicro"}, {"is_complete": true, "task_id": "countSeal"}, {"is_complete": false, "task_id": "countMicro"}, {"is_complete": false, "task_id": "report"}], "time_since_launch": 209.9}	21
"26071119541745202"	"AQUALAB"	"2026-07-11T11:57:50.076000+00:00"	"scene_changed"	{"scene_name": "ExperimentV2", "server_time": "2026-07-11T06:57:50+00:00"}	"GAME"	"120"	"production"	"6"	"UTC+08:00"	"AbleHobbit"	{}	{"job_argumentation": 2, "job_experimentation": 0, "job_modeling": 0, "job_name": "arctic-seal-habitats", "money": 1730, "region": "ArcticStation", "scene_type": "ship", "science_level": 3, "science_points": 210, "site": "ModelingFoyer", "task_list": [{"is_complete": true, "task_id": "findHabitat"}, {"is_complete": true, "task_id": "findRibbon"}, {"is_complete": false, "task_id": "findMicro"}, {"is_complete": true, "task_id": "countSeal"}, {"is_complete": false, "task_id": "countMicro"}, {"is_complete": false, "task_id": "report"}], "time_since_launch": 209.9}	21
"26071119541745202"	"AQUALAB"	"2026-07-11T11:57:55.039000+00:00"	"add_environment"	{"environment": "KelpForest", "server_time": "2026-07-11T06:57:55+00:00", "tank_type": "Observation"}	"GAME"	"120"	"production"	"6"	"UTC+08:00"	"AbleHobbit"	{}	{"job_argumentation": 2, "job_experimentation": 0, "job_modeling": 0, "job_name": "arctic-seal-habitats", "money": 1730, "region": "ArcticStation", "scene_type": "ship", "science_level": 3, "science_points": 210, "site": "Experimentation", "task_list": [{"is_complete": true, "task_id": "findHabitat"}, {"is_complete": true, "task_id": "findRibbon"}, {"is_complete": false, "task_id": "findMicro"}, {"is_complete": true, "task_id": "countSeal"}, {"is_complete": false, "task_id": "countMicro"}, {"is_complete": false, "task_id": "report"}], "time_since_launch": 218.1}	22
"26071119541745202"	"AQUALAB"	"2026-07-11T11:57:55.039000+00:00"	"add_environment"	{"environment": "KelpForest", "server_time": "2026-07-11T06:57:55+00:00", "tank_type": "Observation"}	"GAME"	"120"	"production"	"6"	"UTC+08:00"	"AbleHobbit"	{}	{"job_argumentation": 2, "job_experimentation": 0, "job_modeling": 0, "job_name": "arctic-seal-habitats", "money": 1730, "region": "ArcticStation", "scene_type": "ship", "science_level": 3, "science_points": 210, "site": "Experimentation", "task_list": [{"is_complete": true, "task_id": "findHabitat"}, {"is_complete": true, "task_id": "findRibbon"}, {"is_complete": false, "task_id": "findMicro"}, {"is_complete": true, "task_id": "countSeal"}, {"is_complete": false, "task_id": "countMicro"}, {"is_complete": false, "task_id": "report"}], "time_since_launch": 218.1}	22
"26071119541745202"	"AQUALAB"	"2026-07-11T11:58:00.722000+00:00"	"add_critter"	{"critter": "AngelFish", "environment": "KelpForest", "server_time": "2026-07-11T06:58:03+00:00", "tank_type": "Observation"}	"GAME"	"120"	"production"	"6"	"UTC+08:00"	"AbleHobbit"	{}	{"job_argumentation": 2, "job_experimentation": 0, "job_modeling": 0, "job_name": "arctic-seal-habitats", "money": 1730, "region": "ArcticStation", "scene_type": "ship", "science_level": 3, "science_points": 210, "site": "Experimentation", "task_list": [{"is_complete": true, "task_id": "findHabitat"}, {"is_complete": true, "task_id": "findRibbon"}, {"is_complete": false, "task_id": "findMicro"}, {"is_complete": true, "task_id": "countSeal"}, {"is_complete": false, "task_id": "countMicro"}, {"is_complete": false, "task_id": "report"}], "time_since_launch": 223.79}	23
"26071119541745202"	"AQUALAB"	"2026-07-11T11:58:00.722000+00:00"	"add_critter"	{"critter": "AngelFish", "environment": "KelpForest", "server_time": "2026-07-11T06:58:03+00:00", "tank_type": "Observation"}	"GAME"	"120"	"production"	"6"	"UTC+08:00"	"AbleHobbit"	{}	{"job_argumentation": 2, "job_experimentation": 0, "job_modeling": 0, "job_name": "arctic-seal-habitats", "money": 1730, "region": "ArcticStation", "scene_type": "ship", "science_level": 3, "science_points": 210, "site": "Experimentation", "task_list": [{"is_complete": true, "task_id": "findHabitat"}, {"is_complete": true, "task_id": "findRibbon"}, {"is_complete": false, "task_id": "findMicro"}, {"is_complete": true, "task_id": "countSeal"}, {"is_complete": false, "task_id": "countMicro"}, {"is_complete": false, "task_id": "report"}], "time_since_launch": 223.79}	23
"26071119541745202"	"AQUALAB"	"2026-07-11T11:58:01.439000+00:00"	"add_critter"	{"critter": "ArcticCod", "environment": "KelpForest", "server_time": "2026-07-11T06:58:04+00:00", "tank_type": "Observation"}	"GAME"	"120"	"production"	"6"	"UTC+08:00"	"AbleHobbit"	{}	{"job_argumentation": 2, "job_experimentation": 0, "job_modeling": 0, "job_name": "arctic-seal-habitats", "money": 1730, "region": "ArcticStation", "scene_type": "ship", "science_level": 3, "science_points": 210, "site": "Experimentation", "task_list": [{"is_complete": true, "task_id": "findHabitat"}, {"is_complete": true, "task_id": "findRibbon"}, {"is_complete": false, "task_id": "findMicro"}, {"is_complete": true, "task_id": "countSeal"}, {"is_complete": false, "task_id": "countMicro"}, {"is_complete": false, "task_id": "report"}], "time_since_launch": 224.5}	24
"26071119541745202"	"AQUALAB"	"2026-07-11T11:58:01.439000+00:00"	"add_critter"	{"critter": "ArcticCod", "environment": "KelpForest", "server_time": "2026-07-11T06:58:04+00:00", "tank_type": "Observation"}	"GAME"	"120"	"production"	"6"	"UTC+08:00"	"AbleHobbit"	{}	{"job_argumentation": 2, "job_experimentation": 0, "job_modeling": 0, "job_name": "arctic-seal-habitats", "money": 1730, "region": "ArcticStation", "scene_type": "ship", "science_level": 3, "science_points": 210, "site": "Experimentation", "task_list": [{"is_complete": true, "task_id": "findHabitat"}, {"is_complete": true, "task_id": "findRibbon"}, {"is_complete": false, "task_id": "findMicro"}, {"is_complete": true, "task_id": "countSeal"}, {"is_complete": false, "task_id": "countMicro"}, {"is_complete": false, "task_id": "report"}], "time_since_launch": 224.5}	24
"26071119541745202"	"AQUALAB"	"2026-07-11T11:58:12.539000+00:00"	"remove_critter"	{"critter": "AngelFish", "environment": "KelpForest", "server_time": "2026-07-11T06:58:15+00:00", "tank_type": "Observation"}	"GAME"	"120"	"production"	"6"	"UTC+08:00"	"AbleHobbit"	{}	{"job_argumentation": 2, "job_experimentation": 0, "job_modeling": 0, "job_name": "arctic-seal-habitats", "money": 1730, "region": "ArcticStation", "scene_type": "ship", "science_level": 3, "science_points": 210, "site": "Experimentation", "task_list": [{"is_complete": true, "task_id": "findHabitat"}, {"is_complete": true, "task_id": "findRibbon"}, {"is_complete": false, "task_id": "findMicro"}, {"is_complete": true, "task_id": "countSeal"}, {"is_complete": false, "task_id": "countMicro"}, {"is_complete": false, "task_id": "report"}], "time_since_launch": 235.6}	25
"26071119541745202"	"AQUALAB"	"2026-07-11T11:58:12.539000+00:00"	"remove_critter"	{"critter": "AngelFish", "environment": "KelpForest", "server_time": "2026-07-11T06:58:15+00:00", "tank_type": "Observation"}	"GAME"	"120"	"production"	"6"	"UTC+08:00"	"AbleHobbit"	{}	{"job_argumentation": 2, "job_experimentation": 0, "job_modeling": 0, "job_name": "arctic-seal-habitats", "money": 1730, "region": "ArcticStation", "scene_type": "ship", "science_level": 3, "science_points": 210, "site": "Experimentation", "task_list": [{"is_complete": true, "task_id": "findHabitat"}, {"is_complete": true, "task_id": "findRibbon"}, {"is_complete": false, "task_id": "findMicro"}, {"is_complete": true, "task_id": "countSeal"}, {"is_complete": false, "task_id": "countMicro"}, {"is_complete": false, "task_id": "report"}], "time_since_launch": 235.6}	25
"26071119541745202"	"AQUALAB"	"2026-07-11T11:58:13.105000+00:00"	"add_critter"	{"critter": "AngelFish", "environment": "KelpForest", "server_time": "2026-07-11T06:58:15+00:00", "tank_type": "Observation"}	"GAME"	"120"	"production"	"6"	"UTC+08:00"	"AbleHobbit"	{}	{"job_argumentation": 2, "job_experimentation": 0, "job_modeling": 0, "job_name": "arctic-seal-habitats", "money": 1730, "region": "ArcticStation", "scene_type": "ship", "science_level": 3, "science_points": 210, "site": "Experimentation", "task_list": [{"is_complete": true, "task_id": "findHabitat"}, {"is_complete": true, "task_id": "findRibbon"}, {"is_complete": false, "task_id": "findMicro"}, {"is_complete": true, "task_id": "countSeal"}, {"is_complete": false, "task_id": "countMicro"}, {"is_complete": false, "task_id": "report"}], "time_since_launch": 236.17}	26
"26071119541745202"	"AQUALAB"	"2026-07-11T11:58:13.105000+00:00"	"add_critter"	{"critter": "AngelFish", "environment": "KelpForest", "server_time": "2026-07-11T06:58:15+00:00", "tank_type": "Observation"}	"GAME"	"120"	"production"	"6"	"UTC+08:00"	"AbleHobbit"	{}	{"job_argumentation": 2, "job_experimentation": 0, "job_modeling": 0, "job_name": "arctic-seal-habitats", "money": 1730, "region": "ArcticStation", "scene_type": "ship", "science_level": 3, "science_points": 210, "site": "Experimentation", "task_list": [{"is_complete": true, "task_id": "findHabitat"}, {"is_complete": true, "task_id": "findRibbon"}, {"is_complete": false, "task_id": "findMicro"}, {"is_complete": true, "task_id": "countSeal"}, {"is_complete": false, "task_id": "countMicro"}, {"is_complete": false, "task_id": "report"}], "time_since_launch": 236.17}	26
"26071119541745202"	"AQUALAB"	"2026-07-11T11:58:15.775000+00:00"	"begin_experiment"	{"autofeeder_enabled": false, "critters": "ArcticCod,AngelFish", "environment": "KelpForest", "server_time": "2026-07-11T06:58:16+00:00", "stabilizer_enabled": false, "tank_type": "Observation"}	"GAME"	"120"	"production"	"6"	"UTC+08:00"	"AbleHobbit"	{}	{"job_argumentation": 2, "job_experimentation": 0, "job_modeling": 0, "job_name": "arctic-seal-habitats", "money": 1730, "region": "ArcticStation", "scene_type": "ship", "science_level": 3, "science_points": 210, "site": "Experimentation", "task_list": [{"is_complete": true, "task_id": "findHabitat"}, {"is_complete": true, "task_id": "findRibbon"}, {"is_complete": false, "task_id": "findMicro"}, {"is_complete": true, "task_id": "countSeal"}, {"is_complete": false, "task_id": "countMicro"}, {"is_complete": false, "task_id": "report"}], "time_since_launch": 238.84}	27
"26071119541745202"	"AQUALAB"	"2026-07-11T11:58:15.775000+00:00"	"begin_experiment"	{"autofeeder_enabled": false, "critters": "ArcticCod,AngelFish", "environment": "KelpForest", "server_time": "2026-07-11T06:58:16+00:00", "stabilizer_enabled": false, "tank_type": "Observation"}	"GAME"	"120"	"production"	"6"	"UTC+08:00"	"AbleHobbit"	{}	{"job_argumentation": 2, "job_experimentation": 0, "job_modeling": 0, "job_name": "arctic-seal-habitats", "money": 1730, "region": "ArcticStation", "scene_type": "ship", "science_level": 3, "science_points": 210, "site": "Experimentation", "task_list": [{"is_complete": true, "task_id": "findHabitat"}, {"is_complete": true, "task_id": "findRibbon"}, {"is_complete": false, "task_id": "findMicro"}, {"is_complete": true, "task_id": "countSeal"}, {"is_complete": false, "task_id": "countMicro"}, {"is_complete": false, "task_id": "report"}], "time_since_launch": 238.84}	27
"26071119541745202"	"AQUALAB"	"2026-07-11T11:58:25.156000+00:00"	"end_experiment"	{"autofeeder_enabled": false, "critters": "ArcticCod,AngelFish", "environment": "KelpForest", "server_time": "2026-07-11T06:58:28+00:00", "stabilizer_enabled": false, "tank_type": "Observation"}	"GAME"	"120"	"production"	"6"	"UTC+08:00"	"AbleHobbit"	{}	{"job_argumentation": 2, "job_experimentation": 0, "job_modeling": 0, "job_name": "arctic-seal-habitats", "money": 1730, "region": "ArcticStation", "scene_type": "ship", "science_level": 3, "science_points": 210, "site": "Experimentation", "task_list": [{"is_complete": true, "task_id": "findHabitat"}, {"is_complete": true, "task_id": "findRibbon"}, {"is_complete": false, "task_id": "findMicro"}, {"is_complete": true, "task_id": "countSeal"}, {"is_complete": false, "task_id": "countMicro"}, {"is_complete": false, "task_id": "report"}], "time_since_launch": 248.22}	28
"26071119541745202"	"AQUALAB"	"2026-07-11T11:58:25.156000+00:00"	"end_experiment"	{"autofeeder_enabled": false, "critters": "ArcticCod,AngelFish", "environment": "KelpForest", "server_time": "2026-07-11T06:58:28+00:00", "stabilizer_enabled": false, "tank_type": "Observation"}	"GAME"	"120"	"production"	"6"	"UTC+08:00"	"AbleHobbit"	{}	{"job_argumentation": 2, "job_experimentation": 0, "job_modeling": 0, "job_name": "arctic-seal-habitats", "money": 1730, "region": "ArcticStation", "scene_type": "ship", "science_level": 3, "science_points": 210, "site": "Experimentation", "task_list": [{"is_complete": true, "task_id": "findHabitat"}, {"is_complete": true, "task_id": "findRibbon"}, {"is_complete": false, "task_id": "findMicro"}, {"is_complete": true, "task_id": "countSeal"}, {"is_complete": false, "task_id": "countMicro"}, {"is_complete": false, "task_id": "report"}], "time_since_launch": 248.22}	28
"26071119541745202"	"AQUALAB"	"2026-07-11T11:58:29.721000+00:00"	"add_environment"	{"environment": "KelpForest", "server_time": "2026-07-11T06:58:30+00:00", "tank_type": "Measurement"}	"GAME"	"120"	"production"	"6"	"UTC+08:00"	"AbleHobbit"	{}	{"job_argumentation": 2, "job_experimentation": 0, "job_modeling": 0, "job_name": "arctic-seal-habitats", "money": 1730, "region": "ArcticStation", "scene_type": "ship", "science_level": 3, "science_points": 210, "site": "Experimentation", "task_list": [{"is_complete": true, "task_id": "findHabitat"}, {"is_complete": true, "task_id": "findRibbon"}, {"is_complete": false, "task_id": "findMicro"}, {"is_complete": true, "task_id": "countSeal"}, {"is_complete": false, "task_id": "countMicro"}, {"is_complete": false, "task_id": "report"}], "time_since_launch": 252.78}	29
"26071119541745202"	"AQUALAB"	"2026-07-11T11:58:29.721000+00:00"	"add_environment"	{"environment": "KelpForest", "server_time": "2026-07-11T06:58:30+00:00", "tank_type": "Measurement"}	"GAME"	"120"	"production"	"6"	"UTC+08:00"	"AbleHobbit"	{}	{"job_argumentation": 2, "job_experimentation": 0, "job_modeling": 0, "job_name": "arctic-seal-habitats", "money": 1730, "region": "ArcticStation", "scene_type": "ship", "science_level": 3, "science_points": 210, "site": "Experimentation", "task_list": [{"is_complete": true, "task_id": "findHabitat"}, {"is_complete": true, "task_id": "findRibbon"}, {"is_complete": false, "task_id": "findMicro"}, {"is_complete": true, "task_id": "countSeal"}, {"is_complete": false, "task_id": "countMicro"}, {"is_complete": false, "task_id": "report"}], "time_since_launch": 252.78}	29
"26071119541745202"	"AQUALAB"	"2026-07-11T11:58:35.205000+00:00"	"add_critter"	{"critter": "AngelFish", "environment": "KelpForest", "server_time": "2026-07-11T06:58:37+00:00", "tank_type": "Measurement"}	"GAME"	"120"	"production"	"6"	"UTC+08:00"	"AbleHobbit"	{}	{"job_argumentation": 2, "job_experimentation": 0, "job_modeling": 0, "job_name": "arctic-seal-habitats", "money": 1730, "region": "ArcticStation", "scene_type": "ship", "science_level": 3, "science_points": 210, "site": "Experimentation", "task_list": [{"is_complete": true, "task_id": "findHabitat"}, {"is_complete": true, "task_id": "findRibbon"}, {"is_complete": false, "task_id": "findMicro"}, {"is_complete": true, "task_id": "countSeal"}, {"is_complete": false, "task_id": "countMicro"}, {"is_complete": false, "task_id": "report"}], "time_since_launch": 258.27}	30
"26071119541745202"	"AQUALAB"	"2026-07-11T11:58:35.205000+00:00"	"add_critter"	{"critter": "AngelFish", "environment": "KelpForest", "server_time": "2026-07-11T06:58:37+00:00", "tank_type": "Measurement"}	"GAME"	"120"	"production"	"6"	"UTC+08:00"	"AbleHobbit"	{}	{"job_argumentation": 2, "job_experimentation": 0, "job_modeling": 0, "job_name": "arctic-seal-habitats", "money": 1730, "region": "ArcticStation", "scene_type": "ship", "science_level": 3, "science_points": 210, "site": "Experimentation", "task_list": [{"is_complete": true, "task_id": "findHabitat"}, {"is_complete": true, "task_id": "findRibbon"}, {"is_complete": false, "task_id": "findMicro"}, {"is_complete": true, "task_id": "countSeal"}, {"is_complete": false, "task_id": "countMicro"}, {"is_complete": false, "task_id": "report"}], "time_since_launch": 258.27}	30
"26071119541745202"	"AQUALAB"	"2026-07-11T11:58:35.755000+00:00"	"add_critter"	{"critter": "ArcticCod", "environment": "KelpForest", "server_time": "2026-07-11T06:58:38+00:00", "tank_type": "Measurement"}	"GAME"	"120"	"production"	"6"	"UTC+08:00"	"AbleHobbit"	{}	{"job_argumentation": 2, "job_experimentation": 0, "job_modeling": 0, "job_name": "arctic-seal-habitats", "money": 1730, "region": "ArcticStation", "scene_type": "ship", "science_level": 3, "science_points": 210, "site": "Experimentation", "task_list": [{"is_complete": true, "task_id": "findHabitat"}, {"is_complete": true, "task_id": "findRibbon"}, {"is_complete": false, "task_id": "findMicro"}, {"is_complete": true, "task_id": "countSeal"}, {"is_complete": false, "task_id": "countMicro"}, {"is_complete": false, "task_id": "report"}], "time_since_launch": 258.82}	31
"26071119541745202"	"AQUALAB"	"2026-07-11T11:58:35.755000+00:00"	"add_critter"	{"critter": "ArcticCod", "environment": "KelpForest", "server_time": "2026-07-11T06:58:38+00:00", "tank_type": "Measurement"}	"GAME"	"120"	"production"	"6"	"UTC+08:00"	"AbleHobbit"	{}	{"job_argumentation": 2, "job_experimentation": 0, "job_modeling": 0, "job_name": "arctic-seal-habitats", "money": 1730, "region": "ArcticStation", "scene_type": "ship", "science_level": 3, "science_points": 210, "site": "Experimentation", "task_list": [{"is_complete": true, "task_id": "findHabitat"}, {"is_complete": true, "task_id": "findRibbon"}, {"is_complete": false, "task_id": "findMicro"}, {"is_complete": true, "task_id": "countSeal"}, {"is_complete": false, "task_id": "countMicro"}, {"is_complete": false, "task_id": "report"}], "time_since_launch": 258.82}	31
"26071119541745202"	"AQUALAB"	"2026-07-11T11:59:23.305000+00:00"	"script_began"	{"node_id": "job.arctic-seal-habbits.helpMicro", "server_time": "2026-07-11T06:59:25+00:00"}	"GAME"	"120"	"production"	"6"	"UTC+08:00"	"AbleHobbit"	{}	{"job_argumentation": 2, "job_experimentation": 0, "job_modeling": 0, "job_name": "arctic-seal-habitats", "money": 1730, "region": "ArcticStation", "scene_type": "ship", "science_level": 3, "science_points": 210, "site": "Experimentation", "task_list": [{"is_complete": true, "task_id": "findHabitat"}, {"is_complete": true, "task_id": "findRibbon"}, {"is_complete": false, "task_id": "findMicro"}, {"is_complete": true, "task_id": "countSeal"}, {"is_complete": false, "task_id": "countMicro"}, {"is_complete": false, "task_id": "report"}], "time_since_launch": 306.37}	32
"26071119541745202"	"AQUALAB"	"2026-07-11T11:59:23.305000+00:00"	"script_began"	{"node_id": "job.arctic-seal-habbits.helpMicro", "server_time": "2026-07-11T06:59:25+00:00"}	"GAME"	"120"	"production"	"6"	"UTC+08:00"	"AbleHobbit"	{}	{"job_argumentation": 2, "job_experimentation": 0, "job_modeling": 0, "job_name": "arctic-seal-habitats", "money": 1730, "region": "ArcticStation", "scene_type": "ship", "science_level": 3, "science_points": 210, "site": "Experimentation", "task_list": [{"is_complete": true, "task_id": "findHabitat"}, {"is_complete": true, "task_id": "findRibbon"}, {"is_complete": false, "task_id": "findMicro"}, {"is_complete": true, "task_id": "countSeal"}, {"is_complete": false, "task_id": "countMicro"}, {"is_complete": false, "task_id": "report"}], "time_since_launch": 306.37}	32
"26071119541745202"	"AQUALAB"	"2026-07-11T11:59:23.306000+00:00"	"ask_for_help"	{"node_id": "job.arctic-seal-habbits.helpMicro", "server_time": "2026-07-11T06:59:25+00:00"}	"GAME"	"120"	"production"	"6"	"UTC+08:00"	"AbleHobbit"	{}	{"job_argumentation": 2, "job_experimentation": 0, "job_modeling": 0, "job_name": "arctic-seal-habitats", "money": 1730, "region": "ArcticStation", "scene_type": "ship", "science_level": 3, "science_points": 210, "site": "Experimentation", "task_list": [{"is_complete": true, "task_id": "findHabitat"}, {"is_complete": true, "task_id": "findRibbon"}, {"is_complete": false, "task_id": "findMicro"}, {"is_complete": true, "task_id": "countSeal"}, {"is_complete": false, "task_id": "countMicro"}, {"is_complete": false, "task_id": "report"}], "time_since_launch": 306.37}	33
"26071119541745202"	"AQUALAB"	"2026-07-11T11:59:23.306000+00:00"	"ask_for_help"	{"node_id": "job.arctic-seal-habbits.helpMicro", "server_time": "2026-07-11T06:59:25+00:00"}	"GAME"	"120"	"production"	"6"	"UTC+08:00"	"AbleHobbit"	{}	{"job_argumentation": 2, "job_experimentation": 0, "job_modeling": 0, "job_name": "arctic-seal-habitats", "money": 1730, "region": "ArcticStation", "scene_type": "ship", "science_level": 3, "science_points": 210, "site": "Experimentation", "task_list": [{"is_complete": true, "task_id": "findHabitat"}, {"is_complete": true, "task_id": "findRibbon"}, {"is_complete": false, "task_id": "findMicro"}, {"is_complete": true, "task_id": "countSeal"}, {"is_complete": false, "task_id": "countMicro"}, {"is_complete": false, "task_id": "report"}], "time_since_launch": 306.37}	33
"26071119541745202"	"AQUALAB"	"2026-07-11T11:59:23.309000+00:00"	"script_line_displayed"	{"node_id": "job.arctic-seal-habbits.helpMicro", "server_time": "2026-07-11T06:59:25+00:00", "speaker": "", "text_string": "Look around for microscopic critters in Ephemeral Impasse."}	"GAME"	"120"	"production"	"6"	"UTC+08:00"	"AbleHobbit"	{}	{"job_argumentation": 2, "job_experimentation": 0, "job_modeling": 0, "job_name": "arctic-seal-habitats", "money": 1730, "region": "ArcticStation", "scene_type": "ship", "science_level": 3, "science_points": 210, "site": "Experimentation", "task_list": [{"is_complete": true, "task_id": "findHabitat"}, {"is_complete": true, "task_id": "findRibbon"}, {"is_complete": false, "task_id": "findMicro"}, {"is_complete": true, "task_id": "countSeal"}, {"is_complete": false, "task_id": "countMicro"}, {"is_complete": false, "task_id": "report"}], "time_since_launch": 306.37}	34
"26071119541745202"	"AQUALAB"	"2026-07-11T11:59:23.309000+00:00"	"script_line_displayed"	{"node_id": "job.arctic-seal-habbits.helpMicro", "server_time": "2026-07-11T06:59:25+00:00", "speaker": "", "text_string": "Look around for microscopic critters in Ephemeral Impasse."}	"GAME"	"120"	"production"	"6"	"UTC+08:00"	"AbleHobbit"	{}	{"job_argumentation": 2, "job_experimentation": 0, "job_modeling": 0, "job_name": "arctic-seal-habitats", "money": 1730, "region": "ArcticStation", "scene_type": "ship", "science_level": 3, "science_points": 210, "site": "Experimentation", "task_list": [{"is_complete": true, "task_id": "findHabitat"}, {"is_complete": true, "task_id": "findRibbon"}, {"is_complete": false, "task_id": "findMicro"}, {"is_complete": true, "task_id": "countSeal"}, {"is_complete": false, "task_id": "countMicro"}, {"is_complete": false, "task_id": "report"}], "time_since_launch": 306.37}	34
"26071119541745202"	"AQUALAB"	"2026-07-11T11:59:38.955000+00:00"	"begin_experiment"	{"autofeeder_enabled": false, "critters": "AngelFish,ArcticCod", "environment": "KelpForest", "server_time": "2026-07-11T06:59:41+00:00", "stabilizer_enabled": true, "tank_type": "Measurement"}	"GAME"	"120"	"production"	"6"	"UTC+08:00"	"AbleHobbit"	{}	{"job_argumentation": 2, "job_experimentation": 0, "job_modeling": 0, "job_name": "arctic-seal-habitats", "money": 1730, "region": "ArcticStation", "scene_type": "ship", "science_level": 3, "science_points": 210, "site": "Experimentation", "task_list": [{"is_complete": true, "task_id": "findHabitat"}, {"is_complete": true, "task_id": "findRibbon"}, {"is_complete": false, "task_id": "findMicro"}, {"is_complete": true, "task_id": "countSeal"}, {"is_complete": false, "task_id": "countMicro"}, {"is_complete": false, "task_id": "report"}], "time_since_launch": 322.02}	35
"26071119541745202"	"AQUALAB"	"2026-07-11T11:59:38.955000+00:00"	"begin_experiment"	{"autofeeder_enabled": false, "critters": "AngelFish,ArcticCod", "environment": "KelpForest", "server_time": "2026-07-11T06:59:41+00:00", "stabilizer_enabled": true, "tank_type": "Measurement"}	"GAME"	"120"	"production"	"6"	"UTC+08:00"	"AbleHobbit"	{}	{"job_argumentation": 2, "job_experimentation": 0, "job_modeling": 0, "job_name": "arctic-seal-habitats", "money": 1730, "region": "ArcticStation", "scene_type": "ship", "science_level": 3, "science_points": 210, "site": "Experimentation", "task_list": [{"is_complete": true, "task_id": "findHabitat"}, {"is_complete": true, "task_id": "findRibbon"}, {"is_complete": false, "task_id": "findMicro"}, {"is_complete": true, "task_id": "countSeal"}, {"is_complete": false, "task_id": "countMicro"}, {"is_complete": false, "task_id": "report"}], "time_since_launch": 322.02}	35
"26071119541745202"	"AQUALAB"	"2026-07-11T11:59:50.920000+00:00"	"script_began"	{"node_id": "partner.talk.experiment.generic.measurement-tank.track-complete", "server_time": "2026-07-11T06:59:55+00:00"}	"GAME"	"120"	"production"	"6"	"UTC+08:00"	"AbleHobbit"	{}	{"job_argumentation": 2, "job_experimentation": 0, "job_modeling": 0, "job_name": "arctic-seal-habitats", "money": 1730, "region": "ArcticStation", "scene_type": "ship", "science_level": 3, "science_points": 210, "site": "Experimentation", "task_list": [{"is_complete": true, "task_id": "findHabitat"}, {"is_complete": true, "task_id": "findRibbon"}, {"is_complete": false, "task_id": "findMicro"}, {"is_complete": true, "task_id": "countSeal"}, {"is_complete": false, "task_id": "countMicro"}, {"is_complete": false, "task_id": "report"}], "time_since_launch": 333.98}	36
"26071119541745202"	"AQUALAB"	"2026-07-11T11:59:50.920000+00:00"	"script_began"	{"node_id": "partner.talk.experiment.generic.measurement-tank.track-complete", "server_time": "2026-07-11T06:59:55+00:00"}	"GAME"	"120"	"production"	"6"	"UTC+08:00"	"AbleHobbit"	{}	{"job_argumentation": 2, "job_experimentation": 0, "job_modeling": 0, "job_name": "arctic-seal-habitats", "money": 1730, "region": "ArcticStation", "scene_type": "ship", "science_level": 3, "science_points": 210, "site": "Experimentation", "task_list": [{"is_complete": true, "task_id": "findHabitat"}, {"is_complete": true, "task_id": "findRibbon"}, {"is_complete": false, "task_id": "findMicro"}, {"is_complete": true, "task_id": "countSeal"}, {"is_complete": false, "task_id": "countMicro"}, {"is_complete": false, "task_id": "report"}], "time_since_launch": 333.98}	36
"26071119541745202"	"AQUALAB"	"2026-07-11T11:59:50.920000+00:00"	"end_experiment"	{"autofeeder_enabled": false, "critters": "AngelFish,ArcticCod", "environment": "KelpForest", "server_time": "2026-07-11T06:59:55+00:00", "stabilizer_enabled": true, "tank_type": "Measurement"}	"GAME"	"120"	"production"	"6"	"UTC+08:00"	"AbleHobbit"	{}	{"job_argumentation": 2, "job_experimentation": 0, "job_modeling": 0, "job_name": "arctic-seal-habitats", "money": 1730, "region": "ArcticStation", "scene_type": "ship", "science_level": 3, "science_points": 210, "site": "Experimentation", "task_list": [{"is_complete": true, "task_id": "findHabitat"}, {"is_complete": true, "task_id": "findRibbon"}, {"is_complete": false, "task_id": "findMicro"}, {"is_complete": true, "task_id": "countSeal"}, {"is_complete": false, "task_id": "countMicro"}, {"is_complete": false, "task_id": "report"}], "time_since_launch": 333.98}	37
"26071119541745202"	"AQUALAB"	"2026-07-11T11:59:50.920000+00:00"	"end_experiment"	{"autofeeder_enabled": false, "critters": "AngelFish,ArcticCod", "environment": "KelpForest", "server_time": "2026-07-11T06:59:55+00:00", "stabilizer_enabled": true, "tank_type": "Measurement"}	"GAME"	"120"	"production"	"6"	"UTC+08:00"	"AbleHobbit"	{}	{"job_argumentation": 2, "job_experimentation": 0, "job_modeling": 0, "job_name": "arctic-seal-habitats", "money": 1730, "region": "ArcticStation", "scene_type": "ship", "science_level": 3, "science_points": 210, "site": "Experimentation", "task_list": [{"is_complete": true, "task_id": "findHabitat"}, {"is_complete": true, "task_id": "findRibbon"}, {"is_complete": false, "task_id": "findMicro"}, {"is_complete": true, "task_id": "countSeal"}, {"is_complete": false, "task_id": "countMicro"}, {"is_complete": false, "task_id": "report"}], "time_since_launch": 333.98}	37
"26071119541745202"	"AQUALAB"	"2026-07-11T12:00:48.711000+00:00"	"begin_experiment"	{"autofeeder_enabled": false, "critters": "", "environment": "", "server_time": "2026-07-11T07:00:51+00:00", "stabilizer_enabled": false, "tank_type": "Stress"}	"GAME"	"120"	"production"	"6"	"UTC+08:00"	"AbleHobbit"	{}	{"job_argumentation": 2, "job_experimentation": 0, "job_modeling": 0, "job_name": "arctic-seal-habitats", "money": 1730, "region": "ArcticStation", "scene_type": "ship", "science_level": 3, "science_points": 210, "site": "Experimentation", "task_list": [{"is_complete": true, "task_id": "findHabitat"}, {"is_complete": true, "task_id": "findRibbon"}, {"is_complete": false, "task_id": "findMicro"}, {"is_complete": true, "task_id": "countSeal"}, {"is_complete": false, "task_id": "countMicro"}, {"is_complete": false, "task_id": "report"}], "time_since_launch": 391.78}	38
"26071119541745202"	"AQUALAB"	"2026-07-11T12:00:48.711000+00:00"	"begin_experiment"	{"autofeeder_enabled": false, "critters": "", "environment": "", "server_time": "2026-07-11T07:00:51+00:00", "stabilizer_enabled": false, "tank_type": "Stress"}	"GAME"	"120"	"production"	"6"	"UTC+08:00"	"AbleHobbit"	{}	{"job_argumentation": 2, "job_experimentation": 0, "job_modeling": 0, "job_name": "arctic-seal-habitats", "money": 1730, "region": "ArcticStation", "scene_type": "ship", "science_level": 3, "science_points": 210, "site": "Experimentation", "task_list": [{"is_complete": true, "task_id": "findHabitat"}, {"is_complete": true, "task_id": "findRibbon"}, {"is_complete": false, "task_id": "findMicro"}, {"is_complete": true, "task_id": "countSeal"}, {"is_complete": false, "task_id": "countMicro"}, {"is_complete": false, "task_id": "report"}], "time_since_launch": 391.78}	38
"26071119541745202"	"AQUALAB"	"2026-07-11T12:00:50.553000+00:00"	"end_experiment"	{"autofeeder_enabled": false, "critters": "", "environment": "", "server_time": "2026-07-11T07:00:51+00:00", "stabilizer_enabled": false, "tank_type": "Stress"}	"GAME"	"120"	"production"	"6"	"UTC+08:00"	"AbleHobbit"	{}	{"job_argumentation": 2, "job_experimentation": 0, "job_modeling": 0, "job_name": "arctic-seal-habitats", "money": 1730, "region": "ArcticStation", "scene_type": "ship", "science_level": 3, "science_points": 210, "site": "Experimentation", "task_list": [{"is_complete": true, "task_id": "findHabitat"}, {"is_complete": true, "task_id": "findRibbon"}, {"is_complete": false, "task_id": "findMicro"}, {"is_complete": true, "task_id": "countSeal"}, {"is_complete": false, "task_id": "countMicro"}, {"is_complete": false, "task_id": "report"}], "time_since_launch": 393.62}	39
"26071119541745202"	"AQUALAB"	"2026-07-11T12:00:50.553000+00:00"	"end_experiment"	{"autofeeder_enabled": false, "critters": "", "environment": "", "server_time": "2026-07-11T07:00:51+00:00", "stabilizer_enabled": false, "tank_type": "Stress"}	"GAME"	"120"	"production"	"6"	"UTC+08:00"	"AbleHobbit"	{}	{"job_argumentation": 2, "job_experimentation": 0, "job_modeling": 0, "job_name": "arctic-seal-habitats", "money": 1730, "region": "ArcticStation", "scene_type": "ship", "science_level": 3, "science_points": 210, "site": "Experimentation", "task_list": [{"is_complete": true, "task_id": "findHabitat"}, {"is_complete": true, "task_id": "findRibbon"}, {"is_complete": false, "task_id": "findMicro"}, {"is_complete": true, "task_id": "countSeal"}, {"is_complete": false, "task_id": "countMicro"}, {"is_complete": false, "task_id": "report"}], "time_since_launch": 393.62}	39
"26071119541745202"	"AQUALAB"	"2026-07-11T12:03:21.969000+00:00"	"add_environment"	{"environment": "KelpForest", "server_time": "2026-07-11T07:03:24+00:00", "tank_type": "Measurement"}	"GAME"	"120"	"production"	"6"	"UTC+08:00"	"AbleHobbit"	{}	{"job_argumentation": 2, "job_experimentation": 0, "job_modeling": 0, "job_name": "arctic-seal-habitats", "money": 1730, "region": "ArcticStation", "scene_type": "ship", "science_level": 3, "science_points": 210, "site": "Experimentation", "task_list": [{"is_complete": true, "task_id": "findHabitat"}, {"is_complete": true, "task_id": "findRibbon"}, {"is_complete": false, "task_id": "findMicro"}, {"is_complete": true, "task_id": "countSeal"}, {"is_complete": false, "task_id": "countMicro"}, {"is_complete": false, "task_id": "report"}], "time_since_launch": 544.98}	40
"26071119541745202"	"AQUALAB"	"2026-07-11T12:03:21.969000+00:00"	"add_environment"	{"environment": "KelpForest", "server_time": "2026-07-11T07:03:24+00:00", "tank_type": "Measurement"}	"GAME"	"120"	"production"	"6"	"UTC+08:00"	"AbleHobbit"	{}	{"job_argumentation": 2, "job_experimentation": 0, "job_modeling": 0, "job_name": "arctic-seal-habitats", "money": 1730, "region": "ArcticStation", "scene_type": "ship", "science_level": 3, "science_points": 210, "site": "Experimentation", "task_list": [{"is_complete": true, "task_id": "findHabitat"}, {"is_complete": true, "task_id": "findRibbon"}, {"is_complete": false, "task_id": "findMicro"}, {"is_complete": true, "task_id": "countSeal"}, {"is_complete": false, "task_id": "countMicro"}, {"is_complete": false, "task_id": "report"}], "time_since_launch": 544.98}	40
"26071119541745202"	"AQUALAB"	"2026-07-11T12:03:29.819000+00:00"	"remove_environment"	{"environment": "KelpForest (Aqua.BestiaryDesc)", "server_time": "2026-07-11T07:03:32+00:00", "tank_type": "Measurement"}	"GAME"	"120"	"production"	"6"	"UTC+08:00"	"AbleHobbit"	{}	{"job_argumentation": 2, "job_experimentation": 0, "job_modeling": 0, "job_name": "arctic-seal-habitats", "money": 1730, "region": "ArcticStation", "scene_type": "ship", "science_level": 3, "science_points": 210, "site": "Experimentation", "task_list": [{"is_complete": true, "task_id": "findHabitat"}, {"is_complete": true, "task_id": "findRibbon"}, {"is_complete": false, "task_id": "findMicro"}, {"is_complete": true, "task_id": "countSeal"}, {"is_complete": false, "task_id": "countMicro"}, {"is_complete": false, "task_id": "report"}], "time_since_launch": 552.83}	41
"26071119541745202"	"AQUALAB"	"2026-07-11T12:03:29.819000+00:00"	"remove_environment"	{"environment": "KelpForest (Aqua.BestiaryDesc)", "server_time": "2026-07-11T07:03:32+00:00", "tank_type": "Measurement"}	"GAME"	"120"	"production"	"6"	"UTC+08:00"	"AbleHobbit"	{}	{"job_argumentation": 2, "job_experimentation": 0, "job_modeling": 0, "job_name": "arctic-seal-habitats", "money": 1730, "region": "ArcticStation", "scene_type": "ship", "science_level": 3, "science_points": 210, "site": "Experimentation", "task_list": [{"is_complete": true, "task_id": "findHabitat"}, {"is_complete": true, "task_id": "findRibbon"}, {"is_complete": false, "task_id": "findMicro"}, {"is_complete": true, "task_id": "countSeal"}, {"is_complete": false, "task_id": "countMicro"}, {"is_complete": false, "task_id": "report"}], "time_since_launch": 552.83}	41
"26071119541745202"	"AQUALAB"	"2026-07-11T12:03:29.819000+00:00"	"add_environment"	{"environment": "UrchinBarren", "server_time": "2026-07-11T07:03:32+00:00", "tank_type": "Measurement"}	"GAME"	"120"	"production"	"6"	"UTC+08:00"	"AbleHobbit"	{}	{"job_argumentation": 2, "job_experimentation": 0, "job_modeling": 0, "job_name": "arctic-seal-habitats", "money": 1730, "region": "ArcticStation", "scene_type": "ship", "science_level": 3, "science_points": 210, "site": "Experimentation", "task_list": [{"is_complete": true, "task_id": "findHabitat"}, {"is_complete": true, "task_id": "findRibbon"}, {"is_complete": false, "task_id": "findMicro"}, {"is_complete": true, "task_id": "countSeal"}, {"is_complete": false, "task_id": "countMicro"}, {"is_complete": false, "task_id": "report"}], "time_since_launch": 552.84}	42
"26071119541745202"	"AQUALAB"	"2026-07-11T12:03:29.819000+00:00"	"add_environment"	{"environment": "UrchinBarren", "server_time": "2026-07-11T07:03:32+00:00", "tank_type": "Measurement"}	"GAME"	"120"	"production"	"6"	"UTC+08:00"	"AbleHobbit"	{}	{"job_argumentation": 2, "job_experimentation": 0, "job_modeling": 0, "job_name": "arctic-seal-habitats", "money": 1730, "region": "ArcticStation", "scene_type": "ship", "science_level": 3, "science_points": 210, "site": "Experimentation", "task_list": [{"is_complete": true, "task_id": "findHabitat"}, {"is_complete": true, "task_id": "findRibbon"}, {"is_complete": false, "task_id": "findMicro"}, {"is_complete": true, "task_id": "countSeal"}, {"is_complete": false, "task_id": "countMicro"}, {"is_complete": false, "task_id": "report"}], "time_since_launch": 552.84}	42
"26071119541745202"	"AQUALAB"	"2026-07-11T12:03:35.286000+00:00"	"add_critter"	{"critter": "AngelFish", "environment": "UrchinBarren", "server_time": "2026-07-11T07:03:35+00:00", "tank_type": "Measurement"}	"GAME"	"120"	"production"	"6"	"UTC+08:00"	"AbleHobbit"	{}	{"job_argumentation": 2, "job_experimentation": 0, "job_modeling": 0, "job_name": "arctic-seal-habitats", "money": 1730, "region": "ArcticStation", "scene_type": "ship", "science_level": 3, "science_points": 210, "site": "Experimentation", "task_list": [{"is_complete": true, "task_id": "findHabitat"}, {"is_complete": true, "task_id": "findRibbon"}, {"is_complete": false, "task_id": "findMicro"}, {"is_complete": true, "task_id": "countSeal"}, {"is_complete": false, "task_id": "countMicro"}, {"is_complete": false, "task_id": "report"}], "time_since_launch": 558.3}	43
"26071119541745202"	"AQUALAB"	"2026-07-11T12:03:35.286000+00:00"	"add_critter"	{"critter": "AngelFish", "environment": "UrchinBarren", "server_time": "2026-07-11T07:03:35+00:00", "tank_type": "Measurement"}	"GAME"	"120"	"production"	"6"	"UTC+08:00"	"AbleHobbit"	{}	{"job_argumentation": 2, "job_experimentation": 0, "job_modeling": 0, "job_name": "arctic-seal-habitats", "money": 1730, "region": "ArcticStation", "scene_type": "ship", "science_level": 3, "science_points": 210, "site": "Experimentation", "task_list": [{"is_complete": true, "task_id": "findHabitat"}, {"is_complete": true, "task_id": "findRibbon"}, {"is_complete": false, "task_id": "findMicro"}, {"is_complete": true, "task_id": "countSeal"}, {"is_complete": false, "task_id": "countMicro"}, {"is_complete": false, "task_id": "report"}], "time_since_launch": 558.3}	43
"26071119541745202"	"AQUALAB"	"2026-07-11T12:03:36.336000+00:00"	"add_critter"	{"critter": "ArcticCod", "environment": "UrchinBarren", "server_time": "2026-07-11T07:03:36+00:00", "tank_type": "Measurement"}	"GAME"	"120"	"production"	"6"	"UTC+08:00"	"AbleHobbit"	{}	{"job_argumentation": 2, "job_experimentation": 0, "job_modeling": 0, "job_name": "arctic-seal-habitats", "money": 1730, "region": "ArcticStation", "scene_type": "ship", "science_level": 3, "science_points": 210, "site": "Experimentation", "task_list": [{"is_complete": true, "task_id": "findHabitat"}, {"is_complete": true, "task_id": "findRibbon"}, {"is_complete": false, "task_id": "findMicro"}, {"is_complete": true, "task_id": "countSeal"}, {"is_complete": false, "task_id": "countMicro"}, {"is_complete": false, "task_id": "report"}], "time_since_launch": 559.35}	44
"26071119541745202"	"AQUALAB"	"2026-07-11T12:03:36.336000+00:00"	"add_critter"	{"critter": "ArcticCod", "environment": "UrchinBarren", "server_time": "2026-07-11T07:03:36+00:00", "tank_type": "Measurement"}	"GAME"	"120"	"production"	"6"	"UTC+08:00"	"AbleHobbit"	{}	{"job_argumentation": 2, "job_experimentation": 0, "job_modeling": 0, "job_name": "arctic-seal-habitats", "money": 1730, "region": "ArcticStation", "scene_type": "ship", "science_level": 3, "science_points": 210, "site": "Experimentation", "task_list": [{"is_complete": true, "task_id": "findHabitat"}, {"is_complete": true, "task_id": "findRibbon"}, {"is_complete": false, "task_id": "findMicro"}, {"is_complete": true, "task_id": "countSeal"}, {"is_complete": false, "task_id": "countMicro"}, {"is_complete": false, "task_id": "report"}], "time_since_launch": 559.35}	44
"26071119541745202"	"AQUALAB"	"2026-07-11T12:03:36.952000+00:00"	"add_critter"	{"critter": "BullKelp", "environment": "UrchinBarren", "server_time": "2026-07-11T07:03:37+00:00", "tank_type": "Measurement"}	"GAME"	"120"	"production"	"6"	"UTC+08:00"	"AbleHobbit"	{}	{"job_argumentation": 2, "job_experimentation": 0, "job_modeling": 0, "job_name": "arctic-seal-habitats", "money": 1730, "region": "ArcticStation", "scene_type": "ship", "science_level": 3, "science_points": 210, "site": "Experimentation", "task_list": [{"is_complete": true, "task_id": "findHabitat"}, {"is_complete": true, "task_id": "findRibbon"}, {"is_complete": false, "task_id": "findMicro"}, {"is_complete": true, "task_id": "countSeal"}, {"is_complete": false, "task_id": "countMicro"}, {"is_complete": false, "task_id": "report"}], "time_since_launch": 559.97}	45
"26071119541745202"	"AQUALAB"	"2026-07-11T12:03:36.952000+00:00"	"add_critter"	{"critter": "BullKelp", "environment": "UrchinBarren", "server_time": "2026-07-11T07:03:37+00:00", "tank_type": "Measurement"}	"GAME"	"120"	"production"	"6"	"UTC+08:00"	"AbleHobbit"	{}	{"job_argumentation": 2, "job_experimentation": 0, "job_modeling": 0, "job_name": "arctic-seal-habitats", "money": 1730, "region": "ArcticStation", "scene_type": "ship", "science_level": 3, "science_points": 210, "site": "Experimentation", "task_list": [{"is_complete": true, "task_id": "findHabitat"}, {"is_complete": true, "task_id": "findRibbon"}, {"is_complete": false, "task_id": "findMicro"}, {"is_complete": true, "task_id": "countSeal"}, {"is_complete": false, "task_id": "countMicro"}, {"is_complete": false, "task_id": "report"}], "time_since_launch": 559.97}	45
"26071119541745202"	"AQUALAB"	"2026-07-11T12:03:37.470000+00:00"	"add_critter"	{"critter": "ChinookSalmon", "environment": "UrchinBarren", "server_time": "2026-07-11T07:03:37+00:00", "tank_type": "Measurement"}	"GAME"	"120"	"production"	"6"	"UTC+08:00"	"AbleHobbit"	{}	{"job_argumentation": 2, "job_experimentation": 0, "job_modeling": 0, "job_name": "arctic-seal-habitats", "money": 1730, "region": "ArcticStation", "scene_type": "ship", "science_level": 3, "science_points": 210, "site": "Experimentation", "task_list": [{"is_complete": true, "task_id": "findHabitat"}, {"is_complete": true, "task_id": "findRibbon"}, {"is_complete": false, "task_id": "findMicro"}, {"is_complete": true, "task_id": "countSeal"}, {"is_complete": false, "task_id": "countMicro"}, {"is_complete": false, "task_id": "report"}], "time_since_launch": 560.49}	46
"26071119541745202"	"AQUALAB"	"2026-07-11T12:03:37.470000+00:00"	"add_critter"	{"critter": "ChinookSalmon", "environment": "UrchinBarren", "server_time": "2026-07-11T07:03:37+00:00", "tank_type": "Measurement"}	"GAME"	"120"	"production"	"6"	"UTC+08:00"	"AbleHobbit"	{}	{"job_argumentation": 2, "job_experimentation": 0, "job_modeling": 0, "job_name": "arctic-seal-habitats", "money": 1730, "region": "ArcticStation", "scene_type": "ship", "science_level": 3, "science_points": 210, "site": "Experimentation", "task_list": [{"is_complete": true, "task_id": "findHabitat"}, {"is_complete": true, "task_id": "findRibbon"}, {"is_complete": false, "task_id": "findMicro"}, {"is_complete": true, "task_id": "countSeal"}, {"is_complete": false, "task_id": "countMicro"}, {"is_complete": false, "task_id": "report"}], "time_since_launch": 560.49}	46
"26071119541745202"	"AQUALAB"	"2026-07-11T12:03:38.353000+00:00"	"remove_critter"	{"critter": "ChinookSalmon", "environment": "UrchinBarren", "server_time": "2026-07-11T07:03:38+00:00", "tank_type": "Measurement"}	"GAME"	"120"	"production"	"6"	"UTC+08:00"	"AbleHobbit"	{}	{"job_argumentation": 2, "job_experimentation": 0, "job_modeling": 0, "job_name": "arctic-seal-habitats", "money": 1730, "region": "ArcticStation", "scene_type": "ship", "science_level": 3, "science_points": 210, "site": "Experimentation", "task_list": [{"is_complete": true, "task_id": "findHabitat"}, {"is_complete": true, "task_id": "findRibbon"}, {"is_complete": false, "task_id": "findMicro"}, {"is_complete": true, "task_id": "countSeal"}, {"is_complete": false, "task_id": "countMicro"}, {"is_complete": false, "task_id": "report"}], "time_since_launch": 561.37}	47
"26071119541745202"	"AQUALAB"	"2026-07-11T12:03:38.353000+00:00"	"remove_critter"	{"critter": "ChinookSalmon", "environment": "UrchinBarren", "server_time": "2026-07-11T07:03:38+00:00", "tank_type": "Measurement"}	"GAME"	"120"	"production"	"6"	"UTC+08:00"	"AbleHobbit"	{}	{"job_argumentation": 2, "job_experimentation": 0, "job_modeling": 0, "job_name": "arctic-seal-habitats", "money": 1730, "region": "ArcticStation", "scene_type": "ship", "science_level": 3, "science_points": 210, "site": "Experimentation", "task_list": [{"is_complete": true, "task_id": "findHabitat"}, {"is_complete": true, "task_id": "findRibbon"}, {"is_complete": false, "task_id": "findMicro"}, {"is_complete": true, "task_id": "countSeal"}, {"is_complete": false, "task_id": "countMicro"}, {"is_complete": false, "task_id": "report"}], "time_since_launch": 561.37}	47
"26071119541745202"	"AQUALAB"	"2026-07-11T12:03:39.336000+00:00"	"remove_critter"	{"critter": "BullKelp", "environment": "UrchinBarren", "server_time": "2026-07-11T07:03:39+00:00", "tank_type": "Measurement"}	"GAME"	"120"	"production"	"6"	"UTC+08:00"	"AbleHobbit"	{}	{"job_argumentation": 2, "job_experimentation": 0, "job_modeling": 0, "job_name": "arctic-seal-habitats", "money": 1730, "region": "ArcticStation", "scene_type": "ship", "science_level": 3, "science_points": 210, "site": "Experimentation", "task_list": [{"is_complete": true, "task_id": "findHabitat"}, {"is_complete": true, "task_id": "findRibbon"}, {"is_complete": false, "task_id": "findMicro"}, {"is_complete": true, "task_id": "countSeal"}, {"is_complete": false, "task_id": "countMicro"}, {"is_complete": false, "task_id": "report"}], "time_since_launch": 562.35}	48
"26071119541745202"	"AQUALAB"	"2026-07-11T12:03:39.336000+00:00"	"remove_critter"	{"critter": "BullKelp", "environment": "UrchinBarren", "server_time": "2026-07-11T07:03:39+00:00", "tank_type": "Measurement"}	"GAME"	"120"	"production"	"6"	"UTC+08:00"	"AbleHobbit"	{}	{"job_argumentation": 2, "job_experimentation": 0, "job_modeling": 0, "job_name": "arctic-seal-habitats", "money": 1730, "region": "ArcticStation", "scene_type": "ship", "science_level": 3, "science_points": 210, "site": "Experimentation", "task_list": [{"is_complete": true, "task_id": "findHabitat"}, {"is_complete": true, "task_id": "findRibbon"}, {"is_complete": false, "task_id": "findMicro"}, {"is_complete": true, "task_id": "countSeal"}, {"is_complete": false, "task_id": "countMicro"}, {"is_complete": false, "task_id": "report"}], "time_since_launch": 562.35}	48
"26071119541745202"	"AQUALAB"	"2026-07-11T12:03:39.901000+00:00"	"add_critter"	{"critter": "ArcticCopepod", "environment": "UrchinBarren", "server_time": "2026-07-11T07:03:40+00:00", "tank_type": "Measurement"}	"GAME"	"120"	"production"	"6"	"UTC+08:00"	"AbleHobbit"	{}	{"job_argumentation": 2, "job_experimentation": 0, "job_modeling": 0, "job_name": "arctic-seal-habitats", "money": 1730, "region": "ArcticStation", "scene_type": "ship", "science_level": 3, "science_points": 210, "site": "Experimentation", "task_list": [{"is_complete": true, "task_id": "findHabitat"}, {"is_complete": true, "task_id": "findRibbon"}, {"is_complete": false, "task_id": "findMicro"}, {"is_complete": true, "task_id": "countSeal"}, {"is_complete": false, "task_id": "countMicro"}, {"is_complete": false, "task_id": "report"}], "time_since_launch": 562.92}	49
"26071119541745202"	"AQUALAB"	"2026-07-11T12:03:39.901000+00:00"	"add_critter"	{"critter": "ArcticCopepod", "environment": "UrchinBarren", "server_time": "2026-07-11T07:03:40+00:00", "tank_type": "Measurement"}	"GAME"	"120"	"production"	"6"	"UTC+08:00"	"AbleHobbit"	{}	{"job_argumentation": 2, "job_experimentation": 0, "job_modeling": 0, "job_name": "arctic-seal-habitats", "money": 1730, "region": "ArcticStation", "scene_type": "ship", "science_level": 3, "science_points": 210, "site": "Experimentation", "task_list": [{"is_complete": true, "task_id": "findHabitat"}, {"is_complete": true, "task_id": "findRibbon"}, {"is_complete": false, "task_id": "findMicro"}, {"is_complete": true, "task_id": "countSeal"}, {"is_complete": false, "task_id": "countMicro"}, {"is_complete": false, "task_id": "report"}], "time_since_launch": 562.92}	49
"26071119541745202"	"AQUALAB"	"2026-07-11T12:03:41.336000+00:00"	"add_critter"	{"critter": "Copepod", "environment": "UrchinBarren", "server_time": "2026-07-11T07:03:41+00:00", "tank_type": "Measurement"}	"GAME"	"120"	"production"	"6"	"UTC+08:00"	"AbleHobbit"	{}	{"job_argumentation": 2, "job_experimentation": 0, "job_modeling": 0, "job_name": "arctic-seal-habitats", "money": 1730, "region": "ArcticStation", "scene_type": "ship", "science_level": 3, "science_points": 210, "site": "Experimentation", "task_list": [{"is_complete": true, "task_id": "findHabitat"}, {"is_complete": true, "task_id": "findRibbon"}, {"is_complete": false, "task_id": "findMicro"}, {"is_complete": true, "task_id": "countSeal"}, {"is_complete": false, "task_id": "countMicro"}, {"is_complete": false, "task_id": "report"}], "time_since_launch": 564.35}	50
"26071119541745202"	"AQUALAB"	"2026-07-11T12:03:41.336000+00:00"	"add_critter"	{"critter": "Copepod", "environment": "UrchinBarren", "server_time": "2026-07-11T07:03:41+00:00", "tank_type": "Measurement"}	"GAME"	"120"	"production"	"6"	"UTC+08:00"	"AbleHobbit"	{}	{"job_argumentation": 2, "job_experimentation": 0, "job_modeling": 0, "job_name": "arctic-seal-habitats", "money": 1730, "region": "ArcticStation", "scene_type": "ship", "science_level": 3, "science_points": 210, "site": "Experimentation", "task_list": [{"is_complete": true, "task_id": "findHabitat"}, {"is_complete": true, "task_id": "findRibbon"}, {"is_complete": false, "task_id": "findMicro"}, {"is_complete": true, "task_id": "countSeal"}, {"is_complete": false, "task_id": "countMicro"}, {"is_complete": false, "task_id": "report"}], "time_since_launch": 564.35}	50
"26071119541745202"	"AQUALAB"	"2026-07-11T12:03:42.203000+00:00"	"remove_critter"	{"critter": "Copepod", "environment": "UrchinBarren", "server_time": "2026-07-11T07:03:43+00:00", "tank_type": "Measurement"}	"GAME"	"120"	"production"	"6"	"UTC+08:00"	"AbleHobbit"	{}	{"job_argumentation": 2, "job_experimentation": 0, "job_modeling": 0, "job_name": "arctic-seal-habitats", "money": 1730, "region": "ArcticStation", "scene_type": "ship", "science_level": 3, "science_points": 210, "site": "Experimentation", "task_list": [{"is_complete": true, "task_id": "findHabitat"}, {"is_complete": true, "task_id": "findRibbon"}, {"is_complete": false, "task_id": "findMicro"}, {"is_complete": true, "task_id": "countSeal"}, {"is_complete": false, "task_id": "countMicro"}, {"is_complete": false, "task_id": "report"}], "time_since_launch": 565.22}	51
"26071119541745202"	"AQUALAB"	"2026-07-11T12:03:42.203000+00:00"	"remove_critter"	{"critter": "Copepod", "environment": "UrchinBarren", "server_time": "2026-07-11T07:03:43+00:00", "tank_type": "Measurement"}	"GAME"	"120"	"production"	"6"	"UTC+08:00"	"AbleHobbit"	{}	{"job_argumentation": 2, "job_experimentation": 0, "job_modeling": 0, "job_name": "arctic-seal-habitats", "money": 1730, "region": "ArcticStation", "scene_type": "ship", "science_level": 3, "science_points": 210, "site": "Experimentation", "task_list": [{"is_complete": true, "task_id": "findHabitat"}, {"is_complete": true, "task_id": "findRibbon"}, {"is_complete": false, "task_id": "findMicro"}, {"is_complete": true, "task_id": "countSeal"}, {"is_complete": false, "task_id": "countMicro"}, {"is_complete": false, "task_id": "report"}], "time_since_launch": 565.22}	51
"26071119541745202"	"AQUALAB"	"2026-07-11T12:03:43.452000+00:00"	"remove_critter"	{"critter": "ArcticCopepod", "environment": "UrchinBarren", "server_time": "2026-07-11T07:03:43+00:00", "tank_type": "Measurement"}	"GAME"	"120"	"production"	"6"	"UTC+08:00"	"AbleHobbit"	{}	{"job_argumentation": 2, "job_experimentation": 0, "job_modeling": 0, "job_name": "arctic-seal-habitats", "money": 1730, "region": "ArcticStation", "scene_type": "ship", "science_level": 3, "science_points": 210, "site": "Experimentation", "task_list": [{"is_complete": true, "task_id": "findHabitat"}, {"is_complete": true, "task_id": "findRibbon"}, {"is_complete": false, "task_id": "findMicro"}, {"is_complete": true, "task_id": "countSeal"}, {"is_complete": false, "task_id": "countMicro"}, {"is_complete": false, "task_id": "report"}], "time_since_launch": 566.47}	52
"26071119541745202"	"AQUALAB"	"2026-07-11T12:03:43.452000+00:00"	"remove_critter"	{"critter": "ArcticCopepod", "environment": "UrchinBarren", "server_time": "2026-07-11T07:03:43+00:00", "tank_type": "Measurement"}	"GAME"	"120"	"production"	"6"	"UTC+08:00"	"AbleHobbit"	{}	{"job_argumentation": 2, "job_experimentation": 0, "job_modeling": 0, "job_name": "arctic-seal-habitats", "money": 1730, "region": "ArcticStation", "scene_type": "ship", "science_level": 3, "science_points": 210, "site": "Experimentation", "task_list": [{"is_complete": true, "task_id": "findHabitat"}, {"is_complete": true, "task_id": "findRibbon"}, {"is_complete": false, "task_id": "findMicro"}, {"is_complete": true, "task_id": "countSeal"}, {"is_complete": false, "task_id": "countMicro"}, {"is_complete": false, "task_id": "report"}], "time_since_launch": 566.47}	52
"26071119541745202"	"AQUALAB"	"2026-07-11T12:03:43.952000+00:00"	"add_critter"	{"critter": "ChinookSalmon", "environment": "UrchinBarren", "server_time": "2026-07-11T07:03:44+00:00", "tank_type": "Measurement"}	"GAME"	"120"	"production"	"6"	"UTC+08:00"	"AbleHobbit"	{}	{"job_argumentation": 2, "job_experimentation": 0, "job_modeling": 0, "job_name": "arctic-seal-habitats", "money": 1730, "region": "ArcticStation", "scene_type": "ship", "science_level": 3, "science_points": 210, "site": "Experimentation", "task_list": [{"is_complete": true, "task_id": "findHabitat"}, {"is_complete": true, "task_id": "findRibbon"}, {"is_complete": false, "task_id": "findMicro"}, {"is_complete": true, "task_id": "countSeal"}, {"is_complete": false, "task_id": "countMicro"}, {"is_complete": false, "task_id": "report"}], "time_since_launch": 566.97}	53
"26071119541745202"	"AQUALAB"	"2026-07-11T12:03:43.952000+00:00"	"add_critter"	{"critter": "ChinookSalmon", "environment": "UrchinBarren", "server_time": "2026-07-11T07:03:44+00:00", "tank_type": "Measurement"}	"GAME"	"120"	"production"	"6"	"UTC+08:00"	"AbleHobbit"	{}	{"job_argumentation": 2, "job_experimentation": 0, "job_modeling": 0, "job_name": "arctic-seal-habitats", "money": 1730, "region": "ArcticStation", "scene_type": "ship", "science_level": 3, "science_points": 210, "site": "Experimentation", "task_list": [{"is_complete": true, "task_id": "findHabitat"}, {"is_complete": true, "task_id": "findRibbon"}, {"is_complete": false, "task_id": "findMicro"}, {"is_complete": true, "task_id": "countSeal"}, {"is_complete": false, "task_id": "countMicro"}, {"is_complete": false, "task_id": "report"}], "time_since_launch": 566.97}	53
"26071119541745202"	"AQUALAB"	"2026-07-11T12:03:45.119000+00:00"	"add_critter"	{"critter": "PterasterObscurus", "environment": "UrchinBarren", "server_time": "2026-07-11T07:03:45+00:00", "tank_type": "Measurement"}	"GAME"	"120"	"production"	"6"	"UTC+08:00"	"AbleHobbit"	{}	{"job_argumentation": 2, "job_experimentation": 0, "job_modeling": 0, "job_name": "arctic-seal-habitats", "money": 1730, "region": "ArcticStation", "scene_type": "ship", "science_level": 3, "science_points": 210, "site": "Experimentation", "task_list": [{"is_complete": true, "task_id": "findHabitat"}, {"is_complete": true, "task_id": "findRibbon"}, {"is_complete": false, "task_id": "findMicro"}, {"is_complete": true, "task_id": "countSeal"}, {"is_complete": false, "task_id": "countMicro"}, {"is_complete": false, "task_id": "report"}], "time_since_launch": 568.14}	54
"26071119541745202"	"AQUALAB"	"2026-07-11T12:03:45.119000+00:00"	"add_critter"	{"critter": "PterasterObscurus", "environment": "UrchinBarren", "server_time": "2026-07-11T07:03:45+00:00", "tank_type": "Measurement"}	"GAME"	"120"	"production"	"6"	"UTC+08:00"	"AbleHobbit"	{}	{"job_argumentation": 2, "job_experimentation": 0, "job_modeling": 0, "job_name": "arctic-seal-habitats", "money": 1730, "region": "ArcticStation", "scene_type": "ship", "science_level": 3, "science_points": 210, "site": "Experimentation", "task_list": [{"is_complete": true, "task_id": "findHabitat"}, {"is_complete": true, "task_id": "findRibbon"}, {"is_complete": false, "task_id": "findMicro"}, {"is_complete": true, "task_id": "countSeal"}, {"is_complete": false, "task_id": "countMicro"}, {"is_complete": false, "task_id": "report"}], "time_since_launch": 568.14}	54
"26071119541745202"	"AQUALAB"	"2026-07-11T12:03:56.085000+00:00"	"add_environment"	{"environment": "UrchinBarren", "server_time": "2026-07-11T07:03:58+00:00", "tank_type": "Measurement"}	"GAME"	"120"	"production"	"6"	"UTC+08:00"	"AbleHobbit"	{}	{"job_argumentation": 2, "job_experimentation": 0, "job_modeling": 0, "job_name": "arctic-seal-habitats", "money": 1730, "region": "ArcticStation", "scene_type": "ship", "science_level": 3, "science_points": 210, "site": "Experimentation", "task_list": [{"is_complete": true, "task_id": "findHabitat"}, {"is_complete": true, "task_id": "findRibbon"}, {"is_complete": false, "task_id": "findMicro"}, {"is_complete": true, "task_id": "countSeal"}, {"is_complete": false, "task_id": "countMicro"}, {"is_complete": false, "task_id": "report"}], "time_since_launch": 579.1}	55
"26071119541745202"	"AQUALAB"	"2026-07-11T12:03:56.085000+00:00"	"add_environment"	{"environment": "UrchinBarren", "server_time": "2026-07-11T07:03:58+00:00", "tank_type": "Measurement"}	"GAME"	"120"	"production"	"6"	"UTC+08:00"	"AbleHobbit"	{}	{"job_argumentation": 2, "job_experimentation": 0, "job_modeling": 0, "job_name": "arctic-seal-habitats", "money": 1730, "region": "ArcticStation", "scene_type": "ship", "science_level": 3, "science_points": 210, "site": "Experimentation", "task_list": [{"is_complete": true, "task_id": "findHabitat"}, {"is_complete": true, "task_id": "findRibbon"}, {"is_complete": false, "task_id": "findMicro"}, {"is_complete": true, "task_id": "countSeal"}, {"is_complete": false, "task_id": "countMicro"}, {"is_complete": false, "task_id": "report"}], "time_since_launch": 579.1}	55
"26071119541745202"	"AQUALAB"	"2026-07-11T12:04:00.968000+00:00"	"add_critter"	{"critter": "ArcticCod", "environment": "UrchinBarren", "server_time": "2026-07-11T07:04:01+00:00", "tank_type": "Measurement"}	"GAME"	"120"	"production"	"6"	"UTC+08:00"	"AbleHobbit"	{}	{"job_argumentation": 2, "job_experimentation": 0, "job_modeling": 0, "job_name": "arctic-seal-habitats", "money": 1730, "region": "ArcticStation", "scene_type": "ship", "science_level": 3, "science_points": 210, "site": "Experimentation", "task_list": [{"is_complete": true, "task_id": "findHabitat"}, {"is_complete": true, "task_id": "findRibbon"}, {"is_complete": false, "task_id": "findMicro"}, {"is_complete": true, "task_id": "countSeal"}, {"is_complete": false, "task_id": "countMicro"}, {"is_complete": false, "task_id": "report"}], "time_since_launch": 583.98}	56
"26071119541745202"	"AQUALAB"	"2026-07-11T12:04:00.968000+00:00"	"add_critter"	{"critter": "ArcticCod", "environment": "UrchinBarren", "server_time": "2026-07-11T07:04:01+00:00", "tank_type": "Measurement"}	"GAME"	"120"	"production"	"6"	"UTC+08:00"	"AbleHobbit"	{}	{"job_argumentation": 2, "job_experimentation": 0, "job_modeling": 0, "job_name": "arctic-seal-habitats", "money": 1730, "region": "ArcticStation", "scene_type": "ship", "science_level": 3, "science_points": 210, "site": "Experimentation", "task_list": [{"is_complete": true, "task_id": "findHabitat"}, {"is_complete": true, "task_id": "findRibbon"}, {"is_complete": false, "task_id": "findMicro"}, {"is_complete": true, "task_id": "countSeal"}, {"is_complete": false, "task_id": "countMicro"}, {"is_complete": false, "task_id": "report"}], "time_since_launch": 583.98}	56
"26071119541745202"	"AQUALAB"	"2026-07-11T12:04:01.669000+00:00"	"add_critter"	{"critter": "AngelFish", "environment": "UrchinBarren", "server_time": "2026-07-11T07:04:02+00:00", "tank_type": "Measurement"}	"GAME"	"120"	"production"	"6"	"UTC+08:00"	"AbleHobbit"	{}	{"job_argumentation": 2, "job_experimentation": 0, "job_modeling": 0, "job_name": "arctic-seal-habitats", "money": 1730, "region": "ArcticStation", "scene_type": "ship", "science_level": 3, "science_points": 210, "site": "Experimentation", "task_list": [{"is_complete": true, "task_id": "findHabitat"}, {"is_complete": true, "task_id": "findRibbon"}, {"is_complete": false, "task_id": "findMicro"}, {"is_complete": true, "task_id": "countSeal"}, {"is_complete": false, "task_id": "countMicro"}, {"is_complete": false, "task_id": "report"}], "time_since_launch": 584.68}	57
"26071119541745202"	"AQUALAB"	"2026-07-11T12:04:01.669000+00:00"	"add_critter"	{"critter": "AngelFish", "environment": "UrchinBarren", "server_time": "2026-07-11T07:04:02+00:00", "tank_type": "Measurement"}	"GAME"	"120"	"production"	"6"	"UTC+08:00"	"AbleHobbit"	{}	{"job_argumentation": 2, "job_experimentation": 0, "job_modeling": 0, "job_name": "arctic-seal-habitats", "money": 1730, "region": "ArcticStation", "scene_type": "ship", "science_level": 3, "science_points": 210, "site": "Experimentation", "task_list": [{"is_complete": true, "task_id": "findHabitat"}, {"is_complete": true, "task_id": "findRibbon"}, {"is_complete": false, "task_id": "findMicro"}, {"is_complete": true, "task_id": "countSeal"}, {"is_complete": false, "task_id": "countMicro"}, {"is_complete": false, "task_id": "report"}], "time_since_launch": 584.68}	57
"26071119541745202"	"AQUALAB"	"2026-07-11T12:04:01.919000+00:00"	"add_critter"	{"critter": "BristleWorm", "environment": "UrchinBarren", "server_time": "2026-07-11T07:04:02+00:00", "tank_type": "Measurement"}	"GAME"	"120"	"production"	"6"	"UTC+08:00"	"AbleHobbit"	{}	{"job_argumentation": 2, "job_experimentation": 0, "job_modeling": 0, "job_name": "arctic-seal-habitats", "money": 1730, "region": "ArcticStation", "scene_type": "ship", "science_level": 3, "science_points": 210, "site": "Experimentation", "task_list": [{"is_complete": true, "task_id": "findHabitat"}, {"is_complete": true, "task_id": "findRibbon"}, {"is_complete": false, "task_id": "findMicro"}, {"is_complete": true, "task_id": "countSeal"}, {"is_complete": false, "task_id": "countMicro"}, {"is_complete": false, "task_id": "report"}], "time_since_launch": 584.94}	58
"26071119541745202"	"AQUALAB"	"2026-07-11T12:04:01.919000+00:00"	"add_critter"	{"critter": "BristleWorm", "environment": "UrchinBarren", "server_time": "2026-07-11T07:04:02+00:00", "tank_type": "Measurement"}	"GAME"	"120"	"production"	"6"	"UTC+08:00"	"AbleHobbit"	{}	{"job_argumentation": 2, "job_experimentation": 0, "job_modeling": 0, "job_name": "arctic-seal-habitats", "money": 1730, "region": "ArcticStation", "scene_type": "ship", "science_level": 3, "science_points": 210, "site": "Experimentation", "task_list": [{"is_complete": true, "task_id": "findHabitat"}, {"is_complete": true, "task_id": "findRibbon"}, {"is_complete": false, "task_id": "findMicro"}, {"is_complete": true, "task_id": "countSeal"}, {"is_complete": false, "task_id": "countMicro"}, {"is_complete": false, "task_id": "report"}], "time_since_launch": 584.94}	58
"26071119541745202"	"AQUALAB"	"2026-07-11T12:04:02.286000+00:00"	"add_critter"	{"critter": "ChinookSalmon", "environment": "UrchinBarren", "server_time": "2026-07-11T07:04:02+00:00", "tank_type": "Measurement"}	"GAME"	"120"	"production"	"6"	"UTC+08:00"	"AbleHobbit"	{}	{"job_argumentation": 2, "job_experimentation": 0, "job_modeling": 0, "job_name": "arctic-seal-habitats", "money": 1730, "region": "ArcticStation", "scene_type": "ship", "science_level": 3, "science_points": 210, "site": "Experimentation", "task_list": [{"is_complete": true, "task_id": "findHabitat"}, {"is_complete": true, "task_id": "findRibbon"}, {"is_complete": false, "task_id": "findMicro"}, {"is_complete": true, "task_id": "countSeal"}, {"is_complete": false, "task_id": "countMicro"}, {"is_complete": false, "task_id": "report"}], "time_since_launch": 585.3}	59
"26071119541745202"	"AQUALAB"	"2026-07-11T12:04:02.286000+00:00"	"add_critter"	{"critter": "ChinookSalmon", "environment": "UrchinBarren", "server_time": "2026-07-11T07:04:02+00:00", "tank_type": "Measurement"}	"GAME"	"120"	"production"	"6"	"UTC+08:00"	"AbleHobbit"	{}	{"job_argumentation": 2, "job_experimentation": 0, "job_modeling": 0, "job_name": "arctic-seal-habitats", "money": 1730, "region": "ArcticStation", "scene_type": "ship", "science_level": 3, "science_points": 210, "site": "Experimentation", "task_list": [{"is_complete": true, "task_id": "findHabitat"}, {"is_complete": true, "task_id": "findRibbon"}, {"is_complete": false, "task_id": "findMicro"}, {"is_complete": true, "task_id": "countSeal"}, {"is_complete": false, "task_id": "countMicro"}, {"is_complete": false, "task_id": "report"}], "time_since_launch": 585.3}	59
"26071119541745202"	"AQUALAB"	"2026-07-11T12:04:07.868000+00:00"	"add_environment"	{"environment": "UrchinBarren", "server_time": "2026-07-11T07:04:13+00:00", "tank_type": "Measurement"}	"GAME"	"120"	"production"	"6"	"UTC+08:00"	"AbleHobbit"	{}	{"job_argumentation": 2, "job_experimentation": 0, "job_modeling": 0, "job_name": "arctic-seal-habitats", "money": 1730, "region": "ArcticStation", "scene_type": "ship", "science_level": 3, "science_points": 210, "site": "Experimentation", "task_list": [{"is_complete": true, "task_id": "findHabitat"}, {"is_complete": true, "task_id": "findRibbon"}, {"is_complete": false, "task_id": "findMicro"}, {"is_complete": true, "task_id": "countSeal"}, {"is_complete": false, "task_id": "countMicro"}, {"is_complete": false, "task_id": "report"}], "time_since_launch": 590.88}	60
"26071119541745202"	"AQUALAB"	"2026-07-11T12:04:07.868000+00:00"	"add_environment"	{"environment": "UrchinBarren", "server_time": "2026-07-11T07:04:13+00:00", "tank_type": "Measurement"}	"GAME"	"120"	"production"	"6"	"UTC+08:00"	"AbleHobbit"	{}	{"job_argumentation": 2, "job_experimentation": 0, "job_modeling": 0, "job_name": "arctic-seal-habitats", "money": 1730, "region": "ArcticStation", "scene_type": "ship", "science_level": 3, "science_points": 210, "site": "Experimentation", "task_list": [{"is_complete": true, "task_id": "findHabitat"}, {"is_complete": true, "task_id": "findRibbon"}, {"is_complete": false, "task_id": "findMicro"}, {"is_complete": true, "task_id": "countSeal"}, {"is_complete": false, "task_id": "countMicro"}, {"is_complete": false, "task_id": "report"}], "time_since_launch": 590.88}	60
"26071119541745202"	"AQUALAB"	"2026-07-11T12:04:12.286000+00:00"	"add_critter"	{"critter": "ArcticCopepod", "environment": "UrchinBarren", "server_time": "2026-07-11T07:04:13+00:00", "tank_type": "Measurement"}	"GAME"	"120"	"production"	"6"	"UTC+08:00"	"AbleHobbit"	{}	{"job_argumentation": 2, "job_experimentation": 0, "job_modeling": 0, "job_name": "arctic-seal-habitats", "money": 1730, "region": "ArcticStation", "scene_type": "ship", "science_level": 3, "science_points": 210, "site": "Experimentation", "task_list": [{"is_complete": true, "task_id": "findHabitat"}, {"is_complete": true, "task_id": "findRibbon"}, {"is_complete": false, "task_id": "findMicro"}, {"is_complete": true, "task_id": "countSeal"}, {"is_complete": false, "task_id": "countMicro"}, {"is_complete": false, "task_id": "report"}], "time_since_launch": 595.3}	61
"26071119541745202"	"AQUALAB"	"2026-07-11T12:04:12.286000+00:00"	"add_critter"	{"critter": "ArcticCopepod", "environment": "UrchinBarren", "server_time": "2026-07-11T07:04:13+00:00", "tank_type": "Measurement"}	"GAME"	"120"	"production"	"6"	"UTC+08:00"	"AbleHobbit"	{}	{"job_argumentation": 2, "job_experimentation": 0, "job_modeling": 0, "job_name": "arctic-seal-habitats", "money": 1730, "region": "ArcticStation", "scene_type": "ship", "science_level": 3, "science_points": 210, "site": "Experimentation", "task_list": [{"is_complete": true, "task_id": "findHabitat"}, {"is_complete": true, "task_id": "findRibbon"}, {"is_complete": false, "task_id": "findMicro"}, {"is_complete": true, "task_id": "countSeal"}, {"is_complete": false, "task_id": "countMicro"}, {"is_complete": false, "task_id": "report"}], "time_since_launch": 595.3}	61
"26071119541745202"	"AQUALAB"	"2026-07-11T12:04:12.702000+00:00"	"add_critter"	{"critter": "ChinookSalmon", "environment": "UrchinBarren", "server_time": "2026-07-11T07:04:13+00:00", "tank_type": "Measurement"}	"GAME"	"120"	"production"	"6"	"UTC+08:00"	"AbleHobbit"	{}	{"job_argumentation": 2, "job_experimentation": 0, "job_modeling": 0, "job_name": "arctic-seal-habitats", "money": 1730, "region": "ArcticStation", "scene_type": "ship", "science_level": 3, "science_points": 210, "site": "Experimentation", "task_list": [{"is_complete": true, "task_id": "findHabitat"}, {"is_complete": true, "task_id": "findRibbon"}, {"is_complete": false, "task_id": "findMicro"}, {"is_complete": true, "task_id": "countSeal"}, {"is_complete": false, "task_id": "countMicro"}, {"is_complete": false, "task_id": "report"}], "time_since_launch": 595.72}	62
"26071119541745202"	"AQUALAB"	"2026-07-11T12:04:12.702000+00:00"	"add_critter"	{"critter": "ChinookSalmon", "environment": "UrchinBarren", "server_time": "2026-07-11T07:04:13+00:00", "tank_type": "Measurement"}	"GAME"	"120"	"production"	"6"	"UTC+08:00"	"AbleHobbit"	{}	{"job_argumentation": 2, "job_experimentation": 0, "job_modeling": 0, "job_name": "arctic-seal-habitats", "money": 1730, "region": "ArcticStation", "scene_type": "ship", "science_level": 3, "science_points": 210, "site": "Experimentation", "task_list": [{"is_complete": true, "task_id": "findHabitat"}, {"is_complete": true, "task_id": "findRibbon"}, {"is_complete": false, "task_id": "findMicro"}, {"is_complete": true, "task_id": "countSeal"}, {"is_complete": false, "task_id": "countMicro"}, {"is_complete": false, "task_id": "report"}], "time_since_launch": 595.72}	62
"26071119541745202"	"AQUALAB"	"2026-07-11T12:04:13.085000+00:00"	"add_critter"	{"critter": "Copepod", "environment": "UrchinBarren", "server_time": "2026-07-11T07:04:13+00:00", "tank_type": "Measurement"}	"GAME"	"120"	"production"	"6"	"UTC+08:00"	"AbleHobbit"	{}	{"job_argumentation": 2, "job_experimentation": 0, "job_modeling": 0, "job_name": "arctic-seal-habitats", "money": 1730, "region": "ArcticStation", "scene_type": "ship", "science_level": 3, "science_points": 210, "site": "Experimentation", "task_list": [{"is_complete": true, "task_id": "findHabitat"}, {"is_complete": true, "task_id": "findRibbon"}, {"is_complete": false, "task_id": "findMicro"}, {"is_complete": true, "task_id": "countSeal"}, {"is_complete": false, "task_id": "countMicro"}, {"is_complete": false, "task_id": "report"}], "time_since_launch": 596.1}	63
"26071119541745202"	"AQUALAB"	"2026-07-11T12:04:13.085000+00:00"	"add_critter"	{"critter": "Copepod", "environment": "UrchinBarren", "server_time": "2026-07-11T07:04:13+00:00", "tank_type": "Measurement"}	"GAME"	"120"	"production"	"6"	"UTC+08:00"	"AbleHobbit"	{}	{"job_argumentation": 2, "job_experimentation": 0, "job_modeling": 0, "job_name": "arctic-seal-habitats", "money": 1730, "region": "ArcticStation", "scene_type": "ship", "science_level": 3, "science_points": 210, "site": "Experimentation", "task_list": [{"is_complete": true, "task_id": "findHabitat"}, {"is_complete": true, "task_id": "findRibbon"}, {"is_complete": false, "task_id": "findMicro"}, {"is_complete": true, "task_id": "countSeal"}, {"is_complete": false, "task_id": "countMicro"}, {"is_complete": false, "task_id": "report"}], "time_since_launch": 596.1}	63
"26071119541745202"	"AQUALAB"	"2026-07-11T12:04:13.503000+00:00"	"add_critter"	{"critter": "ElkhornCoral", "environment": "UrchinBarren", "server_time": "2026-07-11T07:04:13+00:00", "tank_type": "Measurement"}	"GAME"	"120"	"production"	"6"	"UTC+08:00"	"AbleHobbit"	{}	{"job_argumentation": 2, "job_experimentation": 0, "job_modeling": 0, "job_name": "arctic-seal-habitats", "money": 1730, "region": "ArcticStation", "scene_type": "ship", "science_level": 3, "science_points": 210, "site": "Experimentation", "task_list": [{"is_complete": true, "task_id": "findHabitat"}, {"is_complete": true, "task_id": "findRibbon"}, {"is_complete": false, "task_id": "findMicro"}, {"is_complete": true, "task_id": "countSeal"}, {"is_complete": false, "task_id": "countMicro"}, {"is_complete": false, "task_id": "report"}], "time_since_launch": 596.52}	64
"26071119541745202"	"AQUALAB"	"2026-07-11T12:04:13.503000+00:00"	"add_critter"	{"critter": "ElkhornCoral", "environment": "UrchinBarren", "server_time": "2026-07-11T07:04:13+00:00", "tank_type": "Measurement"}	"GAME"	"120"	"production"	"6"	"UTC+08:00"	"AbleHobbit"	{}	{"job_argumentation": 2, "job_experimentation": 0, "job_modeling": 0, "job_name": "arctic-seal-habitats", "money": 1730, "region": "ArcticStation", "scene_type": "ship", "science_level": 3, "science_points": 210, "site": "Experimentation", "task_list": [{"is_complete": true, "task_id": "findHabitat"}, {"is_complete": true, "task_id": "findRibbon"}, {"is_complete": false, "task_id": "findMicro"}, {"is_complete": true, "task_id": "countSeal"}, {"is_complete": false, "task_id": "countMicro"}, {"is_complete": false, "task_id": "report"}], "time_since_launch": 596.52}	64
"26071119541745202"	"AQUALAB"	"2026-07-11T12:04:16.569000+00:00"	"remove_critter"	{"critter": "ArcticCopepod", "environment": "UrchinBarren", "server_time": "2026-07-11T07:04:17+00:00", "tank_type": "Measurement"}	"GAME"	"120"	"production"	"6"	"UTC+08:00"	"AbleHobbit"	{}	{"job_argumentation": 2, "job_experimentation": 0, "job_modeling": 0, "job_name": "arctic-seal-habitats", "money": 1730, "region": "ArcticStation", "scene_type": "ship", "science_level": 3, "science_points": 210, "site": "Experimentation", "task_list": [{"is_complete": true, "task_id": "findHabitat"}, {"is_complete": true, "task_id": "findRibbon"}, {"is_complete": false, "task_id": "findMicro"}, {"is_complete": true, "task_id": "countSeal"}, {"is_complete": false, "task_id": "countMicro"}, {"is_complete": false, "task_id": "report"}], "time_since_launch": 599.59}	65
"26071119541745202"	"AQUALAB"	"2026-07-11T12:04:16.569000+00:00"	"remove_critter"	{"critter": "ArcticCopepod", "environment": "UrchinBarren", "server_time": "2026-07-11T07:04:17+00:00", "tank_type": "Measurement"}	"GAME"	"120"	"production"	"6"	"UTC+08:00"	"AbleHobbit"	{}	{"job_argumentation": 2, "job_experimentation": 0, "job_modeling": 0, "job_name": "arctic-seal-habitats", "money": 1730, "region": "ArcticStation", "scene_type": "ship", "science_level": 3, "science_points": 210, "site": "Experimentation", "task_list": [{"is_complete": true, "task_id": "findHabitat"}, {"is_complete": true, "task_id": "findRibbon"}, {"is_complete": false, "task_id": "findMicro"}, {"is_complete": true, "task_id": "countSeal"}, {"is_complete": false, "task_id": "countMicro"}, {"is_complete": false, "task_id": "report"}], "time_since_launch": 599.59}	65
"26071119541745202"	"AQUALAB"	"2026-07-11T12:04:17.086000+00:00"	"add_critter"	{"critter": "ArcticCod", "environment": "UrchinBarren", "server_time": "2026-07-11T07:04:17+00:00", "tank_type": "Measurement"}	"GAME"	"120"	"production"	"6"	"UTC+08:00"	"AbleHobbit"	{}	{"job_argumentation": 2, "job_experimentation": 0, "job_modeling": 0, "job_name": "arctic-seal-habitats", "money": 1730, "region": "ArcticStation", "scene_type": "ship", "science_level": 3, "science_points": 210, "site": "Experimentation", "task_list": [{"is_complete": true, "task_id": "findHabitat"}, {"is_complete": true, "task_id": "findRibbon"}, {"is_complete": false, "task_id": "findMicro"}, {"is_complete": true, "task_id": "countSeal"}, {"is_complete": false, "task_id": "countMicro"}, {"is_complete": false, "task_id": "report"}], "time_since_launch": 600.1}	66
"26071119541745202"	"AQUALAB"	"2026-07-11T12:04:17.086000+00:00"	"add_critter"	{"critter": "ArcticCod", "environment": "UrchinBarren", "server_time": "2026-07-11T07:04:17+00:00", "tank_type": "Measurement"}	"GAME"	"120"	"production"	"6"	"UTC+08:00"	"AbleHobbit"	{}	{"job_argumentation": 2, "job_experimentation": 0, "job_modeling": 0, "job_name": "arctic-seal-habitats", "money": 1730, "region": "ArcticStation", "scene_type": "ship", "science_level": 3, "science_points": 210, "site": "Experimentation", "task_list": [{"is_complete": true, "task_id": "findHabitat"}, {"is_complete": true, "task_id": "findRibbon"}, {"is_complete": false, "task_id": "findMicro"}, {"is_complete": true, "task_id": "countSeal"}, {"is_complete": false, "task_id": "countMicro"}, {"is_complete": false, "task_id": "report"}], "time_since_launch": 600.1}	66
"26071120074577254"	"AQUALAB"	"2026-07-11T12:08:41.135000+00:00"	"scene_changed"	{"scene_name": "ExperimentV2", "server_time": "2026-07-11T07:08:44+00:00"}	"GAME"	"120"	"production"	"6"	"UTC+08:00"	"AbleHobbit"	{}	{"job_name": "no-active-job", "money": 0, "region": "no-active-region", "scene_type": "menu", "science_level": 0, "science_points": 0, "site": "no-active-site", "time_since_launch": 23.39}	0
"26071120074577254"	"AQUALAB"	"2026-07-11T12:08:41.135000+00:00"	"scene_changed"	{"scene_name": "ExperimentV2", "server_time": "2026-07-11T07:08:44+00:00"}	"GAME"	"120"	"production"	"6"	"UTC+08:00"	"AbleHobbit"	{}	{"job_name": "no-active-job", "money": 0, "region": "no-active-region", "scene_type": "menu", "science_level": 0, "science_points": 0, "site": "no-active-site", "time_since_launch": 23.39}	0
"26071120074577254"	"AQUALAB"	"2026-07-11T12:08:41.136000+00:00"	"switch_job"	{"prev_job_name": "arctic-seal-habitats", "server_time": "2026-07-11T07:08:44+00:00"}	"GAME"	"120"	"production"	"6"	"UTC+08:00"	"AbleHobbit"	{}	{"job_argumentation": 2, "job_experimentation": 0, "job_modeling": 0, "job_name": "arctic-seal-habitats", "money": 1730, "region": "ArcticStation", "scene_type": "ship", "science_level": 3, "science_points": 210, "site": "Experimentation", "task_list": [{"is_complete": true, "task_id": "findHabitat"}, {"is_complete": true, "task_id": "findRibbon"}, {"is_complete": false, "task_id": "findMicro"}, {"is_complete": true, "task_id": "countSeal"}, {"is_complete": false, "task_id": "countMicro"}, {"is_complete": false, "task_id": "report"}], "time_since_launch": 56.02}	1
"26071120074577254"	"AQUALAB"	"2026-07-11T12:08:41.136000+00:00"	"switch_job"	{"prev_job_name": "arctic-seal-habitats", "server_time": "2026-07-11T07:08:44+00:00"}	"GAME"	"120"	"production"	"6"	"UTC+08:00"	"AbleHobbit"	{}	{"job_argumentation": 2, "job_experimentation": 0, "job_modeling": 0, "job_name": "arctic-seal-habitats", "money": 1730, "region": "ArcticStation", "scene_type": "ship", "science_level": 3, "science_points": 210, "site": "Experimentation", "task_list": [{"is_complete": true, "task_id": "findHabitat"}, {"is_complete": true, "task_id": "findRibbon"}, {"is_complete": false, "task_id": "findMicro"}, {"is_complete": true, "task_id": "countSeal"}, {"is_complete": false, "task_id": "countMicro"}, {"is_complete": false, "task_id": "report"}], "time_since_launch": 56.02}	1
"26071120074577254"	"AQUALAB"	"2026-07-11T12:08:44.499000+00:00"	"begin_experiment"	{"autofeeder_enabled": false, "critters": "", "environment": "", "server_time": "2026-07-11T07:08:44+00:00", "stabilizer_enabled": false, "tank_type": "Stress"}	"GAME"	"120"	"production"	"6"	"UTC+08:00"	"AbleHobbit"	{}	{"job_argumentation": 2, "job_experimentation": 0, "job_modeling": 0, "job_name": "arctic-seal-habitats", "money": 1730, "region": "ArcticStation", "scene_type": "ship", "science_level": 3, "science_points": 210, "site": "Experimentation", "task_list": [{"is_complete": true, "task_id": "findHabitat"}, {"is_complete": true, "task_id": "findRibbon"}, {"is_complete": false, "task_id": "findMicro"}, {"is_complete": true, "task_id": "countSeal"}, {"is_complete": false, "task_id": "countMicro"}, {"is_complete": false, "task_id": "report"}], "time_since_launch": 59.39}	2
"26071120074577254"	"AQUALAB"	"2026-07-11T12:08:44.499000+00:00"	"begin_experiment"	{"autofeeder_enabled": false, "critters": "", "environment": "", "server_time": "2026-07-11T07:08:44+00:00", "stabilizer_enabled": false, "tank_type": "Stress"}	"GAME"	"120"	"production"	"6"	"UTC+08:00"	"AbleHobbit"	{}	{"job_argumentation": 2, "job_experimentation": 0, "job_modeling": 0, "job_name": "arctic-seal-habitats", "money": 1730, "region": "ArcticStation", "scene_type": "ship", "science_level": 3, "science_points": 210, "site": "Experimentation", "task_list": [{"is_complete": true, "task_id": "findHabitat"}, {"is_complete": true, "task_id": "findRibbon"}, {"is_complete": false, "task_id": "findMicro"}, {"is_complete": true, "task_id": "countSeal"}, {"is_complete": false, "task_id": "countMicro"}, {"is_complete": false, "task_id": "report"}], "time_since_launch": 59.39}	2
"26071120074577254"	"AQUALAB"	"2026-07-11T12:09:05.986000+00:00"	"receive_fact"	{"fact_entity": "ArcticCopepod", "fact_id": "ArcticCopepod.Temperature.Stressed", "fact_rate": false, "fact_stressed": false, "fact_type": "State", "has_rate": false, "server_time": "2026-07-11T07:09:09+00:00"}	"GAME"	"120"	"production"	"6"	"UTC+08:00"	"AbleHobbit"	{}	{"job_argumentation": 2, "job_experimentation": 0, "job_modeling": 0, "job_name": "arctic-seal-habitats", "money": 1730, "region": "ArcticStation", "scene_type": "ship", "science_level": 3, "science_points": 210, "site": "Experimentation", "task_list": [{"is_complete": true, "task_id": "findHabitat"}, {"is_complete": true, "task_id": "findRibbon"}, {"is_complete": false, "task_id": "findMicro"}, {"is_complete": true, "task_id": "countSeal"}, {"is_complete": false, "task_id": "countMicro"}, {"is_complete": false, "task_id": "report"}], "time_since_launch": 80.87}	3
"26071120074577254"	"AQUALAB"	"2026-07-11T12:09:05.986000+00:00"	"receive_fact"	{"fact_entity": "ArcticCopepod", "fact_id": "ArcticCopepod.Temperature.Stressed", "fact_rate": false, "fact_stressed": false, "fact_type": "State", "has_rate": false, "server_time": "2026-07-11T07:09:09+00:00"}	"GAME"	"120"	"production"	"6"	"UTC+08:00"	"AbleHobbit"	{}	{"job_argumentation": 2, "job_experimentation": 0, "job_modeling": 0, "job_name": "arctic-seal-habitats", "money": 1730, "region": "ArcticStation", "scene_type": "ship", "science_level": 3, "science_points": 210, "site": "Experimentation", "task_list": [{"is_complete": true, "task_id": "findHabitat"}, {"is_complete": true, "task_id": "findRibbon"}, {"is_complete": false, "task_id": "findMicro"}, {"is_complete": true, "task_id": "countSeal"}, {"is_complete": false, "task_id": "countMicro"}, {"is_complete": false, "task_id": "report"}], "time_since_launch": 80.87}	3
"26071120074577254"	"AQUALAB"	"2026-07-11T12:09:05.987000+00:00"	"receive_fact"	{"fact_entity": "ArcticCopepod", "fact_id": "ArcticCopepod.Light.Stressed", "fact_rate": false, "fact_stressed": false, "fact_type": "State", "has_rate": false, "server_time": "2026-07-11T07:09:09+00:00"}	"GAME"	"120"	"production"	"6"	"UTC+08:00"	"AbleHobbit"	{}	{"job_argumentation": 2, "job_experimentation": 0, "job_modeling": 0, "job_name": "arctic-seal-habitats", "money": 1730, "region": "ArcticStation", "scene_type": "ship", "science_level": 3, "science_points": 210, "site": "Experimentation", "task_list": [{"is_complete": true, "task_id": "findHabitat"}, {"is_complete": true, "task_id": "findRibbon"}, {"is_complete": false, "task_id": "findMicro"}, {"is_complete": true, "task_id": "countSeal"}, {"is_complete": false, "task_id": "countMicro"}, {"is_complete": false, "task_id": "report"}], "time_since_launch": 80.87}	4
"26071120074577254"	"AQUALAB"	"2026-07-11T12:09:05.987000+00:00"	"receive_fact"	{"fact_entity": "ArcticCopepod", "fact_id": "ArcticCopepod.Light.Stressed", "fact_rate": false, "fact_stressed": false, "fact_type": "State", "has_rate": false, "server_time": "2026-07-11T07:09:09+00:00"}	"GAME"	"120"	"production"	"6"	"UTC+08:00"	"AbleHobbit"	{}	{"job_argumentation": 2, "job_experimentation": 0, "job_modeling": 0, "job_name": "arctic-seal-habitats", "money": 1730, "region": "ArcticStation", "scene_type": "ship", "science_level": 3, "science_points": 210, "site": "Experimentation", "task_list": [{"is_complete": true, "task_id": "findHabitat"}, {"is_complete": true, "task_id": "findRibbon"}, {"is_complete": false, "task_id": "findMicro"}, {"is_complete": true, "task_id": "countSeal"}, {"is_complete": false, "task_id": "countMicro"}, {"is_complete": false, "task_id": "report"}], "time_since_launch": 80.87}	4
"26071120074577254"	"AQUALAB"	"2026-07-11T12:09:05.987000+00:00"	"receive_fact"	{"fact_entity": "ArcticCopepod", "fact_id": "ArcticCopepod.PH.Stressed", "fact_rate": false, "fact_stressed": false, "fact_type": "State", "has_rate": false, "server_time": "2026-07-11T07:09:09+00:00"}	"GAME"	"120"	"production"	"6"	"UTC+08:00"	"AbleHobbit"	{}	{"job_argumentation": 2, "job_experimentation": 0, "job_modeling": 0, "job_name": "arctic-seal-habitats", "money": 1730, "region": "ArcticStation", "scene_type": "ship", "science_level": 3, "science_points": 210, "site": "Experimentation", "task_list": [{"is_complete": true, "task_id": "findHabitat"}, {"is_complete": true, "task_id": "findRibbon"}, {"is_complete": false, "task_id": "findMicro"}, {"is_complete": true, "task_id": "countSeal"}, {"is_complete": false, "task_id": "countMicro"}, {"is_complete": false, "task_id": "report"}], "time_since_launch": 80.87}	5
"26071120074577254"	"AQUALAB"	"2026-07-11T12:09:05.987000+00:00"	"receive_fact"	{"fact_entity": "ArcticCopepod", "fact_id": "ArcticCopepod.PH.Stressed", "fact_rate": false, "fact_stressed": false, "fact_type": "State", "has_rate": false, "server_time": "2026-07-11T07:09:09+00:00"}	"GAME"	"120"	"production"	"6"	"UTC+08:00"	"AbleHobbit"	{}	{"job_argumentation": 2, "job_experimentation": 0, "job_modeling": 0, "job_name": "arctic-seal-habitats", "money": 1730, "region": "ArcticStation", "scene_type": "ship", "science_level": 3, "science_points": 210, "site": "Experimentation", "task_list": [{"is_complete": true, "task_id": "findHabitat"}, {"is_complete": true, "task_id": "findRibbon"}, {"is_complete": false, "task_id": "findMicro"}, {"is_complete": true, "task_id": "countSeal"}, {"is_complete": false, "task_id": "countMicro"}, {"is_complete": false, "task_id": "report"}], "time_since_launch": 80.87}	5
"26071120074577254"	"AQUALAB"	"2026-07-11T12:09:50.900000+00:00"	"end_experiment"	{"autofeeder_enabled": false, "critters": "", "environment": "", "server_time": "2026-07-11T07:09:54+00:00", "stabilizer_enabled": false, "tank_type": "Stress"}	"GAME"	"120"	"production"	"6"	"UTC+08:00"	"AbleHobbit"	{}	{"job_argumentation": 2, "job_experimentation": 0, "job_modeling": 0, "job_name": "arctic-seal-habitats", "money": 1730, "region": "ArcticStation", "scene_type": "ship", "science_level": 3, "science_points": 210, "site": "Experimentation", "task_list": [{"is_complete": true, "task_id": "findHabitat"}, {"is_complete": true, "task_id": "findRibbon"}, {"is_complete": false, "task_id": "findMicro"}, {"is_complete": true, "task_id": "countSeal"}, {"is_complete": false, "task_id": "countMicro"}, {"is_complete": false, "task_id": "report"}], "time_since_launch": 125.79}	6
"26071120074577254"	"AQUALAB"	"2026-07-11T12:09:50.900000+00:00"	"end_experiment"	{"autofeeder_enabled": false, "critters": "", "environment": "", "server_time": "2026-07-11T07:09:54+00:00", "stabilizer_enabled": false, "tank_type": "Stress"}	"GAME"	"120"	"production"	"6"	"UTC+08:00"	"AbleHobbit"	{}	{"job_argumentation": 2, "job_experimentation": 0, "job_modeling": 0, "job_name": "arctic-seal-habitats", "money": 1730, "region": "ArcticStation", "scene_type": "ship", "science_level": 3, "science_points": 210, "site": "Experimentation", "task_list": [{"is_complete": true, "task_id": "findHabitat"}, {"is_complete": true, "task_id": "findRibbon"}, {"is_complete": false, "task_id": "findMicro"}, {"is_complete": true, "task_id": "countSeal"}, {"is_complete": false, "task_id": "countMicro"}, {"is_complete": false, "task_id": "report"}], "time_since_launch": 125.79}	6
"26071120074577254"	"AQUALAB"	"2026-07-11T12:09:57.384000+00:00"	"add_environment"	{"environment": "KelpForest", "server_time": "2026-07-11T07:09:57+00:00", "tank_type": "Observation"}	"GAME"	"120"	"production"	"6"	"UTC+08:00"	"AbleHobbit"	{}	{"job_argumentation": 2, "job_experimentation": 0, "job_modeling": 0, "job_name": "arctic-seal-habitats", "money": 1730, "region": "ArcticStation", "scene_type": "ship", "science_level": 3, "science_points": 210, "site": "Experimentation", "task_list": [{"is_complete": true, "task_id": "findHabitat"}, {"is_complete": true, "task_id": "findRibbon"}, {"is_complete": false, "task_id": "findMicro"}, {"is_complete": true, "task_id": "countSeal"}, {"is_complete": false, "task_id": "countMicro"}, {"is_complete": false, "task_id": "report"}], "time_since_launch": 132.27}	7
"26071120074577254"	"AQUALAB"	"2026-07-11T12:09:57.384000+00:00"	"add_environment"	{"environment": "KelpForest", "server_time": "2026-07-11T07:09:57+00:00", "tank_type": "Observation"}	"GAME"	"120"	"production"	"6"	"UTC+08:00"	"AbleHobbit"	{}	{"job_argumentation": 2, "job_experimentation": 0, "job_modeling": 0, "job_name": "arctic-seal-habitats", "money": 1730, "region": "ArcticStation", "scene_type": "ship", "science_level": 3, "science_points": 210, "site": "Experimentation", "task_list": [{"is_complete": true, "task_id": "findHabitat"}, {"is_complete": true, "task_id": "findRibbon"}, {"is_complete": false, "task_id": "findMicro"}, {"is_complete": true, "task_id": "countSeal"}, {"is_complete": false, "task_id": "countMicro"}, {"is_complete": false, "task_id": "report"}], "time_since_launch": 132.27}	7
"26071120074577254"	"AQUALAB"	"2026-07-11T12:10:02.533000+00:00"	"add_critter"	{"critter": "ArcticCod", "environment": "KelpForest", "server_time": "2026-07-11T07:10:03+00:00", "tank_type": "Observation"}	"GAME"	"120"	"production"	"6"	"UTC+08:00"	"AbleHobbit"	{}	{"job_argumentation": 2, "job_experimentation": 0, "job_modeling": 0, "job_name": "arctic-seal-habitats", "money": 1730, "region": "ArcticStation", "scene_type": "ship", "science_level": 3, "science_points": 210, "site": "Experimentation", "task_list": [{"is_complete": true, "task_id": "findHabitat"}, {"is_complete": true, "task_id": "findRibbon"}, {"is_complete": false, "task_id": "findMicro"}, {"is_complete": true, "task_id": "countSeal"}, {"is_complete": false, "task_id": "countMicro"}, {"is_complete": false, "task_id": "report"}], "time_since_launch": 137.42}	8
"26071120074577254"	"AQUALAB"	"2026-07-11T12:10:02.533000+00:00"	"add_critter"	{"critter": "ArcticCod", "environment": "KelpForest", "server_time": "2026-07-11T07:10:03+00:00", "tank_type": "Observation"}	"GAME"	"120"	"production"	"6"	"UTC+08:00"	"AbleHobbit"	{}	{"job_argumentation": 2, "job_experimentation": 0, "job_modeling": 0, "job_name": "arctic-seal-habitats", "money": 1730, "region": "ArcticStation", "scene_type": "ship", "science_level": 3, "science_points": 210, "site": "Experimentation", "task_list": [{"is_complete": true, "task_id": "findHabitat"}, {"is_complete": true, "task_id": "findRibbon"}, {"is_complete": false, "task_id": "findMicro"}, {"is_complete": true, "task_id": "countSeal"}, {"is_complete": false, "task_id": "countMicro"}, {"is_complete": false, "task_id": "report"}], "time_since_launch": 137.42}	8
"26071120074577254"	"AQUALAB"	"2026-07-11T12:10:02.951000+00:00"	"add_critter"	{"critter": "ArcticCopepod", "environment": "KelpForest", "server_time": "2026-07-11T07:10:03+00:00", "tank_type": "Observation"}	"GAME"	"120"	"production"	"6"	"UTC+08:00"	"AbleHobbit"	{}	{"job_argumentation": 2, "job_experimentation": 0, "job_modeling": 0, "job_name": "arctic-seal-habitats", "money": 1730, "region": "ArcticStation", "scene_type": "ship", "science_level": 3, "science_points": 210, "site": "Experimentation", "task_list": [{"is_complete": true, "task_id": "findHabitat"}, {"is_complete": true, "task_id": "findRibbon"}, {"is_complete": false, "task_id": "findMicro"}, {"is_complete": true, "task_id": "countSeal"}, {"is_complete": false, "task_id": "countMicro"}, {"is_complete": false, "task_id": "report"}], "time_since_launch": 137.84}	9
"26071120074577254"	"AQUALAB"	"2026-07-11T12:10:02.951000+00:00"	"add_critter"	{"critter": "ArcticCopepod", "environment": "KelpForest", "server_time": "2026-07-11T07:10:03+00:00", "tank_type": "Observation"}	"GAME"	"120"	"production"	"6"	"UTC+08:00"	"AbleHobbit"	{}	{"job_argumentation": 2, "job_experimentation": 0, "job_modeling": 0, "job_name": "arctic-seal-habitats", "money": 1730, "region": "ArcticStation", "scene_type": "ship", "science_level": 3, "science_points": 210, "site": "Experimentation", "task_list": [{"is_complete": true, "task_id": "findHabitat"}, {"is_complete": true, "task_id": "findRibbon"}, {"is_complete": false, "task_id": "findMicro"}, {"is_complete": true, "task_id": "countSeal"}, {"is_complete": false, "task_id": "countMicro"}, {"is_complete": false, "task_id": "report"}], "time_since_launch": 137.84}	9
"26071120074577254"	"AQUALAB"	"2026-07-11T12:10:04.668000+00:00"	"add_critter"	{"critter": "ChinookSalmon", "environment": "KelpForest", "server_time": "2026-07-11T07:10:05+00:00", "tank_type": "Observation"}	"GAME"	"120"	"production"	"6"	"UTC+08:00"	"AbleHobbit"	{}	{"job_argumentation": 2, "job_experimentation": 0, "job_modeling": 0, "job_name": "arctic-seal-habitats", "money": 1730, "region": "ArcticStation", "scene_type": "ship", "science_level": 3, "science_points": 210, "site": "Experimentation", "task_list": [{"is_complete": true, "task_id": "findHabitat"}, {"is_complete": true, "task_id": "findRibbon"}, {"is_complete": false, "task_id": "findMicro"}, {"is_complete": true, "task_id": "countSeal"}, {"is_complete": false, "task_id": "countMicro"}, {"is_complete": false, "task_id": "report"}], "time_since_launch": 139.55}	10
"26071120074577254"	"AQUALAB"	"2026-07-11T12:10:04.668000+00:00"	"add_critter"	{"critter": "ChinookSalmon", "environment": "KelpForest", "server_time": "2026-07-11T07:10:05+00:00", "tank_type": "Observation"}	"GAME"	"120"	"production"	"6"	"UTC+08:00"	"AbleHobbit"	{}	{"job_argumentation": 2, "job_experimentation": 0, "job_modeling": 0, "job_name": "arctic-seal-habitats", "money": 1730, "region": "ArcticStation", "scene_type": "ship", "science_level": 3, "science_points": 210, "site": "Experimentation", "task_list": [{"is_complete": true, "task_id": "findHabitat"}, {"is_complete": true, "task_id": "findRibbon"}, {"is_complete": false, "task_id": "findMicro"}, {"is_complete": true, "task_id": "countSeal"}, {"is_complete": false, "task_id": "countMicro"}, {"is_complete": false, "task_id": "report"}], "time_since_launch": 139.55}	10
"26071120074577254"	"AQUALAB"	"2026-07-11T12:10:04.985000+00:00"	"add_critter"	{"critter": "Copepod", "environment": "KelpForest", "server_time": "2026-07-11T07:10:05+00:00", "tank_type": "Observation"}	"GAME"	"120"	"production"	"6"	"UTC+08:00"	"AbleHobbit"	{}	{"job_argumentation": 2, "job_experimentation": 0, "job_modeling": 0, "job_name": "arctic-seal-habitats", "money": 1730, "region": "ArcticStation", "scene_type": "ship", "science_level": 3, "science_points": 210, "site": "Experimentation", "task_list": [{"is_complete": true, "task_id": "findHabitat"}, {"is_complete": true, "task_id": "findRibbon"}, {"is_complete": false, "task_id": "findMicro"}, {"is_complete": true, "task_id": "countSeal"}, {"is_complete": false, "task_id": "countMicro"}, {"is_complete": false, "task_id": "report"}], "time_since_launch": 139.87}	11
"26071120074577254"	"AQUALAB"	"2026-07-11T12:10:04.985000+00:00"	"add_critter"	{"critter": "Copepod", "environment": "KelpForest", "server_time": "2026-07-11T07:10:05+00:00", "tank_type": "Observation"}	"GAME"	"120"	"production"	"6"	"UTC+08:00"	"AbleHobbit"	{}	{"job_argumentation": 2, "job_experimentation": 0, "job_modeling": 0, "job_name": "arctic-seal-habitats", "money": 1730, "region": "ArcticStation", "scene_type": "ship", "science_level": 3, "science_points": 210, "site": "Experimentation", "task_list": [{"is_complete": true, "task_id": "findHabitat"}, {"is_complete": true, "task_id": "findRibbon"}, {"is_complete": false, "task_id": "findMicro"}, {"is_complete": true, "task_id": "countSeal"}, {"is_complete": false, "task_id": "countMicro"}, {"is_complete": false, "task_id": "report"}], "time_since_launch": 139.87}	11
"26071120074577254"	"AQUALAB"	"2026-07-11T12:10:07.852000+00:00"	"begin_experiment"	{"autofeeder_enabled": false, "critters": "ArcticCod,ArcticCopepod,ChinookSalmon,Copepod", "environment": "KelpForest", "server_time": "2026-07-11T07:10:08+00:00", "stabilizer_enabled": false, "tank_type": "Observation"}	"GAME"	"120"	"production"	"6"	"UTC+08:00"	"AbleHobbit"	{}	{"job_argumentation": 2, "job_experimentation": 0, "job_modeling": 0, "job_name": "arctic-seal-habitats", "money": 1730, "region": "ArcticStation", "scene_type": "ship", "science_level": 3, "science_points": 210, "site": "Experimentation", "task_list": [{"is_complete": true, "task_id": "findHabitat"}, {"is_complete": true, "task_id": "findRibbon"}, {"is_complete": false, "task_id": "findMicro"}, {"is_complete": true, "task_id": "countSeal"}, {"is_complete": false, "task_id": "countMicro"}, {"is_complete": false, "task_id": "report"}], "time_since_launch": 142.74}	12
"26071120074577254"	"AQUALAB"	"2026-07-11T12:10:07.852000+00:00"	"begin_experiment"	{"autofeeder_enabled": false, "critters": "ArcticCod,ArcticCopepod,ChinookSalmon,Copepod", "environment": "KelpForest", "server_time": "2026-07-11T07:10:08+00:00", "stabilizer_enabled": false, "tank_type": "Observation"}	"GAME"	"120"	"production"	"6"	"UTC+08:00"	"AbleHobbit"	{}	{"job_argumentation": 2, "job_experimentation": 0, "job_modeling": 0, "job_name": "arctic-seal-habitats", "money": 1730, "region": "ArcticStation", "scene_type": "ship", "science_level": 3, "science_points": 210, "site": "Experimentation", "task_list": [{"is_complete": true, "task_id": "findHabitat"}, {"is_complete": true, "task_id": "findRibbon"}, {"is_complete": false, "task_id": "findMicro"}, {"is_complete": true, "task_id": "countSeal"}, {"is_complete": false, "task_id": "countMicro"}, {"is_complete": false, "task_id": "report"}], "time_since_launch": 142.74}	12
"26071120074577254"	"AQUALAB"	"2026-07-11T12:10:14.073000+00:00"	"receive_fact"	{"fact_entity": "ArcticCod", "fact_id": "ArcticCod.Eats.Copepod", "fact_rate": true, "fact_stressed": false, "fact_type": "Eat", "has_rate": false, "server_time": "2026-07-11T07:10:16+00:00"}	"GAME"	"120"	"production"	"6"	"UTC+08:00"	"AbleHobbit"	{}	{"job_argumentation": 2, "job_experimentation": 0, "job_modeling": 0, "job_name": "arctic-seal-habitats", "money": 1730, "region": "ArcticStation", "scene_type": "ship", "science_level": 3, "science_points": 210, "site": "Experimentation", "task_list": [{"is_complete": true, "task_id": "findHabitat"}, {"is_complete": true, "task_id": "findRibbon"}, {"is_complete": false, "task_id": "findMicro"}, {"is_complete": true, "task_id": "countSeal"}, {"is_complete": false, "task_id": "countMicro"}, {"is_complete": false, "task_id": "report"}], "time_since_launch": 148.96}	13
"26071120074577254"	"AQUALAB"	"2026-07-11T12:10:14.073000+00:00"	"receive_fact"	{"fact_entity": "ArcticCod", "fact_id": "ArcticCod.Eats.Copepod", "fact_rate": true, "fact_stressed": false, "fact_type": "Eat", "has_rate": false, "server_time": "2026-07-11T07:10:16+00:00"}	"GAME"	"120"	"production"	"6"	"UTC+08:00"	"AbleHobbit"	{}	{"job_argumentation": 2, "job_experimentation": 0, "job_modeling": 0, "job_name": "arctic-seal-habitats", "money": 1730, "region": "ArcticStation", "scene_type": "ship", "science_level": 3, "science_points": 210, "site": "Experimentation", "task_list": [{"is_complete": true, "task_id": "findHabitat"}, {"is_complete": true, "task_id": "findRibbon"}, {"is_complete": false, "task_id": "findMicro"}, {"is_complete": true, "task_id": "countSeal"}, {"is_complete": false, "task_id": "countMicro"}, {"is_complete": false, "task_id": "report"}], "time_since_launch": 148.96}	13
"26071120074577254"	"AQUALAB"	"2026-07-11T12:10:32.167000+00:00"	"end_experiment"	{"autofeeder_enabled": false, "critters": "ArcticCod,ArcticCopepod,ChinookSalmon,Copepod", "environment": "KelpForest", "server_time": "2026-07-11T07:10:34+00:00", "stabilizer_enabled": false, "tank_type": "Observation"}	"GAME"	"120"	"production"	"6"	"UTC+08:00"	"AbleHobbit"	{}	{"job_argumentation": 2, "job_experimentation": 0, "job_modeling": 0, "job_name": "arctic-seal-habitats", "money": 1730, "region": "ArcticStation", "scene_type": "ship", "science_level": 3, "science_points": 210, "site": "Experimentation", "task_list": [{"is_complete": true, "task_id": "findHabitat"}, {"is_complete": true, "task_id": "findRibbon"}, {"is_complete": false, "task_id": "findMicro"}, {"is_complete": true, "task_id": "countSeal"}, {"is_complete": false, "task_id": "countMicro"}, {"is_complete": false, "task_id": "report"}], "time_since_launch": 167.05}	14
"26071120074577254"	"AQUALAB"	"2026-07-11T12:10:32.167000+00:00"	"end_experiment"	{"autofeeder_enabled": false, "critters": "ArcticCod,ArcticCopepod,ChinookSalmon,Copepod", "environment": "KelpForest", "server_time": "2026-07-11T07:10:34+00:00", "stabilizer_enabled": false, "tank_type": "Observation"}	"GAME"	"120"	"production"	"6"	"UTC+08:00"	"AbleHobbit"	{}	{"job_argumentation": 2, "job_experimentation": 0, "job_modeling": 0, "job_name": "arctic-seal-habitats", "money": 1730, "region": "ArcticStation", "scene_type": "ship", "science_level": 3, "science_points": 210, "site": "Experimentation", "task_list": [{"is_complete": true, "task_id": "findHabitat"}, {"is_complete": true, "task_id": "findRibbon"}, {"is_complete": false, "task_id": "findMicro"}, {"is_complete": true, "task_id": "countSeal"}, {"is_complete": false, "task_id": "countMicro"}, {"is_complete": false, "task_id": "report"}], "time_since_launch": 167.05}	14
"26071120074577254"	"AQUALAB"	"2026-07-11T12:10:47.610000+00:00"	"scene_changed"	{"scene_name": "ModelingFoyer", "server_time": "2026-07-11T07:10:50+00:00"}	"GAME"	"120"	"production"	"6"	"UTC+08:00"	"AbleHobbit"	{}	{"job_argumentation": 2, "job_experimentation": 0, "job_modeling": 0, "job_name": "arctic-seal-habitats", "money": 1730, "region": "ArcticStation", "scene_type": "ship", "science_level": 3, "science_points": 210, "site": "Experimentation", "task_list": [{"is_complete": true, "task_id": "findHabitat"}, {"is_complete": true, "task_id": "findRibbon"}, {"is_complete": false, "task_id": "findMicro"}, {"is_complete": true, "task_id": "countSeal"}, {"is_complete": false, "task_id": "countMicro"}, {"is_complete": false, "task_id": "report"}], "time_since_launch": 167.05}	15
"26071120074577254"	"AQUALAB"	"2026-07-11T12:10:47.610000+00:00"	"scene_changed"	{"scene_name": "ModelingFoyer", "server_time": "2026-07-11T07:10:50+00:00"}	"GAME"	"120"	"production"	"6"	"UTC+08:00"	"AbleHobbit"	{}	{"job_argumentation": 2, "job_experimentation": 0, "job_modeling": 0, "job_name": "arctic-seal-habitats", "money": 1730, "region": "ArcticStation", "scene_type": "ship", "science_level": 3, "science_points": 210, "site": "Experimentation", "task_list": [{"is_complete": true, "task_id": "findHabitat"}, {"is_complete": true, "task_id": "findRibbon"}, {"is_complete": false, "task_id": "findMicro"}, {"is_complete": true, "task_id": "countSeal"}, {"is_complete": false, "task_id": "countMicro"}, {"is_complete": false, "task_id": "report"}], "time_since_launch": 167.05}	15
"26071120074577254"	"AQUALAB"	"2026-07-11T12:10:49.559000+00:00"	"begin_model"	{"server_time": "2026-07-11T07:10:50+00:00"}	"GAME"	"120"	"production"	"6"	"UTC+08:00"	"AbleHobbit"	{}	{"job_argumentation": 2, "job_experimentation": 0, "job_modeling": 0, "job_name": "arctic-seal-habitats", "money": 1730, "region": "ArcticStation", "scene_type": "ship", "science_level": 3, "science_points": 210, "site": "ModelingFoyer", "task_list": [{"is_complete": true, "task_id": "findHabitat"}, {"is_complete": true, "task_id": "findRibbon"}, {"is_complete": false, "task_id": "findMicro"}, {"is_complete": true, "task_id": "countSeal"}, {"is_complete": false, "task_id": "countMicro"}, {"is_complete": false, "task_id": "report"}], "time_since_launch": 184.45}	16
"26071120074577254"	"AQUALAB"	"2026-07-11T12:10:49.559000+00:00"	"begin_model"	{"server_time": "2026-07-11T07:10:50+00:00"}	"GAME"	"120"	"production"	"6"	"UTC+08:00"	"AbleHobbit"	{}	{"job_argumentation": 2, "job_experimentation": 0, "job_modeling": 0, "job_name": "arctic-seal-habitats", "money": 1730, "region": "ArcticStation", "scene_type": "ship", "science_level": 3, "science_points": 210, "site": "ModelingFoyer", "task_list": [{"is_complete": true, "task_id": "findHabitat"}, {"is_complete": true, "task_id": "findRibbon"}, {"is_complete": false, "task_id": "findMicro"}, {"is_complete": true, "task_id": "countSeal"}, {"is_complete": false, "task_id": "countMicro"}, {"is_complete": false, "task_id": "report"}], "time_since_launch": 184.45}	16
"26071120074577254"	"AQUALAB"	"2026-07-11T12:10:50.967000+00:00"	"model_phase_changed"	{"phase": "Ecosystem", "server_time": "2026-07-11T07:10:51+00:00"}	"GAME"	"120"	"production"	"6"	"UTC+08:00"	"AbleHobbit"	{}	{"job_argumentation": 2, "job_experimentation": 0, "job_modeling": 0, "job_name": "arctic-seal-habitats", "money": 1730, "region": "ArcticStation", "scene_type": "ship", "science_level": 3, "science_points": 210, "site": "ModelingFoyer", "task_list": [{"is_complete": true, "task_id": "findHabitat"}, {"is_complete": true, "task_id": "findRibbon"}, {"is_complete": false, "task_id": "findMicro"}, {"is_complete": true, "task_id": "countSeal"}, {"is_complete": false, "task_id": "countMicro"}, {"is_complete": false, "task_id": "report"}], "time_since_launch": 185.85}	17
"26071120074577254"	"AQUALAB"	"2026-07-11T12:10:50.967000+00:00"	"model_phase_changed"	{"phase": "Ecosystem", "server_time": "2026-07-11T07:10:51+00:00"}	"GAME"	"120"	"production"	"6"	"UTC+08:00"	"AbleHobbit"	{}	{"job_argumentation": 2, "job_experimentation": 0, "job_modeling": 0, "job_name": "arctic-seal-habitats", "money": 1730, "region": "ArcticStation", "scene_type": "ship", "science_level": 3, "science_points": 210, "site": "ModelingFoyer", "task_list": [{"is_complete": true, "task_id": "findHabitat"}, {"is_complete": true, "task_id": "findRibbon"}, {"is_complete": false, "task_id": "findMicro"}, {"is_complete": true, "task_id": "countSeal"}, {"is_complete": false, "task_id": "countMicro"}, {"is_complete": false, "task_id": "report"}], "time_since_launch": 185.85}	17
"26071120074577254"	"AQUALAB"	"2026-07-11T12:10:50.967000+00:00"	"scene_changed"	{"scene_name": "Modeling", "server_time": "2026-07-11T07:10:51+00:00"}	"GAME"	"120"	"production"	"6"	"UTC+08:00"	"AbleHobbit"	{}	{"job_argumentation": 2, "job_experimentation": 0, "job_modeling": 0, "job_name": "arctic-seal-habitats", "money": 1730, "region": "ArcticStation", "scene_type": "ship", "science_level": 3, "science_points": 210, "site": "ModelingFoyer", "task_list": [{"is_complete": true, "task_id": "findHabitat"}, {"is_complete": true, "task_id": "findRibbon"}, {"is_complete": false, "task_id": "findMicro"}, {"is_complete": true, "task_id": "countSeal"}, {"is_complete": false, "task_id": "countMicro"}, {"is_complete": false, "task_id": "report"}], "time_since_launch": 185.85}	18
"26071120074577254"	"AQUALAB"	"2026-07-11T12:10:50.967000+00:00"	"scene_changed"	{"scene_name": "Modeling", "server_time": "2026-07-11T07:10:51+00:00"}	"GAME"	"120"	"production"	"6"	"UTC+08:00"	"AbleHobbit"	{}	{"job_argumentation": 2, "job_experimentation": 0, "job_modeling": 0, "job_name": "arctic-seal-habitats", "money": 1730, "region": "ArcticStation", "scene_type": "ship", "science_level": 3, "science_points": 210, "site": "ModelingFoyer", "task_list": [{"is_complete": true, "task_id": "findHabitat"}, {"is_complete": true, "task_id": "findRibbon"}, {"is_complete": false, "task_id": "findMicro"}, {"is_complete": true, "task_id": "countSeal"}, {"is_complete": false, "task_id": "countMicro"}, {"is_complete": false, "task_id": "report"}], "time_since_launch": 185.85}	18
"26071120074577254"	"AQUALAB"	"2026-07-11T12:10:52.841000+00:00"	"model_ecosystem_selected"	{"ecosystem": "UrchinBarren", "server_time": "2026-07-11T07:10:53+00:00"}	"GAME"	"120"	"production"	"6"	"UTC+08:00"	"AbleHobbit"	{}	{"job_argumentation": 2, "job_experimentation": 0, "job_modeling": 0, "job_name": "arctic-seal-habitats", "money": 1730, "region": "ArcticStation", "scene_type": "ship", "science_level": 3, "science_points": 210, "site": "Modeling", "task_list": [{"is_complete": true, "task_id": "findHabitat"}, {"is_complete": true, "task_id": "findRibbon"}, {"is_complete": false, "task_id": "findMicro"}, {"is_complete": true, "task_id": "countSeal"}, {"is_complete": false, "task_id": "countMicro"}, {"is_complete": false, "task_id": "report"}], "time_since_launch": 187.73}	19
"26071120074577254"	"AQUALAB"	"2026-07-11T12:10:52.841000+00:00"	"model_ecosystem_selected"	{"ecosystem": "UrchinBarren", "server_time": "2026-07-11T07:10:53+00:00"}	"GAME"	"120"	"production"	"6"	"UTC+08:00"	"AbleHobbit"	{}	{"job_argumentation": 2, "job_experimentation": 0, "job_modeling": 0, "job_name": "arctic-seal-habitats", "money": 1730, "region": "ArcticStation", "scene_type": "ship", "science_level": 3, "science_points": 210, "site": "Modeling", "task_list": [{"is_complete": true, "task_id": "findHabitat"}, {"is_complete": true, "task_id": "findRibbon"}, {"is_complete": false, "task_id": "findMicro"}, {"is_complete": true, "task_id": "countSeal"}, {"is_complete": false, "task_id": "countMicro"}, {"is_complete": false, "task_id": "report"}], "time_since_launch": 187.73}	19
"26071120074577254"	"AQUALAB"	"2026-07-11T12:11:03.650000+00:00"	"model_phase_changed"	{"phase": "Concept", "server_time": "2026-07-11T07:11:07+00:00"}	"GAME"	"120"	"production"	"6"	"UTC+08:00"	"AbleHobbit"	{}	{"job_argumentation": 2, "job_experimentation": 0, "job_modeling": 0, "job_name": "arctic-seal-habitats", "money": 1730, "region": "ArcticStation", "scene_type": "ship", "science_level": 3, "science_points": 210, "site": "Modeling", "task_list": [{"is_complete": true, "task_id": "findHabitat"}, {"is_complete": true, "task_id": "findRibbon"}, {"is_complete": false, "task_id": "findMicro"}, {"is_complete": true, "task_id": "countSeal"}, {"is_complete": false, "task_id": "countMicro"}, {"is_complete": false, "task_id": "report"}], "time_since_launch": 198.54}	20
"26071120074577254"	"AQUALAB"	"2026-07-11T12:11:03.650000+00:00"	"model_phase_changed"	{"phase": "Concept", "server_time": "2026-07-11T07:11:07+00:00"}	"GAME"	"120"	"production"	"6"	"UTC+08:00"	"AbleHobbit"	{}	{"job_argumentation": 2, "job_experimentation": 0, "job_modeling": 0, "job_name": "arctic-seal-habitats", "money": 1730, "region": "ArcticStation", "scene_type": "ship", "science_level": 3, "science_points": 210, "site": "Modeling", "task_list": [{"is_complete": true, "task_id": "findHabitat"}, {"is_complete": true, "task_id": "findRibbon"}, {"is_complete": false, "task_id": "findMicro"}, {"is_complete": true, "task_id": "countSeal"}, {"is_complete": false, "task_id": "countMicro"}, {"is_complete": false, "task_id": "report"}], "time_since_launch": 198.54}	20
"26071120074577254"	"AQUALAB"	"2026-07-11T12:11:03.651000+00:00"	"model_concept_started"	{"ecosystem": "UrchinBarren", "server_time": "2026-07-11T07:11:07+00:00"}	"GAME"	"120"	"production"	"6"	"UTC+08:00"	"AbleHobbit"	{}	{"job_argumentation": 2, "job_experimentation": 0, "job_modeling": 0, "job_name": "arctic-seal-habitats", "money": 1730, "region": "ArcticStation", "scene_type": "ship", "science_level": 3, "science_points": 210, "site": "Modeling", "task_list": [{"is_complete": true, "task_id": "findHabitat"}, {"is_complete": true, "task_id": "findRibbon"}, {"is_complete": false, "task_id": "findMicro"}, {"is_complete": true, "task_id": "countSeal"}, {"is_complete": false, "task_id": "countMicro"}, {"is_complete": false, "task_id": "report"}], "time_since_launch": 198.54}	21
"26071120074577254"	"AQUALAB"	"2026-07-11T12:11:03.651000+00:00"	"model_concept_started"	{"ecosystem": "UrchinBarren", "server_time": "2026-07-11T07:11:07+00:00"}	"GAME"	"120"	"production"	"6"	"UTC+08:00"	"AbleHobbit"	{}	{"job_argumentation": 2, "job_experimentation": 0, "job_modeling": 0, "job_name": "arctic-seal-habitats", "money": 1730, "region": "ArcticStation", "scene_type": "ship", "science_level": 3, "science_points": 210, "site": "Modeling", "task_list": [{"is_complete": true, "task_id": "findHabitat"}, {"is_complete": true, "task_id": "findRibbon"}, {"is_complete": false, "task_id": "findMicro"}, {"is_complete": true, "task_id": "countSeal"}, {"is_complete": false, "task_id": "countMicro"}, {"is_complete": false, "task_id": "report"}], "time_since_launch": 198.54}	21
"26071120074577254"	"AQUALAB"	"2026-07-11T12:11:11.467000+00:00"	"model_phase_changed"	{"phase": "Sync", "server_time": "2026-07-11T07:11:11+00:00"}	"GAME"	"120"	"production"	"6"	"UTC+08:00"	"AbleHobbit"	{}	{"job_argumentation": 2, "job_experimentation": 0, "job_modeling": 0, "job_name": "arctic-seal-habitats", "money": 1730, "region": "ArcticStation", "scene_type": "ship", "science_level": 3, "science_points": 210, "site": "Modeling", "task_list": [{"is_complete": true, "task_id": "findHabitat"}, {"is_complete": true, "task_id": "findRibbon"}, {"is_complete": false, "task_id": "findMicro"}, {"is_complete": true, "task_id": "countSeal"}, {"is_complete": false, "task_id": "countMicro"}, {"is_complete": false, "task_id": "report"}], "time_since_launch": 206.35}	22
"26071120074577254"	"AQUALAB"	"2026-07-11T12:11:11.467000+00:00"	"model_phase_changed"	{"phase": "Sync", "server_time": "2026-07-11T07:11:11+00:00"}	"GAME"	"120"	"production"	"6"	"UTC+08:00"	"AbleHobbit"	{}	{"job_argumentation": 2, "job_experimentation": 0, "job_modeling": 0, "job_name": "arctic-seal-habitats", "money": 1730, "region": "ArcticStation", "scene_type": "ship", "science_level": 3, "science_points": 210, "site": "Modeling", "task_list": [{"is_complete": true, "task_id": "findHabitat"}, {"is_complete": true, "task_id": "findRibbon"}, {"is_complete": false, "task_id": "findMicro"}, {"is_complete": true, "task_id": "countSeal"}, {"is_complete": false, "task_id": "countMicro"}, {"is_complete": false, "task_id": "report"}], "time_since_launch": 206.35}	22
"26071120074577254"	"AQUALAB"	"2026-07-11T12:11:11.479000+00:00"	"begin_simulation"	{"server_time": "2026-07-11T07:11:11+00:00"}	"GAME"	"120"	"production"	"6"	"UTC+08:00"	"AbleHobbit"	{}	{"job_argumentation": 2, "job_experimentation": 0, "job_modeling": 0, "job_name": "arctic-seal-habitats", "money": 1730, "region": "ArcticStation", "scene_type": "ship", "science_level": 3, "science_points": 210, "site": "Modeling", "task_list": [{"is_complete": true, "task_id": "findHabitat"}, {"is_complete": true, "task_id": "findRibbon"}, {"is_complete": false, "task_id": "findMicro"}, {"is_complete": true, "task_id": "countSeal"}, {"is_complete": false, "task_id": "countMicro"}, {"is_complete": false, "task_id": "report"}], "time_since_launch": 206.37}	23
"26071120074577254"	"AQUALAB"	"2026-07-11T12:11:11.479000+00:00"	"begin_simulation"	{"server_time": "2026-07-11T07:11:11+00:00"}	"GAME"	"120"	"production"	"6"	"UTC+08:00"	"AbleHobbit"	{}	{"job_argumentation": 2, "job_experimentation": 0, "job_modeling": 0, "job_name": "arctic-seal-habitats", "money": 1730, "region": "ArcticStation", "scene_type": "ship", "science_level": 3, "science_points": 210, "site": "Modeling", "task_list": [{"is_complete": true, "task_id": "findHabitat"}, {"is_complete": true, "task_id": "findRibbon"}, {"is_complete": false, "task_id": "findMicro"}, {"is_complete": true, "task_id": "countSeal"}, {"is_complete": false, "task_id": "countMicro"}, {"is_complete": false, "task_id": "report"}], "time_since_launch": 206.37}	23
"26071120074577254"	"AQUALAB"	"2026-07-11T12:11:20.350000+00:00"	"model_phase_changed"	{"phase": "Ecosystem", "server_time": "2026-07-11T07:11:23+00:00"}	"GAME"	"120"	"production"	"6"	"UTC+08:00"	"AbleHobbit"	{}	{"job_argumentation": 2, "job_experimentation": 0, "job_modeling": 0, "job_name": "arctic-seal-habitats", "money": 1730, "region": "ArcticStation", "scene_type": "ship", "science_level": 3, "science_points": 210, "site": "Modeling", "task_list": [{"is_complete": true, "task_id": "findHabitat"}, {"is_complete": true, "task_id": "findRibbon"}, {"is_complete": false, "task_id": "findMicro"}, {"is_complete": true, "task_id": "countSeal"}, {"is_complete": false, "task_id": "countMicro"}, {"is_complete": false, "task_id": "report"}], "time_since_launch": 215.24}	24
"26071120074577254"	"AQUALAB"	"2026-07-11T12:11:20.350000+00:00"	"model_phase_changed"	{"phase": "Ecosystem", "server_time": "2026-07-11T07:11:23+00:00"}	"GAME"	"120"	"production"	"6"	"UTC+08:00"	"AbleHobbit"	{}	{"job_argumentation": 2, "job_experimentation": 0, "job_modeling": 0, "job_name": "arctic-seal-habitats", "money": 1730, "region": "ArcticStation", "scene_type": "ship", "science_level": 3, "science_points": 210, "site": "Modeling", "task_list": [{"is_complete": true, "task_id": "findHabitat"}, {"is_complete": true, "task_id": "findRibbon"}, {"is_complete": false, "task_id": "findMicro"}, {"is_complete": true, "task_id": "countSeal"}, {"is_complete": false, "task_id": "countMicro"}, {"is_complete": false, "task_id": "report"}], "time_since_launch": 215.24}	24
"26071120074577254"	"AQUALAB"	"2026-07-11T12:11:21.901000+00:00"	"model_ecosystem_selected"	{"ecosystem": "W_WhaleFall", "server_time": "2026-07-11T07:11:24+00:00"}	"GAME"	"120"	"production"	"6"	"UTC+08:00"	"AbleHobbit"	{}	{"job_argumentation": 2, "job_experimentation": 0, "job_modeling": 0, "job_name": "arctic-seal-habitats", "money": 1730, "region": "ArcticStation", "scene_type": "ship", "science_level": 3, "science_points": 210, "site": "Modeling", "task_list": [{"is_complete": true, "task_id": "findHabitat"}, {"is_complete": true, "task_id": "findRibbon"}, {"is_complete": false, "task_id": "findMicro"}, {"is_complete": true, "task_id": "countSeal"}, {"is_complete": false, "task_id": "countMicro"}, {"is_complete": false, "task_id": "report"}], "time_since_launch": 216.79}	25
"26071120074577254"	"AQUALAB"	"2026-07-11T12:11:21.901000+00:00"	"model_ecosystem_selected"	{"ecosystem": "W_WhaleFall", "server_time": "2026-07-11T07:11:24+00:00"}	"GAME"	"120"	"production"	"6"	"UTC+08:00"	"AbleHobbit"	{}	{"job_argumentation": 2, "job_experimentation": 0, "job_modeling": 0, "job_name": "arctic-seal-habitats", "money": 1730, "region": "ArcticStation", "scene_type": "ship", "science_level": 3, "science_points": 210, "site": "Modeling", "task_list": [{"is_complete": true, "task_id": "findHabitat"}, {"is_complete": true, "task_id": "findRibbon"}, {"is_complete": false, "task_id": "findMicro"}, {"is_complete": true, "task_id": "countSeal"}, {"is_complete": false, "task_id": "countMicro"}, {"is_complete": false, "task_id": "report"}], "time_since_launch": 216.79}	25
"26071120074577254"	"AQUALAB"	"2026-07-11T12:11:22.967000+00:00"	"model_phase_changed"	{"phase": "Sync", "server_time": "2026-07-11T07:11:24+00:00"}	"GAME"	"120"	"production"	"6"	"UTC+08:00"	"AbleHobbit"	{}	{"job_argumentation": 2, "job_experimentation": 0, "job_modeling": 0, "job_name": "arctic-seal-habitats", "money": 1730, "region": "ArcticStation", "scene_type": "ship", "science_level": 3, "science_points": 210, "site": "Modeling", "task_list": [{"is_complete": true, "task_id": "findHabitat"}, {"is_complete": true, "task_id": "findRibbon"}, {"is_complete": false, "task_id": "findMicro"}, {"is_complete": true, "task_id": "countSeal"}, {"is_complete": false, "task_id": "countMicro"}, {"is_complete": false, "task_id": "report"}], "time_since_launch": 217.85}	26
"26071120074577254"	"AQUALAB"	"2026-07-11T12:11:22.967000+00:00"	"model_phase_changed"	{"phase": "Sync", "server_time": "2026-07-11T07:11:24+00:00"}	"GAME"	"120"	"production"	"6"	"UTC+08:00"	"AbleHobbit"	{}	{"job_argumentation": 2, "job_experimentation": 0, "job_modeling": 0, "job_name": "arctic-seal-habitats", "money": 1730, "region": "ArcticStation", "scene_type": "ship", "science_level": 3, "science_points": 210, "site": "Modeling", "task_list": [{"is_complete": true, "task_id": "findHabitat"}, {"is_complete": true, "task_id": "findRibbon"}, {"is_complete": false, "task_id": "findMicro"}, {"is_complete": true, "task_id": "countSeal"}, {"is_complete": false, "task_id": "countMicro"}, {"is_complete": false, "task_id": "report"}], "time_since_launch": 217.85}	26
"26071120074577254"	"AQUALAB"	"2026-07-11T12:11:22.981000+00:00"	"begin_simulation"	{"server_time": "2026-07-11T07:11:24+00:00"}	"GAME"	"120"	"production"	"6"	"UTC+08:00"	"AbleHobbit"	{}	{"job_argumentation": 2, "job_experimentation": 0, "job_modeling": 0, "job_name": "arctic-seal-habitats", "money": 1730, "region": "ArcticStation", "scene_type": "ship", "science_level": 3, "science_points": 210, "site": "Modeling", "task_list": [{"is_complete": true, "task_id": "findHabitat"}, {"is_complete": true, "task_id": "findRibbon"}, {"is_complete": false, "task_id": "findMicro"}, {"is_complete": true, "task_id": "countSeal"}, {"is_complete": false, "task_id": "countMicro"}, {"is_complete": false, "task_id": "report"}], "time_since_launch": 217.87}	27
"26071120074577254"	"AQUALAB"	"2026-07-11T12:11:22.981000+00:00"	"begin_simulation"	{"server_time": "2026-07-11T07:11:24+00:00"}	"GAME"	"120"	"production"	"6"	"UTC+08:00"	"AbleHobbit"	{}	{"job_argumentation": 2, "job_experimentation": 0, "job_modeling": 0, "job_name": "arctic-seal-habitats", "money": 1730, "region": "ArcticStation", "scene_type": "ship", "science_level": 3, "science_points": 210, "site": "Modeling", "task_list": [{"is_complete": true, "task_id": "findHabitat"}, {"is_complete": true, "task_id": "findRibbon"}, {"is_complete": false, "task_id": "findMicro"}, {"is_complete": true, "task_id": "countSeal"}, {"is_complete": false, "task_id": "countMicro"}, {"is_complete": false, "task_id": "report"}], "time_since_launch": 217.87}	27
"26071120074577254"	"AQUALAB"	"2026-07-11T12:11:25.150000+00:00"	"model_phase_changed"	{"phase": "Concept", "server_time": "2026-07-11T07:11:25+00:00"}	"GAME"	"120"	"production"	"6"	"UTC+08:00"	"AbleHobbit"	{}	{"job_argumentation": 2, "job_experimentation": 0, "job_modeling": 0, "job_name": "arctic-seal-habitats", "money": 1730, "region": "ArcticStation", "scene_type": "ship", "science_level": 3, "science_points": 210, "site": "Modeling", "task_list": [{"is_complete": true, "task_id": "findHabitat"}, {"is_complete": true, "task_id": "findRibbon"}, {"is_complete": false, "task_id": "findMicro"}, {"is_complete": true, "task_id": "countSeal"}, {"is_complete": false, "task_id": "countMicro"}, {"is_complete": false, "task_id": "report"}], "time_since_launch": 220.04}	28
"26071120074577254"	"AQUALAB"	"2026-07-11T12:11:25.150000+00:00"	"model_phase_changed"	{"phase": "Concept", "server_time": "2026-07-11T07:11:25+00:00"}	"GAME"	"120"	"production"	"6"	"UTC+08:00"	"AbleHobbit"	{}	{"job_argumentation": 2, "job_experimentation": 0, "job_modeling": 0, "job_name": "arctic-seal-habitats", "money": 1730, "region": "ArcticStation", "scene_type": "ship", "science_level": 3, "science_points": 210, "site": "Modeling", "task_list": [{"is_complete": true, "task_id": "findHabitat"}, {"is_complete": true, "task_id": "findRibbon"}, {"is_complete": false, "task_id": "findMicro"}, {"is_complete": true, "task_id": "countSeal"}, {"is_complete": false, "task_id": "countMicro"}, {"is_complete": false, "task_id": "report"}], "time_since_launch": 220.04}	28
"26071120074577254"	"AQUALAB"	"2026-07-11T12:11:25.152000+00:00"	"model_concept_started"	{"ecosystem": "W_WhaleFall", "server_time": "2026-07-11T07:11:25+00:00"}	"GAME"	"120"	"production"	"6"	"UTC+08:00"	"AbleHobbit"	{}	{"job_argumentation": 2, "job_experimentation": 0, "job_modeling": 0, "job_name": "arctic-seal-habitats", "money": 1730, "region": "ArcticStation", "scene_type": "ship", "science_level": 3, "science_points": 210, "site": "Modeling", "task_list": [{"is_complete": true, "task_id": "findHabitat"}, {"is_complete": true, "task_id": "findRibbon"}, {"is_complete": false, "task_id": "findMicro"}, {"is_complete": true, "task_id": "countSeal"}, {"is_complete": false, "task_id": "countMicro"}, {"is_complete": false, "task_id": "report"}], "time_since_launch": 220.04}	29
"26071120074577254"	"AQUALAB"	"2026-07-11T12:11:25.152000+00:00"	"model_concept_started"	{"ecosystem": "W_WhaleFall", "server_time": "2026-07-11T07:11:25+00:00"}	"GAME"	"120"	"production"	"6"	"UTC+08:00"	"AbleHobbit"	{}	{"job_argumentation": 2, "job_experimentation": 0, "job_modeling": 0, "job_name": "arctic-seal-habitats", "money": 1730, "region": "ArcticStation", "scene_type": "ship", "science_level": 3, "science_points": 210, "site": "Modeling", "task_list": [{"is_complete": true, "task_id": "findHabitat"}, {"is_complete": true, "task_id": "findRibbon"}, {"is_complete": false, "task_id": "findMicro"}, {"is_complete": true, "task_id": "countSeal"}, {"is_complete": false, "task_id": "countMicro"}, {"is_complete": false, "task_id": "report"}], "time_since_launch": 220.04}	29
"26071120074577254"	"AQUALAB"	"2026-07-11T12:11:26.283000+00:00"	"model_phase_changed"	{"phase": "Ecosystem", "server_time": "2026-07-11T07:11:26+00:00"}	"GAME"	"120"	"production"	"6"	"UTC+08:00"	"AbleHobbit"	{}	{"job_argumentation": 2, "job_experimentation": 0, "job_modeling": 0, "job_name": "arctic-seal-habitats", "money": 1730, "region": "ArcticStation", "scene_type": "ship", "science_level": 3, "science_points": 210, "site": "Modeling", "task_list": [{"is_complete": true, "task_id": "findHabitat"}, {"is_complete": true, "task_id": "findRibbon"}, {"is_complete": false, "task_id": "findMicro"}, {"is_complete": true, "task_id": "countSeal"}, {"is_complete": false, "task_id": "countMicro"}, {"is_complete": false, "task_id": "report"}], "time_since_launch": 221.17}	30
"26071120074577254"	"AQUALAB"	"2026-07-11T12:11:26.283000+00:00"	"model_phase_changed"	{"phase": "Ecosystem", "server_time": "2026-07-11T07:11:26+00:00"}	"GAME"	"120"	"production"	"6"	"UTC+08:00"	"AbleHobbit"	{}	{"job_argumentation": 2, "job_experimentation": 0, "job_modeling": 0, "job_name": "arctic-seal-habitats", "money": 1730, "region": "ArcticStation", "scene_type": "ship", "science_level": 3, "science_points": 210, "site": "Modeling", "task_list": [{"is_complete": true, "task_id": "findHabitat"}, {"is_complete": true, "task_id": "findRibbon"}, {"is_complete": false, "task_id": "findMicro"}, {"is_complete": true, "task_id": "countSeal"}, {"is_complete": false, "task_id": "countMicro"}, {"is_complete": false, "task_id": "report"}], "time_since_launch": 221.17}	30
"26071120074577254"	"AQUALAB"	"2026-07-11T12:11:28+00:00"	"model_ecosystem_selected"	{"ecosystem": "UrchinBarren", "server_time": "2026-07-11T07:11:28+00:00"}	"GAME"	"120"	"production"	"6"	"UTC+08:00"	"AbleHobbit"	{}	{"job_argumentation": 2, "job_experimentation": 0, "job_modeling": 0, "job_name": "arctic-seal-habitats", "money": 1730, "region": "ArcticStation", "scene_type": "ship", "science_level": 3, "science_points": 210, "site": "Modeling", "task_list": [{"is_complete": true, "task_id": "findHabitat"}, {"is_complete": true, "task_id": "findRibbon"}, {"is_complete": false, "task_id": "findMicro"}, {"is_complete": true, "task_id": "countSeal"}, {"is_complete": false, "task_id": "countMicro"}, {"is_complete": false, "task_id": "report"}], "time_since_launch": 222.89}	31
"26071120074577254"	"AQUALAB"	"2026-07-11T12:11:28+00:00"	"model_ecosystem_selected"	{"ecosystem": "UrchinBarren", "server_time": "2026-07-11T07:11:28+00:00"}	"GAME"	"120"	"production"	"6"	"UTC+08:00"	"AbleHobbit"	{}	{"job_argumentation": 2, "job_experimentation": 0, "job_modeling": 0, "job_name": "arctic-seal-habitats", "money": 1730, "region": "ArcticStation", "scene_type": "ship", "science_level": 3, "science_points": 210, "site": "Modeling", "task_list": [{"is_complete": true, "task_id": "findHabitat"}, {"is_complete": true, "task_id": "findRibbon"}, {"is_complete": false, "task_id": "findMicro"}, {"is_complete": true, "task_id": "countSeal"}, {"is_complete": false, "task_id": "countMicro"}, {"is_complete": false, "task_id": "report"}], "time_since_launch": 222.89}	31
"26071120074577254"	"AQUALAB"	"2026-07-11T12:11:28.684000+00:00"	"model_ecosystem_selected"	{"ecosystem": "WarmKelpForest", "server_time": "2026-07-11T07:11:29+00:00"}	"GAME"	"120"	"production"	"6"	"UTC+08:00"	"AbleHobbit"	{}	{"job_argumentation": 2, "job_experimentation": 0, "job_modeling": 0, "job_name": "arctic-seal-habitats", "money": 1730, "region": "ArcticStation", "scene_type": "ship", "science_level": 3, "science_points": 210, "site": "Modeling", "task_list": [{"is_complete": true, "task_id": "findHabitat"}, {"is_complete": true, "task_id": "findRibbon"}, {"is_complete": false, "task_id": "findMicro"}, {"is_complete": true, "task_id": "countSeal"}, {"is_complete": false, "task_id": "countMicro"}, {"is_complete": false, "task_id": "report"}], "time_since_launch": 223.57}	32
"26071120074577254"	"AQUALAB"	"2026-07-11T12:11:28.684000+00:00"	"model_ecosystem_selected"	{"ecosystem": "WarmKelpForest", "server_time": "2026-07-11T07:11:29+00:00"}	"GAME"	"120"	"production"	"6"	"UTC+08:00"	"AbleHobbit"	{}	{"job_argumentation": 2, "job_experimentation": 0, "job_modeling": 0, "job_name": "arctic-seal-habitats", "money": 1730, "region": "ArcticStation", "scene_type": "ship", "science_level": 3, "science_points": 210, "site": "Modeling", "task_list": [{"is_complete": true, "task_id": "findHabitat"}, {"is_complete": true, "task_id": "findRibbon"}, {"is_complete": false, "task_id": "findMicro"}, {"is_complete": true, "task_id": "countSeal"}, {"is_complete": false, "task_id": "countMicro"}, {"is_complete": false, "task_id": "report"}], "time_since_launch": 223.57}	32
"26071120074577254"	"AQUALAB"	"2026-07-11T12:11:29.184000+00:00"	"model_ecosystem_selected"	{"ecosystem": "LionfishInvasion", "server_time": "2026-07-11T07:11:29+00:00"}	"GAME"	"120"	"production"	"6"	"UTC+08:00"	"AbleHobbit"	{}	{"job_argumentation": 2, "job_experimentation": 0, "job_modeling": 0, "job_name": "arctic-seal-habitats", "money": 1730, "region": "ArcticStation", "scene_type": "ship", "science_level": 3, "science_points": 210, "site": "Modeling", "task_list": [{"is_complete": true, "task_id": "findHabitat"}, {"is_complete": true, "task_id": "findRibbon"}, {"is_complete": false, "task_id": "findMicro"}, {"is_complete": true, "task_id": "countSeal"}, {"is_complete": false, "task_id": "countMicro"}, {"is_complete": false, "task_id": "report"}], "time_since_launch": 224.07}	33
"26071120074577254"	"AQUALAB"	"2026-07-11T12:11:29.184000+00:00"	"model_ecosystem_selected"	{"ecosystem": "LionfishInvasion", "server_time": "2026-07-11T07:11:29+00:00"}	"GAME"	"120"	"production"	"6"	"UTC+08:00"	"AbleHobbit"	{}	{"job_argumentation": 2, "job_experimentation": 0, "job_modeling": 0, "job_name": "arctic-seal-habitats", "money": 1730, "region": "ArcticStation", "scene_type": "ship", "science_level": 3, "science_points": 210, "site": "Modeling", "task_list": [{"is_complete": true, "task_id": "findHabitat"}, {"is_complete": true, "task_id": "findRibbon"}, {"is_complete": false, "task_id": "findMicro"}, {"is_complete": true, "task_id": "countSeal"}, {"is_complete": false, "task_id": "countMicro"}, {"is_complete": false, "task_id": "report"}], "time_since_launch": 224.07}	33
"26071120074577254"	"AQUALAB"	"2026-07-11T12:11:30.066000+00:00"	"model_phase_changed"	{"phase": "Sync", "server_time": "2026-07-11T07:11:30+00:00"}	"GAME"	"120"	"production"	"6"	"UTC+08:00"	"AbleHobbit"	{}	{"job_argumentation": 2, "job_experimentation": 0, "job_modeling": 0, "job_name": "arctic-seal-habitats", "money": 1730, "region": "ArcticStation", "scene_type": "ship", "science_level": 3, "science_points": 210, "site": "Modeling", "task_list": [{"is_complete": true, "task_id": "findHabitat"}, {"is_complete": true, "task_id": "findRibbon"}, {"is_complete": false, "task_id": "findMicro"}, {"is_complete": true, "task_id": "countSeal"}, {"is_complete": false, "task_id": "countMicro"}, {"is_complete": false, "task_id": "report"}], "time_since_launch": 224.95}	34
"26071120074577254"	"AQUALAB"	"2026-07-11T12:11:30.066000+00:00"	"model_phase_changed"	{"phase": "Sync", "server_time": "2026-07-11T07:11:30+00:00"}	"GAME"	"120"	"production"	"6"	"UTC+08:00"	"AbleHobbit"	{}	{"job_argumentation": 2, "job_experimentation": 0, "job_modeling": 0, "job_name": "arctic-seal-habitats", "money": 1730, "region": "ArcticStation", "scene_type": "ship", "science_level": 3, "science_points": 210, "site": "Modeling", "task_list": [{"is_complete": true, "task_id": "findHabitat"}, {"is_complete": true, "task_id": "findRibbon"}, {"is_complete": false, "task_id": "findMicro"}, {"is_complete": true, "task_id": "countSeal"}, {"is_complete": false, "task_id": "countMicro"}, {"is_complete": false, "task_id": "report"}], "time_since_launch": 224.95}	34
"26071120074577254"	"AQUALAB"	"2026-07-11T12:11:30.080000+00:00"	"begin_simulation"	{"server_time": "2026-07-11T07:11:30+00:00"}	"GAME"	"120"	"production"	"6"	"UTC+08:00"	"AbleHobbit"	{}	{"job_argumentation": 2, "job_experimentation": 0, "job_modeling": 0, "job_name": "arctic-seal-habitats", "money": 1730, "region": "ArcticStation", "scene_type": "ship", "science_level": 3, "science_points": 210, "site": "Modeling", "task_list": [{"is_complete": true, "task_id": "findHabitat"}, {"is_complete": true, "task_id": "findRibbon"}, {"is_complete": false, "task_id": "findMicro"}, {"is_complete": true, "task_id": "countSeal"}, {"is_complete": false, "task_id": "countMicro"}, {"is_complete": false, "task_id": "report"}], "time_since_launch": 224.97}	35
"26071120074577254"	"AQUALAB"	"2026-07-11T12:11:30.080000+00:00"	"begin_simulation"	{"server_time": "2026-07-11T07:11:30+00:00"}	"GAME"	"120"	"production"	"6"	"UTC+08:00"	"AbleHobbit"	{}	{"job_argumentation": 2, "job_experimentation": 0, "job_modeling": 0, "job_name": "arctic-seal-habitats", "money": 1730, "region": "ArcticStation", "scene_type": "ship", "science_level": 3, "science_points": 210, "site": "Modeling", "task_list": [{"is_complete": true, "task_id": "findHabitat"}, {"is_complete": true, "task_id": "findRibbon"}, {"is_complete": false, "task_id": "findMicro"}, {"is_complete": true, "task_id": "countSeal"}, {"is_complete": false, "task_id": "countMicro"}, {"is_complete": false, "task_id": "report"}], "time_since_launch": 224.97}	35
"26071120074577254"	"AQUALAB"	"2026-07-11T12:11:30.967000+00:00"	"model_phase_changed"	{"phase": "Ecosystem", "server_time": "2026-07-11T07:11:31+00:00"}	"GAME"	"120"	"production"	"6"	"UTC+08:00"	"AbleHobbit"	{}	{"job_argumentation": 2, "job_experimentation": 0, "job_modeling": 0, "job_name": "arctic-seal-habitats", "money": 1730, "region": "ArcticStation", "scene_type": "ship", "science_level": 3, "science_points": 210, "site": "Modeling", "task_list": [{"is_complete": true, "task_id": "findHabitat"}, {"is_complete": true, "task_id": "findRibbon"}, {"is_complete": false, "task_id": "findMicro"}, {"is_complete": true, "task_id": "countSeal"}, {"is_complete": false, "task_id": "countMicro"}, {"is_complete": false, "task_id": "report"}], "time_since_launch": 225.85}	36
"26071120074577254"	"AQUALAB"	"2026-07-11T12:11:30.967000+00:00"	"model_phase_changed"	{"phase": "Ecosystem", "server_time": "2026-07-11T07:11:31+00:00"}	"GAME"	"120"	"production"	"6"	"UTC+08:00"	"AbleHobbit"	{}	{"job_argumentation": 2, "job_experimentation": 0, "job_modeling": 0, "job_name": "arctic-seal-habitats", "money": 1730, "region": "ArcticStation", "scene_type": "ship", "science_level": 3, "science_points": 210, "site": "Modeling", "task_list": [{"is_complete": true, "task_id": "findHabitat"}, {"is_complete": true, "task_id": "findRibbon"}, {"is_complete": false, "task_id": "findMicro"}, {"is_complete": true, "task_id": "countSeal"}, {"is_complete": false, "task_id": "countMicro"}, {"is_complete": false, "task_id": "report"}], "time_since_launch": 225.85}	36
"26071120074577254"	"AQUALAB"	"2026-07-11T12:11:31.801000+00:00"	"model_ecosystem_selected"	{"ecosystem": "WarmKelpForest", "server_time": "2026-07-11T07:11:32+00:00"}	"GAME"	"120"	"production"	"6"	"UTC+08:00"	"AbleHobbit"	{}	{"job_argumentation": 2, "job_experimentation": 0, "job_modeling": 0, "job_name": "arctic-seal-habitats", "money": 1730, "region": "ArcticStation", "scene_type": "ship", "science_level": 3, "science_points": 210, "site": "Modeling", "task_list": [{"is_complete": true, "task_id": "findHabitat"}, {"is_complete": true, "task_id": "findRibbon"}, {"is_complete": false, "task_id": "findMicro"}, {"is_complete": true, "task_id": "countSeal"}, {"is_complete": false, "task_id": "countMicro"}, {"is_complete": false, "task_id": "report"}], "time_since_launch": 226.69}	37
"26071120074577254"	"AQUALAB"	"2026-07-11T12:11:31.801000+00:00"	"model_ecosystem_selected"	{"ecosystem": "WarmKelpForest", "server_time": "2026-07-11T07:11:32+00:00"}	"GAME"	"120"	"production"	"6"	"UTC+08:00"	"AbleHobbit"	{}	{"job_argumentation": 2, "job_experimentation": 0, "job_modeling": 0, "job_name": "arctic-seal-habitats", "money": 1730, "region": "ArcticStation", "scene_type": "ship", "science_level": 3, "science_points": 210, "site": "Modeling", "task_list": [{"is_complete": true, "task_id": "findHabitat"}, {"is_complete": true, "task_id": "findRibbon"}, {"is_complete": false, "task_id": "findMicro"}, {"is_complete": true, "task_id": "countSeal"}, {"is_complete": false, "task_id": "countMicro"}, {"is_complete": false, "task_id": "report"}], "time_since_launch": 226.69}	37
"26071120074577254"	"AQUALAB"	"2026-07-11T12:11:32.585000+00:00"	"model_ecosystem_selected"	{"ecosystem": "ReefEdge", "server_time": "2026-07-11T07:11:33+00:00"}	"GAME"	"120"	"production"	"6"	"UTC+08:00"	"AbleHobbit"	{}	{"job_argumentation": 2, "job_experimentation": 0, "job_modeling": 0, "job_name": "arctic-seal-habitats", "money": 1730, "region": "ArcticStation", "scene_type": "ship", "science_level": 3, "science_points": 210, "site": "Modeling", "task_list": [{"is_complete": true, "task_id": "findHabitat"}, {"is_complete": true, "task_id": "findRibbon"}, {"is_complete": false, "task_id": "findMicro"}, {"is_complete": true, "task_id": "countSeal"}, {"is_complete": false, "task_id": "countMicro"}, {"is_complete": false, "task_id": "report"}], "time_since_launch": 227.47}	38
"26071120074577254"	"AQUALAB"	"2026-07-11T12:11:32.585000+00:00"	"model_ecosystem_selected"	{"ecosystem": "ReefEdge", "server_time": "2026-07-11T07:11:33+00:00"}	"GAME"	"120"	"production"	"6"	"UTC+08:00"	"AbleHobbit"	{}	{"job_argumentation": 2, "job_experimentation": 0, "job_modeling": 0, "job_name": "arctic-seal-habitats", "money": 1730, "region": "ArcticStation", "scene_type": "ship", "science_level": 3, "science_points": 210, "site": "Modeling", "task_list": [{"is_complete": true, "task_id": "findHabitat"}, {"is_complete": true, "task_id": "findRibbon"}, {"is_complete": false, "task_id": "findMicro"}, {"is_complete": true, "task_id": "countSeal"}, {"is_complete": false, "task_id": "countMicro"}, {"is_complete": false, "task_id": "report"}], "time_since_launch": 227.47}	38
"26071120074577254"	"AQUALAB"	"2026-07-11T12:11:33.067000+00:00"	"model_ecosystem_selected"	{"ecosystem": "N_ThermalVent", "server_time": "2026-07-11T07:11:33+00:00"}	"GAME"	"120"	"production"	"6"	"UTC+08:00"	"AbleHobbit"	{}	{"job_argumentation": 2, "job_experimentation": 0, "job_modeling": 0, "job_name": "arctic-seal-habitats", "money": 1730, "region": "ArcticStation", "scene_type": "ship", "science_level": 3, "science_points": 210, "site": "Modeling", "task_list": [{"is_complete": true, "task_id": "findHabitat"}, {"is_complete": true, "task_id": "findRibbon"}, {"is_complete": false, "task_id": "findMicro"}, {"is_complete": true, "task_id": "countSeal"}, {"is_complete": false, "task_id": "countMicro"}, {"is_complete": false, "task_id": "report"}], "time_since_launch": 227.95}	39
"26071120074577254"	"AQUALAB"	"2026-07-11T12:11:33.067000+00:00"	"model_ecosystem_selected"	{"ecosystem": "N_ThermalVent", "server_time": "2026-07-11T07:11:33+00:00"}	"GAME"	"120"	"production"	"6"	"UTC+08:00"	"AbleHobbit"	{}	{"job_argumentation": 2, "job_experimentation": 0, "job_modeling": 0, "job_name": "arctic-seal-habitats", "money": 1730, "region": "ArcticStation", "scene_type": "ship", "science_level": 3, "science_points": 210, "site": "Modeling", "task_list": [{"is_complete": true, "task_id": "findHabitat"}, {"is_complete": true, "task_id": "findRibbon"}, {"is_complete": false, "task_id": "findMicro"}, {"is_complete": true, "task_id": "countSeal"}, {"is_complete": false, "task_id": "countMicro"}, {"is_complete": false, "task_id": "report"}], "time_since_launch": 227.95}	39
"26071120074577254"	"AQUALAB"	"2026-07-11T12:11:33.600000+00:00"	"model_ecosystem_selected"	{"ecosystem": "MixedKelp", "server_time": "2026-07-11T07:11:34+00:00"}	"GAME"	"120"	"production"	"6"	"UTC+08:00"	"AbleHobbit"	{}	{"job_argumentation": 2, "job_experimentation": 0, "job_modeling": 0, "job_name": "arctic-seal-habitats", "money": 1730, "region": "ArcticStation", "scene_type": "ship", "science_level": 3, "science_points": 210, "site": "Modeling", "task_list": [{"is_complete": true, "task_id": "findHabitat"}, {"is_complete": true, "task_id": "findRibbon"}, {"is_complete": false, "task_id": "findMicro"}, {"is_complete": true, "task_id": "countSeal"}, {"is_complete": false, "task_id": "countMicro"}, {"is_complete": false, "task_id": "report"}], "time_since_launch": 228.49}	40
"26071120074577254"	"AQUALAB"	"2026-07-11T12:11:33.600000+00:00"	"model_ecosystem_selected"	{"ecosystem": "MixedKelp", "server_time": "2026-07-11T07:11:34+00:00"}	"GAME"	"120"	"production"	"6"	"UTC+08:00"	"AbleHobbit"	{}	{"job_argumentation": 2, "job_experimentation": 0, "job_modeling": 0, "job_name": "arctic-seal-habitats", "money": 1730, "region": "ArcticStation", "scene_type": "ship", "science_level": 3, "science_points": 210, "site": "Modeling", "task_list": [{"is_complete": true, "task_id": "findHabitat"}, {"is_complete": true, "task_id": "findRibbon"}, {"is_complete": false, "task_id": "findMicro"}, {"is_complete": true, "task_id": "countSeal"}, {"is_complete": false, "task_id": "countMicro"}, {"is_complete": false, "task_id": "report"}], "time_since_launch": 228.49}	40
"26071120074577254"	"AQUALAB"	"2026-07-11T12:11:34.200000+00:00"	"model_ecosystem_selected"	{"ecosystem": "SargassumCoveredReef", "server_time": "2026-07-11T07:11:34+00:00"}	"GAME"	"120"	"production"	"6"	"UTC+08:00"	"AbleHobbit"	{}	{"job_argumentation": 2, "job_experimentation": 0, "job_modeling": 0, "job_name": "arctic-seal-habitats", "money": 1730, "region": "ArcticStation", "scene_type": "ship", "science_level": 3, "science_points": 210, "site": "Modeling", "task_list": [{"is_complete": true, "task_id": "findHabitat"}, {"is_complete": true, "task_id": "findRibbon"}, {"is_complete": false, "task_id": "findMicro"}, {"is_complete": true, "task_id": "countSeal"}, {"is_complete": false, "task_id": "countMicro"}, {"is_complete": false, "task_id": "report"}], "time_since_launch": 229.09}	41
"26071120074577254"	"AQUALAB"	"2026-07-11T12:11:34.200000+00:00"	"model_ecosystem_selected"	{"ecosystem": "SargassumCoveredReef", "server_time": "2026-07-11T07:11:34+00:00"}	"GAME"	"120"	"production"	"6"	"UTC+08:00"	"AbleHobbit"	{}	{"job_argumentation": 2, "job_experimentation": 0, "job_modeling": 0, "job_name": "arctic-seal-habitats", "money": 1730, "region": "ArcticStation", "scene_type": "ship", "science_level": 3, "science_points": 210, "site": "Modeling", "task_list": [{"is_complete": true, "task_id": "findHabitat"}, {"is_complete": true, "task_id": "findRibbon"}, {"is_complete": false, "task_id": "findMicro"}, {"is_complete": true, "task_id": "countSeal"}, {"is_complete": false, "task_id": "countMicro"}, {"is_complete": false, "task_id": "report"}], "time_since_launch": 229.09}	41
"26071120074577254"	"AQUALAB"	"2026-07-11T12:11:35.151000+00:00"	"model_ecosystem_selected"	{"ecosystem": "O_OilRig", "server_time": "2026-07-11T07:11:35+00:00"}	"GAME"	"120"	"production"	"6"	"UTC+08:00"	"AbleHobbit"	{}	{"job_argumentation": 2, "job_experimentation": 0, "job_modeling": 0, "job_name": "arctic-seal-habitats", "money": 1730, "region": "ArcticStation", "scene_type": "ship", "science_level": 3, "science_points": 210, "site": "Modeling", "task_list": [{"is_complete": true, "task_id": "findHabitat"}, {"is_complete": true, "task_id": "findRibbon"}, {"is_complete": false, "task_id": "findMicro"}, {"is_complete": true, "task_id": "countSeal"}, {"is_complete": false, "task_id": "countMicro"}, {"is_complete": false, "task_id": "report"}], "time_since_launch": 230.04}	42
"26071120074577254"	"AQUALAB"	"2026-07-11T12:11:35.151000+00:00"	"model_ecosystem_selected"	{"ecosystem": "O_OilRig", "server_time": "2026-07-11T07:11:35+00:00"}	"GAME"	"120"	"production"	"6"	"UTC+08:00"	"AbleHobbit"	{}	{"job_argumentation": 2, "job_experimentation": 0, "job_modeling": 0, "job_name": "arctic-seal-habitats", "money": 1730, "region": "ArcticStation", "scene_type": "ship", "science_level": 3, "science_points": 210, "site": "Modeling", "task_list": [{"is_complete": true, "task_id": "findHabitat"}, {"is_complete": true, "task_id": "findRibbon"}, {"is_complete": false, "task_id": "findMicro"}, {"is_complete": true, "task_id": "countSeal"}, {"is_complete": false, "task_id": "countMicro"}, {"is_complete": false, "task_id": "report"}], "time_since_launch": 230.04}	42
"26071120074577254"	"AQUALAB"	"2026-07-11T12:11:35.616000+00:00"	"model_ecosystem_selected"	{"ecosystem": "P_DeadZone", "server_time": "2026-07-11T07:11:36+00:00"}	"GAME"	"120"	"production"	"6"	"UTC+08:00"	"AbleHobbit"	{}	{"job_argumentation": 2, "job_experimentation": 0, "job_modeling": 0, "job_name": "arctic-seal-habitats", "money": 1730, "region": "ArcticStation", "scene_type": "ship", "science_level": 3, "science_points": 210, "site": "Modeling", "task_list": [{"is_complete": true, "task_id": "findHabitat"}, {"is_complete": true, "task_id": "findRibbon"}, {"is_complete": false, "task_id": "findMicro"}, {"is_complete": true, "task_id": "countSeal"}, {"is_complete": false, "task_id": "countMicro"}, {"is_complete": false, "task_id": "report"}], "time_since_launch": 230.5}	43
"26071120074577254"	"AQUALAB"	"2026-07-11T12:11:35.616000+00:00"	"model_ecosystem_selected"	{"ecosystem": "P_DeadZone", "server_time": "2026-07-11T07:11:36+00:00"}	"GAME"	"120"	"production"	"6"	"UTC+08:00"	"AbleHobbit"	{}	{"job_argumentation": 2, "job_experimentation": 0, "job_modeling": 0, "job_name": "arctic-seal-habitats", "money": 1730, "region": "ArcticStation", "scene_type": "ship", "science_level": 3, "science_points": 210, "site": "Modeling", "task_list": [{"is_complete": true, "task_id": "findHabitat"}, {"is_complete": true, "task_id": "findRibbon"}, {"is_complete": false, "task_id": "findMicro"}, {"is_complete": true, "task_id": "countSeal"}, {"is_complete": false, "task_id": "countMicro"}, {"is_complete": false, "task_id": "report"}], "time_since_launch": 230.5}	43
"26071120074577254"	"AQUALAB"	"2026-07-11T12:11:36.217000+00:00"	"model_ecosystem_selected"	{"ecosystem": "W_WhaleFall", "server_time": "2026-07-11T07:11:36+00:00"}	"GAME"	"120"	"production"	"6"	"UTC+08:00"	"AbleHobbit"	{}	{"job_argumentation": 2, "job_experimentation": 0, "job_modeling": 0, "job_name": "arctic-seal-habitats", "money": 1730, "region": "ArcticStation", "scene_type": "ship", "science_level": 3, "science_points": 210, "site": "Modeling", "task_list": [{"is_complete": true, "task_id": "findHabitat"}, {"is_complete": true, "task_id": "findRibbon"}, {"is_complete": false, "task_id": "findMicro"}, {"is_complete": true, "task_id": "countSeal"}, {"is_complete": false, "task_id": "countMicro"}, {"is_complete": false, "task_id": "report"}], "time_since_launch": 231.1}	44
"26071120074577254"	"AQUALAB"	"2026-07-11T12:11:36.217000+00:00"	"model_ecosystem_selected"	{"ecosystem": "W_WhaleFall", "server_time": "2026-07-11T07:11:36+00:00"}	"GAME"	"120"	"production"	"6"	"UTC+08:00"	"AbleHobbit"	{}	{"job_argumentation": 2, "job_experimentation": 0, "job_modeling": 0, "job_name": "arctic-seal-habitats", "money": 1730, "region": "ArcticStation", "scene_type": "ship", "science_level": 3, "science_points": 210, "site": "Modeling", "task_list": [{"is_complete": true, "task_id": "findHabitat"}, {"is_complete": true, "task_id": "findRibbon"}, {"is_complete": false, "task_id": "findMicro"}, {"is_complete": true, "task_id": "countSeal"}, {"is_complete": false, "task_id": "countMicro"}, {"is_complete": false, "task_id": "report"}], "time_since_launch": 231.1}	44
"26071120074577254"	"AQUALAB"	"2026-07-11T12:11:36.733000+00:00"	"model_ecosystem_selected"	{"ecosystem": "X_UnderTheIce", "server_time": "2026-07-11T07:11:37+00:00"}	"GAME"	"120"	"production"	"6"	"UTC+08:00"	"AbleHobbit"	{}	{"job_argumentation": 2, "job_experimentation": 0, "job_modeling": 0, "job_name": "arctic-seal-habitats", "money": 1730, "region": "ArcticStation", "scene_type": "ship", "science_level": 3, "science_points": 210, "site": "Modeling", "task_list": [{"is_complete": true, "task_id": "findHabitat"}, {"is_complete": true, "task_id": "findRibbon"}, {"is_complete": false, "task_id": "findMicro"}, {"is_complete": true, "task_id": "countSeal"}, {"is_complete": false, "task_id": "countMicro"}, {"is_complete": false, "task_id": "report"}], "time_since_launch": 231.62}	45
"26071120074577254"	"AQUALAB"	"2026-07-11T12:11:36.733000+00:00"	"model_ecosystem_selected"	{"ecosystem": "X_UnderTheIce", "server_time": "2026-07-11T07:11:37+00:00"}	"GAME"	"120"	"production"	"6"	"UTC+08:00"	"AbleHobbit"	{}	{"job_argumentation": 2, "job_experimentation": 0, "job_modeling": 0, "job_name": "arctic-seal-habitats", "money": 1730, "region": "ArcticStation", "scene_type": "ship", "science_level": 3, "science_points": 210, "site": "Modeling", "task_list": [{"is_complete": true, "task_id": "findHabitat"}, {"is_complete": true, "task_id": "findRibbon"}, {"is_complete": false, "task_id": "findMicro"}, {"is_complete": true, "task_id": "countSeal"}, {"is_complete": false, "task_id": "countMicro"}, {"is_complete": false, "task_id": "report"}], "time_since_launch": 231.62}	45
"26071120074577254"	"AQUALAB"	"2026-07-11T12:11:37.584000+00:00"	"model_ecosystem_selected"	{"ecosystem": "O_OilRig", "server_time": "2026-07-11T07:11:38+00:00"}	"GAME"	"120"	"production"	"6"	"UTC+08:00"	"AbleHobbit"	{}	{"job_argumentation": 2, "job_experimentation": 0, "job_modeling": 0, "job_name": "arctic-seal-habitats", "money": 1730, "region": "ArcticStation", "scene_type": "ship", "science_level": 3, "science_points": 210, "site": "Modeling", "task_list": [{"is_complete": true, "task_id": "findHabitat"}, {"is_complete": true, "task_id": "findRibbon"}, {"is_complete": false, "task_id": "findMicro"}, {"is_complete": true, "task_id": "countSeal"}, {"is_complete": false, "task_id": "countMicro"}, {"is_complete": false, "task_id": "report"}], "time_since_launch": 232.47}	46
"26071120074577254"	"AQUALAB"	"2026-07-11T12:11:37.584000+00:00"	"model_ecosystem_selected"	{"ecosystem": "O_OilRig", "server_time": "2026-07-11T07:11:38+00:00"}	"GAME"	"120"	"production"	"6"	"UTC+08:00"	"AbleHobbit"	{}	{"job_argumentation": 2, "job_experimentation": 0, "job_modeling": 0, "job_name": "arctic-seal-habitats", "money": 1730, "region": "ArcticStation", "scene_type": "ship", "science_level": 3, "science_points": 210, "site": "Modeling", "task_list": [{"is_complete": true, "task_id": "findHabitat"}, {"is_complete": true, "task_id": "findRibbon"}, {"is_complete": false, "task_id": "findMicro"}, {"is_complete": true, "task_id": "countSeal"}, {"is_complete": false, "task_id": "countMicro"}, {"is_complete": false, "task_id": "report"}], "time_since_launch": 232.47}	46
"26071120074577254"	"AQUALAB"	"2026-07-11T12:11:38.450000+00:00"	"model_phase_changed"	{"phase": "Sync", "server_time": "2026-07-11T07:11:38+00:00"}	"GAME"	"120"	"production"	"6"	"UTC+08:00"	"AbleHobbit"	{}	{"job_argumentation": 2, "job_experimentation": 0, "job_modeling": 0, "job_name": "arctic-seal-habitats", "money": 1730, "region": "ArcticStation", "scene_type": "ship", "science_level": 3, "science_points": 210, "site": "Modeling", "task_list": [{"is_complete": true, "task_id": "findHabitat"}, {"is_complete": true, "task_id": "findRibbon"}, {"is_complete": false, "task_id": "findMicro"}, {"is_complete": true, "task_id": "countSeal"}, {"is_complete": false, "task_id": "countMicro"}, {"is_complete": false, "task_id": "report"}], "time_since_launch": 233.34}	47
"26071120074577254"	"AQUALAB"	"2026-07-11T12:11:38.450000+00:00"	"model_phase_changed"	{"phase": "Sync", "server_time": "2026-07-11T07:11:38+00:00"}	"GAME"	"120"	"production"	"6"	"UTC+08:00"	"AbleHobbit"	{}	{"job_argumentation": 2, "job_experimentation": 0, "job_modeling": 0, "job_name": "arctic-seal-habitats", "money": 1730, "region": "ArcticStation", "scene_type": "ship", "science_level": 3, "science_points": 210, "site": "Modeling", "task_list": [{"is_complete": true, "task_id": "findHabitat"}, {"is_complete": true, "task_id": "findRibbon"}, {"is_complete": false, "task_id": "findMicro"}, {"is_complete": true, "task_id": "countSeal"}, {"is_complete": false, "task_id": "countMicro"}, {"is_complete": false, "task_id": "report"}], "time_since_launch": 233.34}	47
"26071120074577254"	"AQUALAB"	"2026-07-11T12:11:38.463000+00:00"	"begin_simulation"	{"server_time": "2026-07-11T07:11:38+00:00"}	"GAME"	"120"	"production"	"6"	"UTC+08:00"	"AbleHobbit"	{}	{"job_argumentation": 2, "job_experimentation": 0, "job_modeling": 0, "job_name": "arctic-seal-habitats", "money": 1730, "region": "ArcticStation", "scene_type": "ship", "science_level": 3, "science_points": 210, "site": "Modeling", "task_list": [{"is_complete": true, "task_id": "findHabitat"}, {"is_complete": true, "task_id": "findRibbon"}, {"is_complete": false, "task_id": "findMicro"}, {"is_complete": true, "task_id": "countSeal"}, {"is_complete": false, "task_id": "countMicro"}, {"is_complete": false, "task_id": "report"}], "time_since_launch": 233.35}	48
"26071120074577254"	"AQUALAB"	"2026-07-11T12:11:38.463000+00:00"	"begin_simulation"	{"server_time": "2026-07-11T07:11:38+00:00"}	"GAME"	"120"	"production"	"6"	"UTC+08:00"	"AbleHobbit"	{}	{"job_argumentation": 2, "job_experimentation": 0, "job_modeling": 0, "job_name": "arctic-seal-habitats", "money": 1730, "region": "ArcticStation", "scene_type": "ship", "science_level": 3, "science_points": 210, "site": "Modeling", "task_list": [{"is_complete": true, "task_id": "findHabitat"}, {"is_complete": true, "task_id": "findRibbon"}, {"is_complete": false, "task_id": "findMicro"}, {"is_complete": true, "task_id": "countSeal"}, {"is_complete": false, "task_id": "countMicro"}, {"is_complete": false, "task_id": "report"}], "time_since_launch": 233.35}	48
"26071120074577254"	"AQUALAB"	"2026-07-11T12:11:44.083000+00:00"	"model_phase_changed"	{"phase": "Ecosystem", "server_time": "2026-07-11T07:11:46+00:00"}	"GAME"	"120"	"production"	"6"	"UTC+08:00"	"AbleHobbit"	{}	{"job_argumentation": 2, "job_experimentation": 0, "job_modeling": 0, "job_name": "arctic-seal-habitats", "money": 1730, "region": "ArcticStation", "scene_type": "ship", "science_level": 3, "science_points": 210, "site": "Modeling", "task_list": [{"is_complete": true, "task_id": "findHabitat"}, {"is_complete": true, "task_id": "findRibbon"}, {"is_complete": false, "task_id": "findMicro"}, {"is_complete": true, "task_id": "countSeal"}, {"is_complete": false, "task_id": "countMicro"}, {"is_complete": false, "task_id": "report"}], "time_since_launch": 238.97}	49
"26071120074577254"	"AQUALAB"	"2026-07-11T12:11:44.083000+00:00"	"model_phase_changed"	{"phase": "Ecosystem", "server_time": "2026-07-11T07:11:46+00:00"}	"GAME"	"120"	"production"	"6"	"UTC+08:00"	"AbleHobbit"	{}	{"job_argumentation": 2, "job_experimentation": 0, "job_modeling": 0, "job_name": "arctic-seal-habitats", "money": 1730, "region": "ArcticStation", "scene_type": "ship", "science_level": 3, "science_points": 210, "site": "Modeling", "task_list": [{"is_complete": true, "task_id": "findHabitat"}, {"is_complete": true, "task_id": "findRibbon"}, {"is_complete": false, "task_id": "findMicro"}, {"is_complete": true, "task_id": "countSeal"}, {"is_complete": false, "task_id": "countMicro"}, {"is_complete": false, "task_id": "report"}], "time_since_launch": 238.97}	49
"26071120074577254"	"AQUALAB"	"2026-07-11T12:11:48.150000+00:00"	"model_ecosystem_selected"	{"ecosystem": "Z_OpenOcean", "server_time": "2026-07-11T07:11:48+00:00"}	"GAME"	"120"	"production"	"6"	"UTC+08:00"	"AbleHobbit"	{}	{"job_argumentation": 2, "job_experimentation": 0, "job_modeling": 0, "job_name": "arctic-seal-habitats", "money": 1730, "region": "ArcticStation", "scene_type": "ship", "science_level": 3, "science_points": 210, "site": "Modeling", "task_list": [{"is_complete": true, "task_id": "findHabitat"}, {"is_complete": true, "task_id": "findRibbon"}, {"is_complete": false, "task_id": "findMicro"}, {"is_complete": true, "task_id": "countSeal"}, {"is_complete": false, "task_id": "countMicro"}, {"is_complete": false, "task_id": "report"}], "time_since_launch": 243.04}	50
"26071120074577254"	"AQUALAB"	"2026-07-11T12:11:48.150000+00:00"	"model_ecosystem_selected"	{"ecosystem": "Z_OpenOcean", "server_time": "2026-07-11T07:11:48+00:00"}	"GAME"	"120"	"production"	"6"	"UTC+08:00"	"AbleHobbit"	{}	{"job_argumentation": 2, "job_experimentation": 0, "job_modeling": 0, "job_name": "arctic-seal-habitats", "money": 1730, "region": "ArcticStation", "scene_type": "ship", "science_level": 3, "science_points": 210, "site": "Modeling", "task_list": [{"is_complete": true, "task_id": "findHabitat"}, {"is_complete": true, "task_id": "findRibbon"}, {"is_complete": false, "task_id": "findMicro"}, {"is_complete": true, "task_id": "countSeal"}, {"is_complete": false, "task_id": "countMicro"}, {"is_complete": false, "task_id": "report"}], "time_since_launch": 243.04}	50
"26071120074577254"	"AQUALAB"	"2026-07-11T12:11:48.934000+00:00"	"model_ecosystem_selected"	{"ecosystem": "Y_IceCrevice", "server_time": "2026-07-11T07:11:49+00:00"}	"GAME"	"120"	"production"	"6"	"UTC+08:00"	"AbleHobbit"	{}	{"job_argumentation": 2, "job_experimentation": 0, "job_modeling": 0, "job_name": "arctic-seal-habitats", "money": 1730, "region": "ArcticStation", "scene_type": "ship", "science_level": 3, "science_points": 210, "site": "Modeling", "task_list": [{"is_complete": true, "task_id": "findHabitat"}, {"is_complete": true, "task_id": "findRibbon"}, {"is_complete": false, "task_id": "findMicro"}, {"is_complete": true, "task_id": "countSeal"}, {"is_complete": false, "task_id": "countMicro"}, {"is_complete": false, "task_id": "report"}], "time_since_launch": 243.82}	51
"26071120074577254"	"AQUALAB"	"2026-07-11T12:11:48.934000+00:00"	"model_ecosystem_selected"	{"ecosystem": "Y_IceCrevice", "server_time": "2026-07-11T07:11:49+00:00"}	"GAME"	"120"	"production"	"6"	"UTC+08:00"	"AbleHobbit"	{}	{"job_argumentation": 2, "job_experimentation": 0, "job_modeling": 0, "job_name": "arctic-seal-habitats", "money": 1730, "region": "ArcticStation", "scene_type": "ship", "science_level": 3, "science_points": 210, "site": "Modeling", "task_list": [{"is_complete": true, "task_id": "findHabitat"}, {"is_complete": true, "task_id": "findRibbon"}, {"is_complete": false, "task_id": "findMicro"}, {"is_complete": true, "task_id": "countSeal"}, {"is_complete": false, "task_id": "countMicro"}, {"is_complete": false, "task_id": "report"}], "time_since_launch": 243.82}	51
"26071120074577254"	"AQUALAB"	"2026-07-11T12:11:49.583000+00:00"	"model_ecosystem_selected"	{"ecosystem": "DeepDeepSea", "server_time": "2026-07-11T07:11:49+00:00"}	"GAME"	"120"	"production"	"6"	"UTC+08:00"	"AbleHobbit"	{}	{"job_argumentation": 2, "job_experimentation": 0, "job_modeling": 0, "job_name": "arctic-seal-habitats", "money": 1730, "region": "ArcticStation", "scene_type": "ship", "science_level": 3, "science_points": 210, "site": "Modeling", "task_list": [{"is_complete": true, "task_id": "findHabitat"}, {"is_complete": true, "task_id": "findRibbon"}, {"is_complete": false, "task_id": "findMicro"}, {"is_complete": true, "task_id": "countSeal"}, {"is_complete": false, "task_id": "countMicro"}, {"is_complete": false, "task_id": "report"}], "time_since_launch": 244.47}	52
"26071120074577254"	"AQUALAB"	"2026-07-11T12:11:49.583000+00:00"	"model_ecosystem_selected"	{"ecosystem": "DeepDeepSea", "server_time": "2026-07-11T07:11:49+00:00"}	"GAME"	"120"	"production"	"6"	"UTC+08:00"	"AbleHobbit"	{}	{"job_argumentation": 2, "job_experimentation": 0, "job_modeling": 0, "job_name": "arctic-seal-habitats", "money": 1730, "region": "ArcticStation", "scene_type": "ship", "science_level": 3, "science_points": 210, "site": "Modeling", "task_list": [{"is_complete": true, "task_id": "findHabitat"}, {"is_complete": true, "task_id": "findRibbon"}, {"is_complete": false, "task_id": "findMicro"}, {"is_complete": true, "task_id": "countSeal"}, {"is_complete": false, "task_id": "countMicro"}, {"is_complete": false, "task_id": "report"}], "time_since_launch": 244.47}	52
"26071120074577254"	"AQUALAB"	"2026-07-11T12:11:50.583000+00:00"	"model_ecosystem_selected"	{"ecosystem": "X_UnderTheIce", "server_time": "2026-07-11T07:11:51+00:00"}	"GAME"	"120"	"production"	"6"	"UTC+08:00"	"AbleHobbit"	{}	{"job_argumentation": 2, "job_experimentation": 0, "job_modeling": 0, "job_name": "arctic-seal-habitats", "money": 1730, "region": "ArcticStation", "scene_type": "ship", "science_level": 3, "science_points": 210, "site": "Modeling", "task_list": [{"is_complete": true, "task_id": "findHabitat"}, {"is_complete": true, "task_id": "findRibbon"}, {"is_complete": false, "task_id": "findMicro"}, {"is_complete": true, "task_id": "countSeal"}, {"is_complete": false, "task_id": "countMicro"}, {"is_complete": false, "task_id": "report"}], "time_since_launch": 245.47}	53
"26071120074577254"	"AQUALAB"	"2026-07-11T12:11:50.583000+00:00"	"model_ecosystem_selected"	{"ecosystem": "X_UnderTheIce", "server_time": "2026-07-11T07:11:51+00:00"}	"GAME"	"120"	"production"	"6"	"UTC+08:00"	"AbleHobbit"	{}	{"job_argumentation": 2, "job_experimentation": 0, "job_modeling": 0, "job_name": "arctic-seal-habitats", "money": 1730, "region": "ArcticStation", "scene_type": "ship", "science_level": 3, "science_points": 210, "site": "Modeling", "task_list": [{"is_complete": true, "task_id": "findHabitat"}, {"is_complete": true, "task_id": "findRibbon"}, {"is_complete": false, "task_id": "findMicro"}, {"is_complete": true, "task_id": "countSeal"}, {"is_complete": false, "task_id": "countMicro"}, {"is_complete": false, "task_id": "report"}], "time_since_launch": 245.47}	53
"26071120074577254"	"AQUALAB"	"2026-07-11T12:11:51.034000+00:00"	"model_ecosystem_selected"	{"ecosystem": "W_WhaleFall", "server_time": "2026-07-11T07:11:51+00:00"}	"GAME"	"120"	"production"	"6"	"UTC+08:00"	"AbleHobbit"	{}	{"job_argumentation": 2, "job_experimentation": 0, "job_modeling": 0, "job_name": "arctic-seal-habitats", "money": 1730, "region": "ArcticStation", "scene_type": "ship", "science_level": 3, "science_points": 210, "site": "Modeling", "task_list": [{"is_complete": true, "task_id": "findHabitat"}, {"is_complete": true, "task_id": "findRibbon"}, {"is_complete": false, "task_id": "findMicro"}, {"is_complete": true, "task_id": "countSeal"}, {"is_complete": false, "task_id": "countMicro"}, {"is_complete": false, "task_id": "report"}], "time_since_launch": 245.92}	54
"26071120074577254"	"AQUALAB"	"2026-07-11T12:11:51.034000+00:00"	"model_ecosystem_selected"	{"ecosystem": "W_WhaleFall", "server_time": "2026-07-11T07:11:51+00:00"}	"GAME"	"120"	"production"	"6"	"UTC+08:00"	"AbleHobbit"	{}	{"job_argumentation": 2, "job_experimentation": 0, "job_modeling": 0, "job_name": "arctic-seal-habitats", "money": 1730, "region": "ArcticStation", "scene_type": "ship", "science_level": 3, "science_points": 210, "site": "Modeling", "task_list": [{"is_complete": true, "task_id": "findHabitat"}, {"is_complete": true, "task_id": "findRibbon"}, {"is_complete": false, "task_id": "findMicro"}, {"is_complete": true, "task_id": "countSeal"}, {"is_complete": false, "task_id": "countMicro"}, {"is_complete": false, "task_id": "report"}], "time_since_launch": 245.92}	54
"26071120074577254"	"AQUALAB"	"2026-07-11T12:11:51.584000+00:00"	"model_ecosystem_selected"	{"ecosystem": "P_DeadZone", "server_time": "2026-07-11T07:11:52+00:00"}	"GAME"	"120"	"production"	"6"	"UTC+08:00"	"AbleHobbit"	{}	{"job_argumentation": 2, "job_experimentation": 0, "job_modeling": 0, "job_name": "arctic-seal-habitats", "money": 1730, "region": "ArcticStation", "scene_type": "ship", "science_level": 3, "science_points": 210, "site": "Modeling", "task_list": [{"is_complete": true, "task_id": "findHabitat"}, {"is_complete": true, "task_id": "findRibbon"}, {"is_complete": false, "task_id": "findMicro"}, {"is_complete": true, "task_id": "countSeal"}, {"is_complete": false, "task_id": "countMicro"}, {"is_complete": false, "task_id": "report"}], "time_since_launch": 246.47}	55
"26071120074577254"	"AQUALAB"	"2026-07-11T12:11:51.584000+00:00"	"model_ecosystem_selected"	{"ecosystem": "P_DeadZone", "server_time": "2026-07-11T07:11:52+00:00"}	"GAME"	"120"	"production"	"6"	"UTC+08:00"	"AbleHobbit"	{}	{"job_argumentation": 2, "job_experimentation": 0, "job_modeling": 0, "job_name": "arctic-seal-habitats", "money": 1730, "region": "ArcticStation", "scene_type": "ship", "science_level": 3, "science_points": 210, "site": "Modeling", "task_list": [{"is_complete": true, "task_id": "findHabitat"}, {"is_complete": true, "task_id": "findRibbon"}, {"is_complete": false, "task_id": "findMicro"}, {"is_complete": true, "task_id": "countSeal"}, {"is_complete": false, "task_id": "countMicro"}, {"is_complete": false, "task_id": "report"}], "time_since_launch": 246.47}	55
"26071120074577254"	"AQUALAB"	"2026-07-11T12:11:52.100000+00:00"	"model_ecosystem_selected"	{"ecosystem": "O_OilRig", "server_time": "2026-07-11T07:11:52+00:00"}	"GAME"	"120"	"production"	"6"	"UTC+08:00"	"AbleHobbit"	{}	{"job_argumentation": 2, "job_experimentation": 0, "job_modeling": 0, "job_name": "arctic-seal-habitats", "money": 1730, "region": "ArcticStation", "scene_type": "ship", "science_level": 3, "science_points": 210, "site": "Modeling", "task_list": [{"is_complete": true, "task_id": "findHabitat"}, {"is_complete": true, "task_id": "findRibbon"}, {"is_complete": false, "task_id": "findMicro"}, {"is_complete": true, "task_id": "countSeal"}, {"is_complete": false, "task_id": "countMicro"}, {"is_complete": false, "task_id": "report"}], "time_since_launch": 246.99}	56
"26071120074577254"	"AQUALAB"	"2026-07-11T12:11:52.100000+00:00"	"model_ecosystem_selected"	{"ecosystem": "O_OilRig", "server_time": "2026-07-11T07:11:52+00:00"}	"GAME"	"120"	"production"	"6"	"UTC+08:00"	"AbleHobbit"	{}	{"job_argumentation": 2, "job_experimentation": 0, "job_modeling": 0, "job_name": "arctic-seal-habitats", "money": 1730, "region": "ArcticStation", "scene_type": "ship", "science_level": 3, "science_points": 210, "site": "Modeling", "task_list": [{"is_complete": true, "task_id": "findHabitat"}, {"is_complete": true, "task_id": "findRibbon"}, {"is_complete": false, "task_id": "findMicro"}, {"is_complete": true, "task_id": "countSeal"}, {"is_complete": false, "task_id": "countMicro"}, {"is_complete": false, "task_id": "report"}], "time_since_launch": 246.99}	56
"26071120074577254"	"AQUALAB"	"2026-07-11T12:11:53.500000+00:00"	"model_ecosystem_selected"	{"ecosystem": "SargassumCoveredReef", "server_time": "2026-07-11T07:11:53+00:00"}	"GAME"	"120"	"production"	"6"	"UTC+08:00"	"AbleHobbit"	{}	{"job_argumentation": 2, "job_experimentation": 0, "job_modeling": 0, "job_name": "arctic-seal-habitats", "money": 1730, "region": "ArcticStation", "scene_type": "ship", "science_level": 3, "science_points": 210, "site": "Modeling", "task_list": [{"is_complete": true, "task_id": "findHabitat"}, {"is_complete": true, "task_id": "findRibbon"}, {"is_complete": false, "task_id": "findMicro"}, {"is_complete": true, "task_id": "countSeal"}, {"is_complete": false, "task_id": "countMicro"}, {"is_complete": false, "task_id": "report"}], "time_since_launch": 248.39}	57
"26071120074577254"	"AQUALAB"	"2026-07-11T12:11:53.500000+00:00"	"model_ecosystem_selected"	{"ecosystem": "SargassumCoveredReef", "server_time": "2026-07-11T07:11:53+00:00"}	"GAME"	"120"	"production"	"6"	"UTC+08:00"	"AbleHobbit"	{}	{"job_argumentation": 2, "job_experimentation": 0, "job_modeling": 0, "job_name": "arctic-seal-habitats", "money": 1730, "region": "ArcticStation", "scene_type": "ship", "science_level": 3, "science_points": 210, "site": "Modeling", "task_list": [{"is_complete": true, "task_id": "findHabitat"}, {"is_complete": true, "task_id": "findRibbon"}, {"is_complete": false, "task_id": "findMicro"}, {"is_complete": true, "task_id": "countSeal"}, {"is_complete": false, "task_id": "countMicro"}, {"is_complete": false, "task_id": "report"}], "time_since_launch": 248.39}	57
"26071120074577254"	"AQUALAB"	"2026-07-11T12:11:53.951000+00:00"	"model_ecosystem_selected"	{"ecosystem": "LionfishInvasion", "server_time": "2026-07-11T07:11:54+00:00"}	"GAME"	"120"	"production"	"6"	"UTC+08:00"	"AbleHobbit"	{}	{"job_argumentation": 2, "job_experimentation": 0, "job_modeling": 0, "job_name": "arctic-seal-habitats", "money": 1730, "region": "ArcticStation", "scene_type": "ship", "science_level": 3, "science_points": 210, "site": "Modeling", "task_list": [{"is_complete": true, "task_id": "findHabitat"}, {"is_complete": true, "task_id": "findRibbon"}, {"is_complete": false, "task_id": "findMicro"}, {"is_complete": true, "task_id": "countSeal"}, {"is_complete": false, "task_id": "countMicro"}, {"is_complete": false, "task_id": "report"}], "time_since_launch": 248.84}	58
"26071120074577254"	"AQUALAB"	"2026-07-11T12:11:53.951000+00:00"	"model_ecosystem_selected"	{"ecosystem": "LionfishInvasion", "server_time": "2026-07-11T07:11:54+00:00"}	"GAME"	"120"	"production"	"6"	"UTC+08:00"	"AbleHobbit"	{}	{"job_argumentation": 2, "job_experimentation": 0, "job_modeling": 0, "job_name": "arctic-seal-habitats", "money": 1730, "region": "ArcticStation", "scene_type": "ship", "science_level": 3, "science_points": 210, "site": "Modeling", "task_list": [{"is_complete": true, "task_id": "findHabitat"}, {"is_complete": true, "task_id": "findRibbon"}, {"is_complete": false, "task_id": "findMicro"}, {"is_complete": true, "task_id": "countSeal"}, {"is_complete": false, "task_id": "countMicro"}, {"is_complete": false, "task_id": "report"}], "time_since_launch": 248.84}	58
"26071120074577254"	"AQUALAB"	"2026-07-11T12:11:54.400000+00:00"	"model_ecosystem_selected"	{"ecosystem": "ReefEdge", "server_time": "2026-07-11T07:11:55+00:00"}	"GAME"	"120"	"production"	"6"	"UTC+08:00"	"AbleHobbit"	{}	{"job_argumentation": 2, "job_experimentation": 0, "job_modeling": 0, "job_name": "arctic-seal-habitats", "money": 1730, "region": "ArcticStation", "scene_type": "ship", "science_level": 3, "science_points": 210, "site": "Modeling", "task_list": [{"is_complete": true, "task_id": "findHabitat"}, {"is_complete": true, "task_id": "findRibbon"}, {"is_complete": false, "task_id": "findMicro"}, {"is_complete": true, "task_id": "countSeal"}, {"is_complete": false, "task_id": "countMicro"}, {"is_complete": false, "task_id": "report"}], "time_since_launch": 249.29}	59
"26071120074577254"	"AQUALAB"	"2026-07-11T12:11:54.400000+00:00"	"model_ecosystem_selected"	{"ecosystem": "ReefEdge", "server_time": "2026-07-11T07:11:55+00:00"}	"GAME"	"120"	"production"	"6"	"UTC+08:00"	"AbleHobbit"	{}	{"job_argumentation": 2, "job_experimentation": 0, "job_modeling": 0, "job_name": "arctic-seal-habitats", "money": 1730, "region": "ArcticStation", "scene_type": "ship", "science_level": 3, "science_points": 210, "site": "Modeling", "task_list": [{"is_complete": true, "task_id": "findHabitat"}, {"is_complete": true, "task_id": "findRibbon"}, {"is_complete": false, "task_id": "findMicro"}, {"is_complete": true, "task_id": "countSeal"}, {"is_complete": false, "task_id": "countMicro"}, {"is_complete": false, "task_id": "report"}], "time_since_launch": 249.29}	59
"26071120074577254"	"AQUALAB"	"2026-07-11T12:11:54.918000+00:00"	"model_ecosystem_selected"	{"ecosystem": "N_ThermalVent", "server_time": "2026-07-11T07:11:55+00:00"}	"GAME"	"120"	"production"	"6"	"UTC+08:00"	"AbleHobbit"	{}	{"job_argumentation": 2, "job_experimentation": 0, "job_modeling": 0, "job_name": "arctic-seal-habitats", "money": 1730, "region": "ArcticStation", "scene_type": "ship", "science_level": 3, "science_points": 210, "site": "Modeling", "task_list": [{"is_complete": true, "task_id": "findHabitat"}, {"is_complete": true, "task_id": "findRibbon"}, {"is_complete": false, "task_id": "findMicro"}, {"is_complete": true, "task_id": "countSeal"}, {"is_complete": false, "task_id": "countMicro"}, {"is_complete": false, "task_id": "report"}], "time_since_launch": 249.81}	60
"26071120074577254"	"AQUALAB"	"2026-07-11T12:11:54.918000+00:00"	"model_ecosystem_selected"	{"ecosystem": "N_ThermalVent", "server_time": "2026-07-11T07:11:55+00:00"}	"GAME"	"120"	"production"	"6"	"UTC+08:00"	"AbleHobbit"	{}	{"job_argumentation": 2, "job_experimentation": 0, "job_modeling": 0, "job_name": "arctic-seal-habitats", "money": 1730, "region": "ArcticStation", "scene_type": "ship", "science_level": 3, "science_points": 210, "site": "Modeling", "task_list": [{"is_complete": true, "task_id": "findHabitat"}, {"is_complete": true, "task_id": "findRibbon"}, {"is_complete": false, "task_id": "findMicro"}, {"is_complete": true, "task_id": "countSeal"}, {"is_complete": false, "task_id": "countMicro"}, {"is_complete": false, "task_id": "report"}], "time_since_launch": 249.81}	60
"26071120074577254"	"AQUALAB"	"2026-07-11T12:11:55.450000+00:00"	"model_ecosystem_selected"	{"ecosystem": "MixedKelp", "server_time": "2026-07-11T07:11:55+00:00"}	"GAME"	"120"	"production"	"6"	"UTC+08:00"	"AbleHobbit"	{}	{"job_argumentation": 2, "job_experimentation": 0, "job_modeling": 0, "job_name": "arctic-seal-habitats", "money": 1730, "region": "ArcticStation", "scene_type": "ship", "science_level": 3, "science_points": 210, "site": "Modeling", "task_list": [{"is_complete": true, "task_id": "findHabitat"}, {"is_complete": true, "task_id": "findRibbon"}, {"is_complete": false, "task_id": "findMicro"}, {"is_complete": true, "task_id": "countSeal"}, {"is_complete": false, "task_id": "countMicro"}, {"is_complete": false, "task_id": "report"}], "time_since_launch": 250.34}	61
"26071120074577254"	"AQUALAB"	"2026-07-11T12:11:55.450000+00:00"	"model_ecosystem_selected"	{"ecosystem": "MixedKelp", "server_time": "2026-07-11T07:11:55+00:00"}	"GAME"	"120"	"production"	"6"	"UTC+08:00"	"AbleHobbit"	{}	{"job_argumentation": 2, "job_experimentation": 0, "job_modeling": 0, "job_name": "arctic-seal-habitats", "money": 1730, "region": "ArcticStation", "scene_type": "ship", "science_level": 3, "science_points": 210, "site": "Modeling", "task_list": [{"is_complete": true, "task_id": "findHabitat"}, {"is_complete": true, "task_id": "findRibbon"}, {"is_complete": false, "task_id": "findMicro"}, {"is_complete": true, "task_id": "countSeal"}, {"is_complete": false, "task_id": "countMicro"}, {"is_complete": false, "task_id": "report"}], "time_since_launch": 250.34}	61
"26071120074577254"	"AQUALAB"	"2026-07-11T12:11:55.983000+00:00"	"model_ecosystem_selected"	{"ecosystem": "WarmKelpForest", "server_time": "2026-07-11T07:11:56+00:00"}	"GAME"	"120"	"production"	"6"	"UTC+08:00"	"AbleHobbit"	{}	{"job_argumentation": 2, "job_experimentation": 0, "job_modeling": 0, "job_name": "arctic-seal-habitats", "money": 1730, "region": "ArcticStation", "scene_type": "ship", "science_level": 3, "science_points": 210, "site": "Modeling", "task_list": [{"is_complete": true, "task_id": "findHabitat"}, {"is_complete": true, "task_id": "findRibbon"}, {"is_complete": false, "task_id": "findMicro"}, {"is_complete": true, "task_id": "countSeal"}, {"is_complete": false, "task_id": "countMicro"}, {"is_complete": false, "task_id": "report"}], "time_since_launch": 250.87}	62
"26071120074577254"	"AQUALAB"	"2026-07-11T12:11:55.983000+00:00"	"model_ecosystem_selected"	{"ecosystem": "WarmKelpForest", "server_time": "2026-07-11T07:11:56+00:00"}	"GAME"	"120"	"production"	"6"	"UTC+08:00"	"AbleHobbit"	{}	{"job_argumentation": 2, "job_experimentation": 0, "job_modeling": 0, "job_name": "arctic-seal-habitats", "money": 1730, "region": "ArcticStation", "scene_type": "ship", "science_level": 3, "science_points": 210, "site": "Modeling", "task_list": [{"is_complete": true, "task_id": "findHabitat"}, {"is_complete": true, "task_id": "findRibbon"}, {"is_complete": false, "task_id": "findMicro"}, {"is_complete": true, "task_id": "countSeal"}, {"is_complete": false, "task_id": "countMicro"}, {"is_complete": false, "task_id": "report"}], "time_since_launch": 250.87}	62
"26071120074577254"	"AQUALAB"	"2026-07-11T12:11:56.967000+00:00"	"model_ecosystem_selected"	{"ecosystem": "MixedKelp", "server_time": "2026-07-11T07:11:57+00:00"}	"GAME"	"120"	"production"	"6"	"UTC+08:00"	"AbleHobbit"	{}	{"job_argumentation": 2, "job_experimentation": 0, "job_modeling": 0, "job_name": "arctic-seal-habitats", "money": 1730, "region": "ArcticStation", "scene_type": "ship", "science_level": 3, "science_points": 210, "site": "Modeling", "task_list": [{"is_complete": true, "task_id": "findHabitat"}, {"is_complete": true, "task_id": "findRibbon"}, {"is_complete": false, "task_id": "findMicro"}, {"is_complete": true, "task_id": "countSeal"}, {"is_complete": false, "task_id": "countMicro"}, {"is_complete": false, "task_id": "report"}], "time_since_launch": 251.85}	63
"26071120074577254"	"AQUALAB"	"2026-07-11T12:11:56.967000+00:00"	"model_ecosystem_selected"	{"ecosystem": "MixedKelp", "server_time": "2026-07-11T07:11:57+00:00"}	"GAME"	"120"	"production"	"6"	"UTC+08:00"	"AbleHobbit"	{}	{"job_argumentation": 2, "job_experimentation": 0, "job_modeling": 0, "job_name": "arctic-seal-habitats", "money": 1730, "region": "ArcticStation", "scene_type": "ship", "science_level": 3, "science_points": 210, "site": "Modeling", "task_list": [{"is_complete": true, "task_id": "findHabitat"}, {"is_complete": true, "task_id": "findRibbon"}, {"is_complete": false, "task_id": "findMicro"}, {"is_complete": true, "task_id": "countSeal"}, {"is_complete": false, "task_id": "countMicro"}, {"is_complete": false, "task_id": "report"}], "time_since_launch": 251.85}	63
"26071120074577254"	"AQUALAB"	"2026-07-11T12:11:58.500000+00:00"	"model_phase_changed"	{"phase": "Sync", "server_time": "2026-07-11T07:11:58+00:00"}	"GAME"	"120"	"production"	"6"	"UTC+08:00"	"AbleHobbit"	{}	{"job_argumentation": 2, "job_experimentation": 0, "job_modeling": 0, "job_name": "arctic-seal-habitats", "money": 1730, "region": "ArcticStation", "scene_type": "ship", "science_level": 3, "science_points": 210, "site": "Modeling", "task_list": [{"is_complete": true, "task_id": "findHabitat"}, {"is_complete": true, "task_id": "findRibbon"}, {"is_complete": false, "task_id": "findMicro"}, {"is_complete": true, "task_id": "countSeal"}, {"is_complete": false, "task_id": "countMicro"}, {"is_complete": false, "task_id": "report"}], "time_since_launch": 253.39}	64
"26071120074577254"	"AQUALAB"	"2026-07-11T12:11:58.500000+00:00"	"model_phase_changed"	{"phase": "Sync", "server_time": "2026-07-11T07:11:58+00:00"}	"GAME"	"120"	"production"	"6"	"UTC+08:00"	"AbleHobbit"	{}	{"job_argumentation": 2, "job_experimentation": 0, "job_modeling": 0, "job_name": "arctic-seal-habitats", "money": 1730, "region": "ArcticStation", "scene_type": "ship", "science_level": 3, "science_points": 210, "site": "Modeling", "task_list": [{"is_complete": true, "task_id": "findHabitat"}, {"is_complete": true, "task_id": "findRibbon"}, {"is_complete": false, "task_id": "findMicro"}, {"is_complete": true, "task_id": "countSeal"}, {"is_complete": false, "task_id": "countMicro"}, {"is_complete": false, "task_id": "report"}], "time_since_launch": 253.39}	64
"26071120074577254"	"AQUALAB"	"2026-07-11T12:11:58.511000+00:00"	"begin_simulation"	{"server_time": "2026-07-11T07:11:58+00:00"}	"GAME"	"120"	"production"	"6"	"UTC+08:00"	"AbleHobbit"	{}	{"job_argumentation": 2, "job_experimentation": 0, "job_modeling": 0, "job_name": "arctic-seal-habitats", "money": 1730, "region": "ArcticStation", "scene_type": "ship", "science_level": 3, "science_points": 210, "site": "Modeling", "task_list": [{"is_complete": true, "task_id": "findHabitat"}, {"is_complete": true, "task_id": "findRibbon"}, {"is_complete": false, "task_id": "findMicro"}, {"is_complete": true, "task_id": "countSeal"}, {"is_complete": false, "task_id": "countMicro"}, {"is_complete": false, "task_id": "report"}], "time_since_launch": 253.4}	65
"26071120074577254"	"AQUALAB"	"2026-07-11T12:11:58.511000+00:00"	"begin_simulation"	{"server_time": "2026-07-11T07:11:58+00:00"}	"GAME"	"120"	"production"	"6"	"UTC+08:00"	"AbleHobbit"	{}	{"job_argumentation": 2, "job_experimentation": 0, "job_modeling": 0, "job_name": "arctic-seal-habitats", "money": 1730, "region": "ArcticStation", "scene_type": "ship", "science_level": 3, "science_points": 210, "site": "Modeling", "task_list": [{"is_complete": true, "task_id": "findHabitat"}, {"is_complete": true, "task_id": "findRibbon"}, {"is_complete": false, "task_id": "findMicro"}, {"is_complete": true, "task_id": "countSeal"}, {"is_complete": false, "task_id": "countMicro"}, {"is_complete": false, "task_id": "report"}], "time_since_launch": 253.4}	65
"26071120074577254"	"AQUALAB"	"2026-07-11T12:12:07.779000+00:00"	"model_end"	{"ecosystem": "MixedKelp", "phase": "Sync", "server_time": "2026-07-11T07:12:09+00:00"}	"GAME"	"120"	"production"	"6"	"UTC+08:00"	"AbleHobbit"	{}	{"job_argumentation": 2, "job_experimentation": 0, "job_modeling": 0, "job_name": "arctic-seal-habitats", "money": 1730, "region": "ArcticStation", "scene_type": "ship", "science_level": 3, "science_points": 210, "site": "Modeling", "task_list": [{"is_complete": true, "task_id": "findHabitat"}, {"is_complete": true, "task_id": "findRibbon"}, {"is_complete": false, "task_id": "findMicro"}, {"is_complete": true, "task_id": "countSeal"}, {"is_complete": false, "task_id": "countMicro"}, {"is_complete": false, "task_id": "report"}], "time_since_launch": 262.67}	66
"26071120074577254"	"AQUALAB"	"2026-07-11T12:12:07.779000+00:00"	"model_end"	{"ecosystem": "MixedKelp", "phase": "Sync", "server_time": "2026-07-11T07:12:09+00:00"}	"GAME"	"120"	"production"	"6"	"UTC+08:00"	"AbleHobbit"	{}	{"job_argumentation": 2, "job_experimentation": 0, "job_modeling": 0, "job_name": "arctic-seal-habitats", "money": 1730, "region": "ArcticStation", "scene_type": "ship", "science_level": 3, "science_points": 210, "site": "Modeling", "task_list": [{"is_complete": true, "task_id": "findHabitat"}, {"is_complete": true, "task_id": "findRibbon"}, {"is_complete": false, "task_id": "findMicro"}, {"is_complete": true, "task_id": "countSeal"}, {"is_complete": false, "task_id": "countMicro"}, {"is_complete": false, "task_id": "report"}], "time_since_launch": 262.67}	66
"26071120074577254"	"AQUALAB"	"2026-07-11T12:12:09.338000+00:00"	"scene_changed"	{"scene_name": "ModelingFoyer", "server_time": "2026-07-11T07:12:10+00:00"}	"GAME"	"120"	"production"	"6"	"UTC+08:00"	"AbleHobbit"	{}	{"job_argumentation": 2, "job_experimentation": 0, "job_modeling": 0, "job_name": "arctic-seal-habitats", "money": 1730, "region": "ArcticStation", "scene_type": "ship", "science_level": 3, "science_points": 210, "site": "Modeling", "task_list": [{"is_complete": true, "task_id": "findHabitat"}, {"is_complete": true, "task_id": "findRibbon"}, {"is_complete": false, "task_id": "findMicro"}, {"is_complete": true, "task_id": "countSeal"}, {"is_complete": false, "task_id": "countMicro"}, {"is_complete": false, "task_id": "report"}], "time_since_launch": 262.67}	67
"26071120074577254"	"AQUALAB"	"2026-07-11T12:12:09.338000+00:00"	"scene_changed"	{"scene_name": "ModelingFoyer", "server_time": "2026-07-11T07:12:10+00:00"}	"GAME"	"120"	"production"	"6"	"UTC+08:00"	"AbleHobbit"	{}	{"job_argumentation": 2, "job_experimentation": 0, "job_modeling": 0, "job_name": "arctic-seal-habitats", "money": 1730, "region": "ArcticStation", "scene_type": "ship", "science_level": 3, "science_points": 210, "site": "Modeling", "task_list": [{"is_complete": true, "task_id": "findHabitat"}, {"is_complete": true, "task_id": "findRibbon"}, {"is_complete": false, "task_id": "findMicro"}, {"is_complete": true, "task_id": "countSeal"}, {"is_complete": false, "task_id": "countMicro"}, {"is_complete": false, "task_id": "report"}], "time_since_launch": 262.67}	67
"26071120074577254"	"AQUALAB"	"2026-07-11T12:12:13.763000+00:00"	"room_changed"	{"room_name": "Station", "server_time": "2026-07-11T07:12:14+00:00"}	"GAME"	"120"	"production"	"6"	"UTC+08:00"	"AbleHobbit"	{}	{"job_argumentation": 2, "job_experimentation": 0, "job_modeling": 0, "job_name": "arctic-seal-habitats", "money": 1730, "region": "ArcticStation", "scene_type": "ship", "science_level": 3, "science_points": 210, "site": "ModelingFoyer", "task_list": [{"is_complete": true, "task_id": "findHabitat"}, {"is_complete": true, "task_id": "findRibbon"}, {"is_complete": false, "task_id": "findMicro"}, {"is_complete": true, "task_id": "countSeal"}, {"is_complete": false, "task_id": "countMicro"}, {"is_complete": false, "task_id": "report"}], "time_since_launch": 264.23}	68
"26071120074577254"	"AQUALAB"	"2026-07-11T12:12:13.763000+00:00"	"room_changed"	{"room_name": "Station", "server_time": "2026-07-11T07:12:14+00:00"}	"GAME"	"120"	"production"	"6"	"UTC+08:00"	"AbleHobbit"	{}	{"job_argumentation": 2, "job_experimentation": 0, "job_modeling": 0, "job_name": "arctic-seal-habitats", "money": 1730, "region": "ArcticStation", "scene_type": "ship", "science_level": 3, "science_points": 210, "site": "ModelingFoyer", "task_list": [{"is_complete": true, "task_id": "findHabitat"}, {"is_complete": true, "task_id": "findRibbon"}, {"is_complete": false, "task_id": "findMicro"}, {"is_complete": true, "task_id": "countSeal"}, {"is_complete": false, "task_id": "countMicro"}, {"is_complete": false, "task_id": "report"}], "time_since_launch": 264.23}	68
"26071120074577254"	"AQUALAB"	"2026-07-11T12:12:13.764000+00:00"	"scene_changed"	{"scene_name": "RS-4Z-StationInterior", "server_time": "2026-07-11T07:12:14+00:00"}	"GAME"	"120"	"production"	"6"	"UTC+08:00"	"AbleHobbit"	{}	{"job_argumentation": 2, "job_experimentation": 0, "job_modeling": 0, "job_name": "arctic-seal-habitats", "money": 1730, "region": "ArcticStation", "scene_type": "ship", "science_level": 3, "science_points": 210, "site": "ModelingFoyer", "task_list": [{"is_complete": true, "task_id": "findHabitat"}, {"is_complete": true, "task_id": "findRibbon"}, {"is_complete": false, "task_id": "findMicro"}, {"is_complete": true, "task_id": "countSeal"}, {"is_complete": false, "task_id": "countMicro"}, {"is_complete": false, "task_id": "report"}], "time_since_launch": 268.65}	69
"26071120074577254"	"AQUALAB"	"2026-07-11T12:12:13.764000+00:00"	"scene_changed"	{"scene_name": "RS-4Z-StationInterior", "server_time": "2026-07-11T07:12:14+00:00"}	"GAME"	"120"	"production"	"6"	"UTC+08:00"	"AbleHobbit"	{}	{"job_argumentation": 2, "job_experimentation": 0, "job_modeling": 0, "job_name": "arctic-seal-habitats", "money": 1730, "region": "ArcticStation", "scene_type": "ship", "science_level": 3, "science_points": 210, "site": "ModelingFoyer", "task_list": [{"is_complete": true, "task_id": "findHabitat"}, {"is_complete": true, "task_id": "findRibbon"}, {"is_complete": false, "task_id": "findMicro"}, {"is_complete": true, "task_id": "countSeal"}, {"is_complete": false, "task_id": "countMicro"}, {"is_complete": false, "task_id": "report"}], "time_since_launch": 268.65}	69
"26071120074577254"	"AQUALAB"	"2026-07-11T12:12:16.500000+00:00"	"room_changed"	{"room_name": "Shop", "server_time": "2026-07-11T07:12:17+00:00"}	"GAME"	"120"	"production"	"6"	"UTC+08:00"	"AbleHobbit"	{}	{"job_argumentation": 2, "job_experimentation": 0, "job_modeling": 0, "job_name": "arctic-seal-habitats", "money": 1730, "region": "ArcticStation", "scene_type": "station-interior", "science_level": 3, "science_points": 210, "site": "RS-Arctic", "task_list": [{"is_complete": true, "task_id": "findHabitat"}, {"is_complete": true, "task_id": "findRibbon"}, {"is_complete": false, "task_id": "findMicro"}, {"is_complete": true, "task_id": "countSeal"}, {"is_complete": false, "task_id": "countMicro"}, {"is_complete": false, "task_id": "report"}], "time_since_launch": 268.65}	70
"26071120074577254"	"AQUALAB"	"2026-07-11T12:12:16.500000+00:00"	"room_changed"	{"room_name": "Shop", "server_time": "2026-07-11T07:12:17+00:00"}	"GAME"	"120"	"production"	"6"	"UTC+08:00"	"AbleHobbit"	{}	{"job_argumentation": 2, "job_experimentation": 0, "job_modeling": 0, "job_name": "arctic-seal-habitats", "money": 1730, "region": "ArcticStation", "scene_type": "station-interior", "science_level": 3, "science_points": 210, "site": "RS-Arctic", "task_list": [{"is_complete": true, "task_id": "findHabitat"}, {"is_complete": true, "task_id": "findRibbon"}, {"is_complete": false, "task_id": "findMicro"}, {"is_complete": true, "task_id": "countSeal"}, {"is_complete": false, "task_id": "countMicro"}, {"is_complete": false, "task_id": "report"}], "time_since_launch": 268.65}	70
"26071120074577254"	"AQUALAB"	"2026-07-11T12:12:17.452000+00:00"	"script_began"	{"node_id": "interior.shop.arctic.shopOpen.afterChess", "server_time": "2026-07-11T07:12:17+00:00"}	"GAME"	"120"	"production"	"6"	"UTC+08:00"	"AbleHobbit"	{}	{"job_argumentation": 2, "job_experimentation": 0, "job_modeling": 0, "job_name": "arctic-seal-habitats", "money": 1730, "region": "ArcticStation", "scene_type": "station-interior", "science_level": 3, "science_points": 210, "site": "RS-Arctic", "task_list": [{"is_complete": true, "task_id": "findHabitat"}, {"is_complete": true, "task_id": "findRibbon"}, {"is_complete": false, "task_id": "findMicro"}, {"is_complete": true, "task_id": "countSeal"}, {"is_complete": false, "task_id": "countMicro"}, {"is_complete": false, "task_id": "report"}], "time_since_launch": 272.34}	71
"26071120074577254"	"AQUALAB"	"2026-07-11T12:12:17.452000+00:00"	"script_began"	{"node_id": "interior.shop.arctic.shopOpen.afterChess", "server_time": "2026-07-11T07:12:17+00:00"}	"GAME"	"120"	"production"	"6"	"UTC+08:00"	"AbleHobbit"	{}	{"job_argumentation": 2, "job_experimentation": 0, "job_modeling": 0, "job_name": "arctic-seal-habitats", "money": 1730, "region": "ArcticStation", "scene_type": "station-interior", "science_level": 3, "science_points": 210, "site": "RS-Arctic", "task_list": [{"is_complete": true, "task_id": "findHabitat"}, {"is_complete": true, "task_id": "findRibbon"}, {"is_complete": false, "task_id": "findMicro"}, {"is_complete": true, "task_id": "countSeal"}, {"is_complete": false, "task_id": "countMicro"}, {"is_complete": false, "task_id": "report"}], "time_since_launch": 272.34}	71
"26071120074577254"	"AQUALAB"	"2026-07-11T12:12:17.456000+00:00"	"script_line_displayed"	{"node_id": "interior.shop.arctic.shopOpen.afterChess", "server_time": "2026-07-11T07:12:17+00:00", "speaker": "", "text_string": "Hey, I heard you played chess with Juno! How'd it go?"}	"GAME"	"120"	"production"	"6"	"UTC+08:00"	"AbleHobbit"	{}	{"job_argumentation": 2, "job_experimentation": 0, "job_modeling": 0, "job_name": "arctic-seal-habitats", "money": 1730, "region": "ArcticStation", "scene_type": "station-interior", "science_level": 3, "science_points": 210, "site": "RS-Arctic", "task_list": [{"is_complete": true, "task_id": "findHabitat"}, {"is_complete": true, "task_id": "findRibbon"}, {"is_complete": false, "task_id": "findMicro"}, {"is_complete": true, "task_id": "countSeal"}, {"is_complete": false, "task_id": "countMicro"}, {"is_complete": false, "task_id": "report"}], "time_since_launch": 272.34}	72
"26071120074577254"	"AQUALAB"	"2026-07-11T12:12:17.456000+00:00"	"script_line_displayed"	{"node_id": "interior.shop.arctic.shopOpen.afterChess", "server_time": "2026-07-11T07:12:17+00:00", "speaker": "", "text_string": "Hey, I heard you played chess with Juno! How'd it go?"}	"GAME"	"120"	"production"	"6"	"UTC+08:00"	"AbleHobbit"	{}	{"job_argumentation": 2, "job_experimentation": 0, "job_modeling": 0, "job_name": "arctic-seal-habitats", "money": 1730, "region": "ArcticStation", "scene_type": "station-interior", "science_level": 3, "science_points": 210, "site": "RS-Arctic", "task_list": [{"is_complete": true, "task_id": "findHabitat"}, {"is_complete": true, "task_id": "findRibbon"}, {"is_complete": false, "task_id": "findMicro"}, {"is_complete": true, "task_id": "countSeal"}, {"is_complete": false, "task_id": "countMicro"}, {"is_complete": false, "task_id": "report"}], "time_since_launch": 272.34}	72
"26071120074577254"	"AQUALAB"	"2026-07-11T12:12:17.667000+00:00"	"script_line_displayed"	{"node_id": "interior.shop.arctic.shopOpen.afterChess", "server_time": "2026-07-11T07:12:18+00:00", "speaker": "", "text_string": "Um... let's just say I could use more practice."}	"GAME"	"120"	"production"	"6"	"UTC+08:00"	"AbleHobbit"	{}	{"job_argumentation": 2, "job_experimentation": 0, "job_modeling": 0, "job_name": "arctic-seal-habitats", "money": 1730, "region": "ArcticStation", "scene_type": "station-interior", "science_level": 3, "science_points": 210, "site": "RS-Arctic", "task_list": [{"is_complete": true, "task_id": "findHabitat"}, {"is_complete": true, "task_id": "findRibbon"}, {"is_complete": false, "task_id": "findMicro"}, {"is_complete": true, "task_id": "countSeal"}, {"is_complete": false, "task_id": "countMicro"}, {"is_complete": false, "task_id": "report"}], "time_since_launch": 272.56}	73
"26071120074577254"	"AQUALAB"	"2026-07-11T12:12:17.667000+00:00"	"script_line_displayed"	{"node_id": "interior.shop.arctic.shopOpen.afterChess", "server_time": "2026-07-11T07:12:18+00:00", "speaker": "", "text_string": "Um... let's just say I could use more practice."}	"GAME"	"120"	"production"	"6"	"UTC+08:00"	"AbleHobbit"	{}	{"job_argumentation": 2, "job_experimentation": 0, "job_modeling": 0, "job_name": "arctic-seal-habitats", "money": 1730, "region": "ArcticStation", "scene_type": "station-interior", "science_level": 3, "science_points": 210, "site": "RS-Arctic", "task_list": [{"is_complete": true, "task_id": "findHabitat"}, {"is_complete": true, "task_id": "findRibbon"}, {"is_complete": false, "task_id": "findMicro"}, {"is_complete": true, "task_id": "countSeal"}, {"is_complete": false, "task_id": "countMicro"}, {"is_complete": false, "task_id": "report"}], "time_since_launch": 272.56}	73
"26071120074577254"	"AQUALAB"	"2026-07-11T12:12:18.134000+00:00"	"script_line_displayed"	{"node_id": "interior.shop.arctic.shopOpen.afterChess", "server_time": "2026-07-11T07:12:18+00:00", "speaker": "", "text_string": "She's way above my level."}	"GAME"	"120"	"production"	"6"	"UTC+08:00"	"AbleHobbit"	{}	{"job_argumentation": 2, "job_experimentation": 0, "job_modeling": 0, "job_name": "arctic-seal-habitats", "money": 1730, "region": "ArcticStation", "scene_type": "station-interior", "science_level": 3, "science_points": 210, "site": "RS-Arctic", "task_list": [{"is_complete": true, "task_id": "findHabitat"}, {"is_complete": true, "task_id": "findRibbon"}, {"is_complete": false, "task_id": "findMicro"}, {"is_complete": true, "task_id": "countSeal"}, {"is_complete": false, "task_id": "countMicro"}, {"is_complete": false, "task_id": "report"}], "time_since_launch": 273.02}	74
"26071120074577254"	"AQUALAB"	"2026-07-11T12:12:18.134000+00:00"	"script_line_displayed"	{"node_id": "interior.shop.arctic.shopOpen.afterChess", "server_time": "2026-07-11T07:12:18+00:00", "speaker": "", "text_string": "She's way above my level."}	"GAME"	"120"	"production"	"6"	"UTC+08:00"	"AbleHobbit"	{}	{"job_argumentation": 2, "job_experimentation": 0, "job_modeling": 0, "job_name": "arctic-seal-habitats", "money": 1730, "region": "ArcticStation", "scene_type": "station-interior", "science_level": 3, "science_points": 210, "site": "RS-Arctic", "task_list": [{"is_complete": true, "task_id": "findHabitat"}, {"is_complete": true, "task_id": "findRibbon"}, {"is_complete": false, "task_id": "findMicro"}, {"is_complete": true, "task_id": "countSeal"}, {"is_complete": false, "task_id": "countMicro"}, {"is_complete": false, "task_id": "report"}], "time_since_launch": 273.02}	74
"26071120074577254"	"AQUALAB"	"2026-07-11T12:12:26.583000+00:00"	"load_error"	{"server_time": "2026-07-11T07:12:28+00:00", "url": "https://fielddaylab.org/play/wake/ci/production/StreamingAssets/Journal/journal-viewport.png"}	"GAME"	"120"	"production"	"6"	"UTC+08:00"	"AbleHobbit"	{}	{"job_argumentation": 2, "job_experimentation": 0, "job_modeling": 0, "job_name": "arctic-seal-habitats", "money": 1730, "region": "ArcticStation", "scene_type": "station-interior", "science_level": 3, "science_points": 210, "site": "RS-Arctic", "task_list": [{"is_complete": true, "task_id": "findHabitat"}, {"is_complete": true, "task_id": "findRibbon"}, {"is_complete": false, "task_id": "findMicro"}, {"is_complete": true, "task_id": "countSeal"}, {"is_complete": false, "task_id": "countMicro"}, {"is_complete": false, "task_id": "report"}], "time_since_launch": 281.47}	75
"26071120074577254"	"AQUALAB"	"2026-07-11T12:12:26.583000+00:00"	"load_error"	{"server_time": "2026-07-11T07:12:28+00:00", "url": "https://fielddaylab.org/play/wake/ci/production/StreamingAssets/Journal/journal-viewport.png"}	"GAME"	"120"	"production"	"6"	"UTC+08:00"	"AbleHobbit"	{}	{"job_argumentation": 2, "job_experimentation": 0, "job_modeling": 0, "job_name": "arctic-seal-habitats", "money": 1730, "region": "ArcticStation", "scene_type": "station-interior", "science_level": 3, "science_points": 210, "site": "RS-Arctic", "task_list": [{"is_complete": true, "task_id": "findHabitat"}, {"is_complete": true, "task_id": "findRibbon"}, {"is_complete": false, "task_id": "findMicro"}, {"is_complete": true, "task_id": "countSeal"}, {"is_complete": false, "task_id": "countMicro"}, {"is_complete": false, "task_id": "report"}], "time_since_launch": 281.47}	75
"26071120124052320"	"AQUALAB"	"2026-07-11T12:13:41.717000+00:00"	"room_changed"	{"room_name": "Station", "server_time": "2026-07-11T07:13:45+00:00"}	"GAME"	"120"	"production"	"6"	"UTC+08:00"	"AbleHobbit"	{}	{"job_name": "no-active-job", "money": 0, "region": "no-active-region", "scene_type": "menu", "science_level": 0, "science_points": 0, "site": "no-active-site", "time_since_launch": 17.07}	0
"26071120124052320"	"AQUALAB"	"2026-07-11T12:13:41.717000+00:00"	"room_changed"	{"room_name": "Station", "server_time": "2026-07-11T07:13:45+00:00"}	"GAME"	"120"	"production"	"6"	"UTC+08:00"	"AbleHobbit"	{}	{"job_name": "no-active-job", "money": 0, "region": "no-active-region", "scene_type": "menu", "science_level": 0, "science_points": 0, "site": "no-active-site", "time_since_launch": 17.07}	0
"26071120124052320"	"AQUALAB"	"2026-07-11T12:13:41.718000+00:00"	"scene_changed"	{"scene_name": "RS-4Z-StationInterior", "server_time": "2026-07-11T07:13:45+00:00"}	"GAME"	"120"	"production"	"6"	"UTC+08:00"	"AbleHobbit"	{}	{"job_argumentation": 2, "job_experimentation": 0, "job_modeling": 0, "job_name": "arctic-seal-habitats", "money": 1730, "region": "no-active-region", "scene_type": "menu", "science_level": 3, "science_points": 210, "site": "no-active-site", "task_list": [{"is_complete": true, "task_id": "findHabitat"}, {"is_complete": true, "task_id": "findRibbon"}, {"is_complete": false, "task_id": "findMicro"}, {"is_complete": true, "task_id": "countSeal"}, {"is_complete": false, "task_id": "countMicro"}, {"is_complete": false, "task_id": "report"}], "time_since_launch": 61.52}	1
"26071120124052320"	"AQUALAB"	"2026-07-11T12:13:41.718000+00:00"	"scene_changed"	{"scene_name": "RS-4Z-StationInterior", "server_time": "2026-07-11T07:13:45+00:00"}	"GAME"	"120"	"production"	"6"	"UTC+08:00"	"AbleHobbit"	{}	{"job_argumentation": 2, "job_experimentation": 0, "job_modeling": 0, "job_name": "arctic-seal-habitats", "money": 1730, "region": "no-active-region", "scene_type": "menu", "science_level": 3, "science_points": 210, "site": "no-active-site", "task_list": [{"is_complete": true, "task_id": "findHabitat"}, {"is_complete": true, "task_id": "findRibbon"}, {"is_complete": false, "task_id": "findMicro"}, {"is_complete": true, "task_id": "countSeal"}, {"is_complete": false, "task_id": "countMicro"}, {"is_complete": false, "task_id": "report"}], "time_since_launch": 61.52}	1
"26071120124052320"	"AQUALAB"	"2026-07-11T12:13:41.719000+00:00"	"switch_job"	{"prev_job_name": "arctic-seal-habitats", "server_time": "2026-07-11T07:13:45+00:00"}	"GAME"	"120"	"production"	"6"	"UTC+08:00"	"AbleHobbit"	{}	{"job_argumentation": 2, "job_experimentation": 0, "job_modeling": 0, "job_name": "arctic-seal-habitats", "money": 1730, "region": "ArcticStation", "scene_type": "station-interior", "science_level": 3, "science_points": 210, "site": "RS-Arctic", "task_list": [{"is_complete": true, "task_id": "findHabitat"}, {"is_complete": true, "task_id": "findRibbon"}, {"is_complete": false, "task_id": "findMicro"}, {"is_complete": true, "task_id": "countSeal"}, {"is_complete": false, "task_id": "countMicro"}, {"is_complete": false, "task_id": "report"}], "time_since_launch": 61.52}	2
"26071120124052320"	"AQUALAB"	"2026-07-11T12:13:41.719000+00:00"	"switch_job"	{"prev_job_name": "arctic-seal-habitats", "server_time": "2026-07-11T07:13:45+00:00"}	"GAME"	"120"	"production"	"6"	"UTC+08:00"	"AbleHobbit"	{}	{"job_argumentation": 2, "job_experimentation": 0, "job_modeling": 0, "job_name": "arctic-seal-habitats", "money": 1730, "region": "ArcticStation", "scene_type": "station-interior", "science_level": 3, "science_points": 210, "site": "RS-Arctic", "task_list": [{"is_complete": true, "task_id": "findHabitat"}, {"is_complete": true, "task_id": "findRibbon"}, {"is_complete": false, "task_id": "findMicro"}, {"is_complete": true, "task_id": "countSeal"}, {"is_complete": false, "task_id": "countMicro"}, {"is_complete": false, "task_id": "report"}], "time_since_launch": 61.52}	2
"26071120124052320"	"AQUALAB"	"2026-07-11T12:13:44.334000+00:00"	"room_changed"	{"room_name": "Shop", "server_time": "2026-07-11T07:13:46+00:00"}	"GAME"	"120"	"production"	"6"	"UTC+08:00"	"AbleHobbit"	{}	{"job_argumentation": 2, "job_experimentation": 0, "job_modeling": 0, "job_name": "arctic-seal-habitats", "money": 1730, "region": "ArcticStation", "scene_type": "station-interior", "science_level": 3, "science_points": 210, "site": "RS-Arctic", "task_list": [{"is_complete": true, "task_id": "findHabitat"}, {"is_complete": true, "task_id": "findRibbon"}, {"is_complete": false, "task_id": "findMicro"}, {"is_complete": true, "task_id": "countSeal"}, {"is_complete": false, "task_id": "countMicro"}, {"is_complete": false, "task_id": "report"}], "time_since_launch": 61.52}	3
"26071120124052320"	"AQUALAB"	"2026-07-11T12:13:44.334000+00:00"	"room_changed"	{"room_name": "Shop", "server_time": "2026-07-11T07:13:46+00:00"}	"GAME"	"120"	"production"	"6"	"UTC+08:00"	"AbleHobbit"	{}	{"job_argumentation": 2, "job_experimentation": 0, "job_modeling": 0, "job_name": "arctic-seal-habitats", "money": 1730, "region": "ArcticStation", "scene_type": "station-interior", "science_level": 3, "science_points": 210, "site": "RS-Arctic", "task_list": [{"is_complete": true, "task_id": "findHabitat"}, {"is_complete": true, "task_id": "findRibbon"}, {"is_complete": false, "task_id": "findMicro"}, {"is_complete": true, "task_id": "countSeal"}, {"is_complete": false, "task_id": "countMicro"}, {"is_complete": false, "task_id": "report"}], "time_since_launch": 61.52}	3
"26071120124052320"	"AQUALAB"	"2026-07-11T12:13:45.568000+00:00"	"script_began"	{"node_id": "interior.shop.arctic.shopOpen.afterChess", "server_time": "2026-07-11T07:13:46+00:00"}	"GAME"	"120"	"production"	"6"	"UTC+08:00"	"AbleHobbit"	{}	{"job_argumentation": 2, "job_experimentation": 0, "job_modeling": 0, "job_name": "arctic-seal-habitats", "money": 1730, "region": "ArcticStation", "scene_type": "station-interior", "science_level": 3, "science_points": 210, "site": "RS-Arctic", "task_list": [{"is_complete": true, "task_id": "findHabitat"}, {"is_complete": true, "task_id": "findRibbon"}, {"is_complete": false, "task_id": "findMicro"}, {"is_complete": true, "task_id": "countSeal"}, {"is_complete": false, "task_id": "countMicro"}, {"is_complete": false, "task_id": "report"}], "time_since_launch": 65.37}	4
"26071120124052320"	"AQUALAB"	"2026-07-11T12:13:45.568000+00:00"	"script_began"	{"node_id": "interior.shop.arctic.shopOpen.afterChess", "server_time": "2026-07-11T07:13:46+00:00"}	"GAME"	"120"	"production"	"6"	"UTC+08:00"	"AbleHobbit"	{}	{"job_argumentation": 2, "job_experimentation": 0, "job_modeling": 0, "job_name": "arctic-seal-habitats", "money": 1730, "region": "ArcticStation", "scene_type": "station-interior", "science_level": 3, "science_points": 210, "site": "RS-Arctic", "task_list": [{"is_complete": true, "task_id": "findHabitat"}, {"is_complete": true, "task_id": "findRibbon"}, {"is_complete": false, "task_id": "findMicro"}, {"is_complete": true, "task_id": "countSeal"}, {"is_complete": false, "task_id": "countMicro"}, {"is_complete": false, "task_id": "report"}], "time_since_launch": 65.37}	4
"26071120124052320"	"AQUALAB"	"2026-07-11T12:13:45.573000+00:00"	"script_line_displayed"	{"node_id": "interior.shop.arctic.shopOpen.afterChess", "server_time": "2026-07-11T07:13:46+00:00", "speaker": "", "text_string": "Hey, I heard you played chess with Juno! How'd it go?"}	"GAME"	"120"	"production"	"6"	"UTC+08:00"	"AbleHobbit"	{}	{"job_argumentation": 2, "job_experimentation": 0, "job_modeling": 0, "job_name": "arctic-seal-habitats", "money": 1730, "region": "ArcticStation", "scene_type": "station-interior", "science_level": 3, "science_points": 210, "site": "RS-Arctic", "task_list": [{"is_complete": true, "task_id": "findHabitat"}, {"is_complete": true, "task_id": "findRibbon"}, {"is_complete": false, "task_id": "findMicro"}, {"is_complete": true, "task_id": "countSeal"}, {"is_complete": false, "task_id": "countMicro"}, {"is_complete": false, "task_id": "report"}], "time_since_launch": 65.38}	5
"26071120124052320"	"AQUALAB"	"2026-07-11T12:13:45.573000+00:00"	"script_line_displayed"	{"node_id": "interior.shop.arctic.shopOpen.afterChess", "server_time": "2026-07-11T07:13:46+00:00", "speaker": "", "text_string": "Hey, I heard you played chess with Juno! How'd it go?"}	"GAME"	"120"	"production"	"6"	"UTC+08:00"	"AbleHobbit"	{}	{"job_argumentation": 2, "job_experimentation": 0, "job_modeling": 0, "job_name": "arctic-seal-habitats", "money": 1730, "region": "ArcticStation", "scene_type": "station-interior", "science_level": 3, "science_points": 210, "site": "RS-Arctic", "task_list": [{"is_complete": true, "task_id": "findHabitat"}, {"is_complete": true, "task_id": "findRibbon"}, {"is_complete": false, "task_id": "findMicro"}, {"is_complete": true, "task_id": "countSeal"}, {"is_complete": false, "task_id": "countMicro"}, {"is_complete": false, "task_id": "report"}], "time_since_launch": 65.38}	5
"26071120124052320"	"AQUALAB"	"2026-07-11T12:13:46.833000+00:00"	"script_line_displayed"	{"node_id": "interior.shop.arctic.shopOpen.afterChess", "server_time": "2026-07-11T07:13:47+00:00", "speaker": "", "text_string": "Um... let's just say I could use more practice."}	"GAME"	"120"	"production"	"6"	"UTC+08:00"	"AbleHobbit"	{}	{"job_argumentation": 2, "job_experimentation": 0, "job_modeling": 0, "job_name": "arctic-seal-habitats", "money": 1730, "region": "ArcticStation", "scene_type": "station-interior", "science_level": 3, "science_points": 210, "site": "RS-Arctic", "task_list": [{"is_complete": true, "task_id": "findHabitat"}, {"is_complete": true, "task_id": "findRibbon"}, {"is_complete": false, "task_id": "findMicro"}, {"is_complete": true, "task_id": "countSeal"}, {"is_complete": false, "task_id": "countMicro"}, {"is_complete": false, "task_id": "report"}], "time_since_launch": 66.64}	6
"26071120124052320"	"AQUALAB"	"2026-07-11T12:13:46.833000+00:00"	"script_line_displayed"	{"node_id": "interior.shop.arctic.shopOpen.afterChess", "server_time": "2026-07-11T07:13:47+00:00", "speaker": "", "text_string": "Um... let's just say I could use more practice."}	"GAME"	"120"	"production"	"6"	"UTC+08:00"	"AbleHobbit"	{}	{"job_argumentation": 2, "job_experimentation": 0, "job_modeling": 0, "job_name": "arctic-seal-habitats", "money": 1730, "region": "ArcticStation", "scene_type": "station-interior", "science_level": 3, "science_points": 210, "site": "RS-Arctic", "task_list": [{"is_complete": true, "task_id": "findHabitat"}, {"is_complete": true, "task_id": "findRibbon"}, {"is_complete": false, "task_id": "findMicro"}, {"is_complete": true, "task_id": "countSeal"}, {"is_complete": false, "task_id": "countMicro"}, {"is_complete": false, "task_id": "report"}], "time_since_launch": 66.64}	6
"26071120124052320"	"AQUALAB"	"2026-07-11T12:13:48.017000+00:00"	"script_line_displayed"	{"node_id": "interior.shop.arctic.shopOpen.afterChess", "server_time": "2026-07-11T07:13:49+00:00", "speaker": "", "text_string": "She's way above my level."}	"GAME"	"120"	"production"	"6"	"UTC+08:00"	"AbleHobbit"	{}	{"job_argumentation": 2, "job_experimentation": 0, "job_modeling": 0, "job_name": "arctic-seal-habitats", "money": 1730, "region": "ArcticStation", "scene_type": "station-interior", "science_level": 3, "science_points": 210, "site": "RS-Arctic", "task_list": [{"is_complete": true, "task_id": "findHabitat"}, {"is_complete": true, "task_id": "findRibbon"}, {"is_complete": false, "task_id": "findMicro"}, {"is_complete": true, "task_id": "countSeal"}, {"is_complete": false, "task_id": "countMicro"}, {"is_complete": false, "task_id": "report"}], "time_since_launch": 67.82}	7
"26071120124052320"	"AQUALAB"	"2026-07-11T12:13:48.017000+00:00"	"script_line_displayed"	{"node_id": "interior.shop.arctic.shopOpen.afterChess", "server_time": "2026-07-11T07:13:49+00:00", "speaker": "", "text_string": "She's way above my level."}	"GAME"	"120"	"production"	"6"	"UTC+08:00"	"AbleHobbit"	{}	{"job_argumentation": 2, "job_experimentation": 0, "job_modeling": 0, "job_name": "arctic-seal-habitats", "money": 1730, "region": "ArcticStation", "scene_type": "station-interior", "science_level": 3, "science_points": 210, "site": "RS-Arctic", "task_list": [{"is_complete": true, "task_id": "findHabitat"}, {"is_complete": true, "task_id": "findRibbon"}, {"is_complete": false, "task_id": "findMicro"}, {"is_complete": true, "task_id": "countSeal"}, {"is_complete": false, "task_id": "countMicro"}, {"is_complete": false, "task_id": "report"}], "time_since_launch": 67.82}	7
"26071120124052320"	"AQUALAB"	"2026-07-11T12:13:56.783000+00:00"	"load_error"	{"server_time": "2026-07-11T07:13:59+00:00", "url": "https://fielddaylab.org/play/wake/ci/production/StreamingAssets/Journal/journal-viewport.png"}	"GAME"	"120"	"production"	"6"	"UTC+08:00"	"AbleHobbit"	{}	{"job_argumentation": 2, "job_experimentation": 0, "job_modeling": 0, "job_name": "arctic-seal-habitats", "money": 1730, "region": "ArcticStation", "scene_type": "station-interior", "science_level": 3, "science_points": 210, "site": "RS-Arctic", "task_list": [{"is_complete": true, "task_id": "findHabitat"}, {"is_complete": true, "task_id": "findRibbon"}, {"is_complete": false, "task_id": "findMicro"}, {"is_complete": true, "task_id": "countSeal"}, {"is_complete": false, "task_id": "countMicro"}, {"is_complete": false, "task_id": "report"}], "time_since_launch": 76.59}	8
"26071120124052320"	"AQUALAB"	"2026-07-11T12:13:56.783000+00:00"	"load_error"	{"server_time": "2026-07-11T07:13:59+00:00", "url": "https://fielddaylab.org/play/wake/ci/production/StreamingAssets/Journal/journal-viewport.png"}	"GAME"	"120"	"production"	"6"	"UTC+08:00"	"AbleHobbit"	{}	{"job_argumentation": 2, "job_experimentation": 0, "job_modeling": 0, "job_name": "arctic-seal-habitats", "money": 1730, "region": "ArcticStation", "scene_type": "station-interior", "science_level": 3, "science_points": 210, "site": "RS-Arctic", "task_list": [{"is_complete": true, "task_id": "findHabitat"}, {"is_complete": true, "task_id": "findRibbon"}, {"is_complete": false, "task_id": "findMicro"}, {"is_complete": true, "task_id": "countSeal"}, {"is_complete": false, "task_id": "countMicro"}, {"is_complete": false, "task_id": "report"}], "time_since_launch": 76.59}	8
"26071120140313581"	"AQUALAB"	"2026-07-11T12:14:38.251000+00:00"	"room_changed"	{"room_name": "Station", "server_time": "2026-07-11T07:14:41+00:00"}	"GAME"	"120"	"production"	"6"	"UTC+08:00"	"AbleHobbit"	{}	{"job_name": "no-active-job", "money": 0, "region": "no-active-region", "scene_type": "menu", "science_level": 0, "science_points": 0, "site": "no-active-site", "time_since_launch": 8.42}	0
"26071120140313581"	"AQUALAB"	"2026-07-11T12:14:38.251000+00:00"	"room_changed"	{"room_name": "Station", "server_time": "2026-07-11T07:14:41+00:00"}	"GAME"	"120"	"production"	"6"	"UTC+08:00"	"AbleHobbit"	{}	{"job_name": "no-active-job", "money": 0, "region": "no-active-region", "scene_type": "menu", "science_level": 0, "science_points": 0, "site": "no-active-site", "time_since_launch": 8.42}	0
"26071120140313581"	"AQUALAB"	"2026-07-11T12:14:38.252000+00:00"	"scene_changed"	{"scene_name": "RS-4Z-StationInterior", "server_time": "2026-07-11T07:14:41+00:00"}	"GAME"	"120"	"production"	"6"	"UTC+08:00"	"AbleHobbit"	{}	{"job_argumentation": 2, "job_experimentation": 0, "job_modeling": 0, "job_name": "arctic-seal-habitats", "money": 1730, "region": "no-active-region", "scene_type": "menu", "science_level": 3, "science_points": 210, "site": "no-active-site", "task_list": [{"is_complete": true, "task_id": "findHabitat"}, {"is_complete": true, "task_id": "findRibbon"}, {"is_complete": false, "task_id": "findMicro"}, {"is_complete": true, "task_id": "countSeal"}, {"is_complete": false, "task_id": "countMicro"}, {"is_complete": false, "task_id": "report"}], "time_since_launch": 35.37}	1
"26071120140313581"	"AQUALAB"	"2026-07-11T12:14:38.252000+00:00"	"scene_changed"	{"scene_name": "RS-4Z-StationInterior", "server_time": "2026-07-11T07:14:41+00:00"}	"GAME"	"120"	"production"	"6"	"UTC+08:00"	"AbleHobbit"	{}	{"job_argumentation": 2, "job_experimentation": 0, "job_modeling": 0, "job_name": "arctic-seal-habitats", "money": 1730, "region": "no-active-region", "scene_type": "menu", "science_level": 3, "science_points": 210, "site": "no-active-site", "task_list": [{"is_complete": true, "task_id": "findHabitat"}, {"is_complete": true, "task_id": "findRibbon"}, {"is_complete": false, "task_id": "findMicro"}, {"is_complete": true, "task_id": "countSeal"}, {"is_complete": false, "task_id": "countMicro"}, {"is_complete": false, "task_id": "report"}], "time_since_launch": 35.37}	1
"26071120140313581"	"AQUALAB"	"2026-07-11T12:14:38.253000+00:00"	"switch_job"	{"prev_job_name": "arctic-seal-habitats", "server_time": "2026-07-11T07:14:41+00:00"}	"GAME"	"120"	"production"	"6"	"UTC+08:00"	"AbleHobbit"	{}	{"job_argumentation": 2, "job_experimentation": 0, "job_modeling": 0, "job_name": "arctic-seal-habitats", "money": 1730, "region": "ArcticStation", "scene_type": "station-interior", "science_level": 3, "science_points": 210, "site": "RS-Arctic", "task_list": [{"is_complete": true, "task_id": "findHabitat"}, {"is_complete": true, "task_id": "findRibbon"}, {"is_complete": false, "task_id": "findMicro"}, {"is_complete": true, "task_id": "countSeal"}, {"is_complete": false, "task_id": "countMicro"}, {"is_complete": false, "task_id": "report"}], "time_since_launch": 35.37}	2
"26071120140313581"	"AQUALAB"	"2026-07-11T12:14:38.253000+00:00"	"switch_job"	{"prev_job_name": "arctic-seal-habitats", "server_time": "2026-07-11T07:14:41+00:00"}	"GAME"	"120"	"production"	"6"	"UTC+08:00"	"AbleHobbit"	{}	{"job_argumentation": 2, "job_experimentation": 0, "job_modeling": 0, "job_name": "arctic-seal-habitats", "money": 1730, "region": "ArcticStation", "scene_type": "station-interior", "science_level": 3, "science_points": 210, "site": "RS-Arctic", "task_list": [{"is_complete": true, "task_id": "findHabitat"}, {"is_complete": true, "task_id": "findRibbon"}, {"is_complete": false, "task_id": "findMicro"}, {"is_complete": true, "task_id": "countSeal"}, {"is_complete": false, "task_id": "countMicro"}, {"is_complete": false, "task_id": "report"}], "time_since_launch": 35.37}	2
"26071120140313581"	"AQUALAB"	"2026-07-11T12:14:42.540000+00:00"	"scene_changed"	{"scene_name": "RS-4Z", "server_time": "2026-07-11T07:14:43+00:00"}	"GAME"	"120"	"production"	"6"	"UTC+08:00"	"AbleHobbit"	{}	{"job_argumentation": 2, "job_experimentation": 0, "job_modeling": 0, "job_name": "arctic-seal-habitats", "money": 1730, "region": "ArcticStation", "scene_type": "station-interior", "science_level": 3, "science_points": 210, "site": "RS-Arctic", "task_list": [{"is_complete": true, "task_id": "findHabitat"}, {"is_complete": true, "task_id": "findRibbon"}, {"is_complete": false, "task_id": "findMicro"}, {"is_complete": true, "task_id": "countSeal"}, {"is_complete": false, "task_id": "countMicro"}, {"is_complete": false, "task_id": "report"}], "time_since_launch": 35.37}	3
"26071120140313581"	"AQUALAB"	"2026-07-11T12:14:42.540000+00:00"	"scene_changed"	{"scene_name": "RS-4Z", "server_time": "2026-07-11T07:14:43+00:00"}	"GAME"	"120"	"production"	"6"	"UTC+08:00"	"AbleHobbit"	{}	{"job_argumentation": 2, "job_experimentation": 0, "job_modeling": 0, "job_name": "arctic-seal-habitats", "money": 1730, "region": "ArcticStation", "scene_type": "station-interior", "science_level": 3, "science_points": 210, "site": "RS-Arctic", "task_list": [{"is_complete": true, "task_id": "findHabitat"}, {"is_complete": true, "task_id": "findRibbon"}, {"is_complete": false, "task_id": "findMicro"}, {"is_complete": true, "task_id": "countSeal"}, {"is_complete": false, "task_id": "countMicro"}, {"is_complete": false, "task_id": "report"}], "time_since_launch": 35.37}	3
"26071120140313581"	"AQUALAB"	"2026-07-11T12:15:10.052000+00:00"	"scene_changed"	{"scene_name": "RS-4Y", "server_time": "2026-07-11T07:15:12+00:00"}	"GAME"	"120"	"production"	"6"	"UTC+08:00"	"AbleHobbit"	{}	{"job_argumentation": 2, "job_experimentation": 0, "job_modeling": 0, "job_name": "arctic-seal-habitats", "money": 1730, "region": "ArcticStation", "scene_type": "dive-site", "science_level": 3, "science_points": 210, "site": "RS-4Z", "task_list": [{"is_complete": true, "task_id": "findHabitat"}, {"is_complete": true, "task_id": "findRibbon"}, {"is_complete": false, "task_id": "findMicro"}, {"is_complete": true, "task_id": "countSeal"}, {"is_complete": false, "task_id": "countMicro"}, {"is_complete": false, "task_id": "report"}], "time_since_launch": 39.66}	4
"26071120140313581"	"AQUALAB"	"2026-07-11T12:15:10.052000+00:00"	"scene_changed"	{"scene_name": "RS-4Y", "server_time": "2026-07-11T07:15:12+00:00"}	"GAME"	"120"	"production"	"6"	"UTC+08:00"	"AbleHobbit"	{}	{"job_argumentation": 2, "job_experimentation": 0, "job_modeling": 0, "job_name": "arctic-seal-habitats", "money": 1730, "region": "ArcticStation", "scene_type": "dive-site", "science_level": 3, "science_points": 210, "site": "RS-4Z", "task_list": [{"is_complete": true, "task_id": "findHabitat"}, {"is_complete": true, "task_id": "findRibbon"}, {"is_complete": false, "task_id": "findMicro"}, {"is_complete": true, "task_id": "countSeal"}, {"is_complete": false, "task_id": "countMicro"}, {"is_complete": false, "task_id": "report"}], "time_since_launch": 39.66}	4
"26073112312081961"	"AQUALAB"	"2026-07-31T19:31:58.513000+00:00"	"scene_changed"	{"scene_name": "RS-1C", "server_time": "2026-07-31T14:31:59+00:00"}	"GAME"	"120"	"production"	"6"	"UTC-07:00"	"AbundantBank"	{}	{"job_name": "no-active-job", "money": 0, "region": "no-active-region", "scene_type": "menu", "science_level": 0, "science_points": 0, "site": "no-active-site", "time_since_launch": 10.62}	0
"26073112312081961"	"AQUALAB"	"2026-07-31T19:31:58.524000+00:00"	"script_began"	{"node_id": "act1.checkIntro", "server_time": "2026-07-31T14:31:59+00:00"}	"GAME"	"120"	"production"	"6"	"UTC-07:00"	"AbundantBank"	{}	{"job_name": "no-active-job", "money": 100, "region": "KelpStation", "scene_type": "dive-site", "science_level": 1, "science_points": 0, "site": "RS-1C", "time_since_launch": 38.79}	1
"26073112312081961"	"AQUALAB"	"2026-07-31T19:31:59.158000+00:00"	"script_line_displayed"	{"node_id": "act1.checkIntro", "server_time": "2026-07-31T14:31:59+00:00", "speaker": "", "text_string": "Wow... this place looks so different at night."}	"GAME"	"120"	"production"	"6"	"UTC-07:00"	"AbundantBank"	{}	{"job_name": "no-active-job", "money": 100, "region": "KelpStation", "scene_type": "dive-site", "science_level": 1, "science_points": 0, "site": "RS-1C", "time_since_launch": 39.42}	2
"26073112312081961"	"AQUALAB"	"2026-07-31T19:32:01.923000+00:00"	"script_line_displayed"	{"node_id": "act1.checkIntro", "server_time": "2026-07-31T14:32:02+00:00", "speaker": "", "text_string": "T\u00edo, are you still there?"}	"GAME"	"120"	"production"	"6"	"UTC-07:00"	"AbundantBank"	{}	{"job_name": "no-active-job", "money": 100, "region": "KelpStation", "scene_type": "dive-site", "science_level": 1, "science_points": 0, "site": "RS-1C", "time_since_launch": 42.18}	3
"26073112312081961"	"AQUALAB"	"2026-07-31T19:32:03.389000+00:00"	"script_line_displayed"	{"node_id": "act1.checkIntro", "server_time": "2026-07-31T14:32:03+00:00", "speaker": "", "text_string": "S\u00ed, mijita. I can hear you on the comms."}	"GAME"	"120"	"production"	"6"	"UTC-07:00"	"AbundantBank"	{}	{"job_name": "no-active-job", "money": 100, "region": "KelpStation", "scene_type": "dive-site", "science_level": 1, "science_points": 0, "site": "RS-1C", "time_since_launch": 43.65}	4
"26073112312081961"	"AQUALAB"	"2026-07-31T19:32:05.706000+00:00"	"script_line_displayed"	{"node_id": "act1.checkIntro", "server_time": "2026-07-31T14:32:06+00:00", "speaker": "", "text_string": "Keep exploring. Your driver's test is almost done."}	"GAME"	"120"	"production"	"6"	"UTC-07:00"	"AbundantBank"	{}	{"job_name": "no-active-job", "money": 100, "region": "KelpStation", "scene_type": "dive-site", "science_level": 1, "science_points": 0, "site": "RS-1C", "time_since_launch": 45.97}	5
"26073112312081961"	"AQUALAB"	"2026-07-31T19:32:09.723000+00:00"	"script_line_displayed"	{"node_id": "act1.checkIntro", "server_time": "2026-07-31T14:32:10+00:00", "speaker": "", "text_string": "A few more seconds, and the computer will be able to calculate your score."}	"GAME"	"120"	"production"	"6"	"UTC-07:00"	"AbundantBank"	{}	{"job_name": "no-active-job", "money": 100, "region": "KelpStation", "scene_type": "dive-site", "science_level": 1, "science_points": 0, "site": "RS-1C", "time_since_launch": 49.98}	6
"26073112312081961"	"AQUALAB"	"2026-07-31T19:32:13.039000+00:00"	"script_line_displayed"	{"node_id": "act1.checkIntro", "server_time": "2026-07-31T14:32:13+00:00", "speaker": "", "text_string": "Gracias, T\u00edo."}	"GAME"	"120"	"production"	"6"	"UTC-07:00"	"AbundantBank"	{}	{"job_name": "no-active-job", "money": 100, "region": "KelpStation", "scene_type": "dive-site", "science_level": 1, "science_points": 0, "site": "RS-1C", "time_since_launch": 53.3}	7
"26073112312081961"	"AQUALAB"	"2026-07-31T19:32:14.472000+00:00"	"script_line_displayed"	{"node_id": "act1.checkIntro", "server_time": "2026-07-31T14:32:14+00:00", "speaker": "", "text_string": "Just... don't tell Mom I'm out here, okay?"}	"GAME"	"120"	"production"	"6"	"UTC-07:00"	"AbundantBank"	{}	{"job_name": "no-active-job", "money": 100, "region": "KelpStation", "scene_type": "dive-site", "science_level": 1, "science_points": 0, "site": "RS-1C", "time_since_launch": 54.73}	8
"26073112312081961"	"AQUALAB"	"2026-07-31T19:32:16.239000+00:00"	"script_line_displayed"	{"node_id": "act1.checkIntro", "server_time": "2026-07-31T14:32:16+00:00", "speaker": "", "text_string": "No promises, Ollie."}	"GAME"	"120"	"production"	"6"	"UTC-07:00"	"AbundantBank"	{}	{"job_name": "no-active-job", "money": 100, "region": "KelpStation", "scene_type": "dive-site", "science_level": 1, "science_points": 0, "site": "RS-1C", "time_since_launch": 56.5}	9
"26073112312081961"	"AQUALAB"	"2026-07-31T19:32:18.023000+00:00"	"script_line_displayed"	{"node_id": "act1.tutorialMove", "server_time": "2026-07-31T14:32:18+00:00", "speaker": "", "text_string": "Use the Mouse, the Arrow Keys, or the [W][A][S][D] keys to move your Sub."}	"GAME"	"120"	"production"	"6"	"UTC-07:00"	"AbundantBank"	{}	{"job_name": "no-active-job", "money": 100, "region": "KelpStation", "scene_type": "dive-site", "science_level": 1, "science_points": 0, "site": "RS-1C", "time_since_launch": 58.29}	10
"26073112312081961"	"AQUALAB"	"2026-07-31T19:32:23.459000+00:00"	"script_began"	{"node_id": "act1.tutorialMoveCompleted", "server_time": "2026-07-31T14:32:24+00:00"}	"GAME"	"120"	"production"	"6"	"UTC-07:00"	"AbundantBank"	{}	{"job_name": "no-active-job", "money": 100, "region": "KelpStation", "scene_type": "dive-site", "science_level": 1, "science_points": 0, "site": "RS-1C", "time_since_launch": 63.72}	11
"26073112312081961"	"AQUALAB"	"2026-07-31T19:32:31.522000+00:00"	"script_line_displayed"	{"node_id": "act1.intro-part2", "server_time": "2026-07-31T14:32:32+00:00", "speaker": "", "text_string": "Olivia?? Is that you out there?"}	"GAME"	"120"	"production"	"6"	"UTC-07:00"	"AbundantBank"	{}	{"job_name": "no-active-job", "money": 100, "region": "KelpStation", "scene_type": "dive-site", "science_level": 1, "science_points": 0, "site": "RS-1C", "time_since_launch": 71.78}	12
"26073112312081961"	"AQUALAB"	"2026-07-31T19:32:34.722000+00:00"	"script_line_displayed"	{"node_id": "act1.intro-part2", "server_time": "2026-07-31T14:32:35+00:00", "speaker": "", "text_string": "Uh oh."}	"GAME"	"120"	"production"	"6"	"UTC-07:00"	"AbundantBank"	{}	{"job_name": "no-active-job", "money": 100, "region": "KelpStation", "scene_type": "dive-site", "science_level": 1, "science_points": 0, "site": "RS-1C", "time_since_launch": 74.98}	13
"26073112312081961"	"AQUALAB"	"2026-07-31T19:32:36.322000+00:00"	"script_line_displayed"	{"node_id": "act1.intro-part2", "server_time": "2026-07-31T14:32:36+00:00", "speaker": "", "text_string": "Mom, I can explain\u2014\u2014"}	"GAME"	"120"	"production"	"6"	"UTC-07:00"	"AbundantBank"	{}	{"job_name": "no-active-job", "money": 100, "region": "KelpStation", "scene_type": "dive-site", "science_level": 1, "science_points": 0, "site": "RS-1C", "time_since_launch": 76.58}	14
"26073112312081961"	"AQUALAB"	"2026-07-31T19:32:37.338000+00:00"	"script_line_displayed"	{"node_id": "act1.intro-part2", "server_time": "2026-07-31T14:32:37+00:00", "speaker": "", "text_string": "Sweetie, what were you thinking?? Taking the sub out at night, after last time?"}	"GAME"	"120"	"production"	"6"	"UTC-07:00"	"AbundantBank"	{}	{"job_name": "no-active-job", "money": 100, "region": "KelpStation", "scene_type": "dive-site", "science_level": 1, "science_points": 0, "site": "RS-1C", "time_since_launch": 77.6}	15
"26073112312081961"	"AQUALAB"	"2026-07-31T19:32:39.740000+00:00"	"script_line_displayed"	{"node_id": "act1.intro-part2", "server_time": "2026-07-31T14:32:40+00:00", "speaker": "", "text_string": "Come back to the Station immediately."}	"GAME"	"120"	"production"	"6"	"UTC-07:00"	"AbundantBank"	{}	{"job_name": "no-active-job", "money": 100, "region": "KelpStation", "scene_type": "dive-site", "science_level": 1, "science_points": 0, "site": "RS-1C", "time_since_launch": 80}	16
"26073112312081961"	"AQUALAB"	"2026-07-31T19:32:43.389000+00:00"	"script_line_displayed"	{"node_id": "act1.intro-part2", "server_time": "2026-07-31T14:32:43+00:00", "speaker": "", "text_string": "And be careful!"}	"GAME"	"120"	"production"	"6"	"UTC-07:00"	"AbundantBank"	{}	{"job_name": "no-active-job", "money": 100, "region": "KelpStation", "scene_type": "dive-site", "science_level": 1, "science_points": 0, "site": "RS-1C", "time_since_launch": 83.65}	17
"26073112312081961"	"AQUALAB"	"2026-07-31T19:33:06.758000+00:00"	"script_line_displayed"	{"node_id": "act1.intro-extra-nudge", "server_time": "2026-07-31T14:33:07+00:00", "speaker": "", "text_string": "Olivia! Come back to the station!"}	"GAME"	"120"	"production"	"6"	"UTC-07:00"	"AbundantBank"	{}	{"job_name": "no-active-job", "money": 100, "region": "KelpStation", "scene_type": "dive-site", "science_level": 1, "science_points": 0, "site": "RS-1C", "time_since_launch": 107.02}	18
"26073112312081961"	"AQUALAB"	"2026-07-31T19:33:08.572000+00:00"	"script_line_displayed"	{"node_id": "act1.intro-extra-nudge", "server_time": "2026-07-31T14:33:08+00:00", "speaker": "", "text_string": "All right, all right!"}	"GAME"	"120"	"production"	"6"	"UTC-07:00"	"AbundantBank"	{}	{"job_name": "no-active-job", "money": 100, "region": "KelpStation", "scene_type": "dive-site", "science_level": 1, "science_points": 0, "site": "RS-1C", "time_since_launch": 108.83}	19
"26073112312081961"	"AQUALAB"	"2026-07-31T19:33:22.755000+00:00"	"script_line_displayed"	{"node_id": "act1.intro-extra-nudge2", "server_time": "2026-07-31T14:33:23+00:00", "speaker": "", "text_string": "Olivia, I really need you to come back."}	"GAME"	"120"	"production"	"6"	"UTC-07:00"	"AbundantBank"	{}	{"job_name": "no-active-job", "money": 100, "region": "KelpStation", "scene_type": "dive-site", "science_level": 1, "science_points": 0, "site": "RS-1C", "time_since_launch": 123.02}	20
"26073112312081961"	"AQUALAB"	"2026-07-31T19:33:24.272000+00:00"	"script_line_displayed"	{"node_id": "act1.intro-extra-nudge2", "server_time": "2026-07-31T14:33:24+00:00", "speaker": "", "text_string": "The station is near the bottom left of the site."}	"GAME"	"120"	"production"	"6"	"UTC-07:00"	"AbundantBank"	{}	{"job_name": "no-active-job", "money": 100, "region": "KelpStation", "scene_type": "dive-site", "science_level": 1, "science_points": 0, "site": "RS-1C", "time_since_launch": 124.53}	21
"26073112312081961"	"AQUALAB"	"2026-07-31T19:33:29.572000+00:00"	"script_line_displayed"	{"node_id": "act1.intro-extra-nudge2", "server_time": "2026-07-31T14:33:30+00:00", "speaker": "", "text_string": "Swim under the domed part of the station, then come up through the hole with the lights."}	"GAME"	"120"	"production"	"6"	"UTC-07:00"	"AbundantBank"	{}	{"job_name": "no-active-job", "money": 100, "region": "KelpStation", "scene_type": "dive-site", "science_level": 1, "science_points": 0, "site": "RS-1C", "time_since_launch": 129.83}	22
"26073112312081961"	"AQUALAB"	"2026-07-31T19:33:46.722000+00:00"	"script_line_displayed"	{"node_id": "act1.intro-extra-nudge2", "server_time": "2026-07-31T14:33:47+00:00", "speaker": "", "text_string": "Olivia, I really need you to come back."}	"GAME"	"120"	"production"	"6"	"UTC-07:00"	"AbundantBank"	{}	{"job_name": "no-active-job", "money": 100, "region": "KelpStation", "scene_type": "dive-site", "science_level": 1, "science_points": 0, "site": "RS-1C", "time_since_launch": 146.98}	23
"26073112312081961"	"AQUALAB"	"2026-07-31T19:33:49.122000+00:00"	"script_line_displayed"	{"node_id": "act1.intro-extra-nudge2", "server_time": "2026-07-31T14:33:49+00:00", "speaker": "", "text_string": "The station is near the bottom left of the site."}	"GAME"	"120"	"production"	"6"	"UTC-07:00"	"AbundantBank"	{}	{"job_name": "no-active-job", "money": 100, "region": "KelpStation", "scene_type": "dive-site", "science_level": 1, "science_points": 0, "site": "RS-1C", "time_since_launch": 149.38}	24
"26073112312081961"	"AQUALAB"	"2026-07-31T19:33:52.721000+00:00"	"script_line_displayed"	{"node_id": "act1.intro-extra-nudge2", "server_time": "2026-07-31T14:33:53+00:00", "speaker": "", "text_string": "Swim under the domed part of the station, then come up through the hole with the lights."}	"GAME"	"120"	"production"	"6"	"UTC-07:00"	"AbundantBank"	{}	{"job_name": "no-active-job", "money": 100, "region": "KelpStation", "scene_type": "dive-site", "science_level": 1, "science_points": 0, "site": "RS-1C", "time_since_launch": 152.98}	25
"26073112312081961"	"AQUALAB"	"2026-07-31T19:34:00.620000+00:00"	"room_changed"	{"room_name": "Station", "server_time": "2026-07-31T14:34:01+00:00"}	"GAME"	"120"	"production"	"6"	"UTC-07:00"	"AbundantBank"	{}	{"job_name": "no-active-job", "money": 100, "region": "KelpStation", "scene_type": "dive-site", "science_level": 1, "science_points": 0, "site": "RS-1C", "time_since_launch": 152.98}	26
"26073112312081961"	"AQUALAB"	"2026-07-31T19:34:00.621000+00:00"	"scene_changed"	{"scene_name": "RS-1C-StationInterior", "server_time": "2026-07-31T14:34:01+00:00"}	"GAME"	"120"	"production"	"6"	"UTC-07:00"	"AbundantBank"	{}	{"job_name": "no-active-job", "money": 100, "region": "KelpStation", "scene_type": "dive-site", "science_level": 1, "science_points": 0, "site": "RS-1C", "time_since_launch": 160.88}	27
"26073112312081961"	"AQUALAB"	"2026-07-31T19:34:00.623000+00:00"	"script_began"	{"node_id": "act1.EnterStation", "server_time": "2026-07-31T14:34:01+00:00"}	"GAME"	"120"	"production"	"6"	"UTC-07:00"	"AbundantBank"	{}	{"job_name": "no-active-job", "money": 100, "region": "KelpStation", "scene_type": "station-interior", "science_level": 1, "science_points": 0, "site": "RS-Kelp", "time_since_launch": 160.88}	28
"26073112312081961"	"AQUALAB"	"2026-07-31T19:34:01.400000+00:00"	"script_line_displayed"	{"node_id": "act1.EnterStation", "server_time": "2026-07-31T14:34:01+00:00", "speaker": "", "text_string": "Uh oh. Mom doesn't look too happy."}	"GAME"	"120"	"production"	"6"	"UTC-07:00"	"AbundantBank"	{}	{"job_name": "no-active-job", "money": 100, "region": "KelpStation", "scene_type": "station-interior", "science_level": 1, "science_points": 0, "site": "RS-Kelp", "time_since_launch": 161.66}	29
"26073112312081961"	"AQUALAB"	"2026-07-31T19:34:04.915000+00:00"	"script_line_displayed"	{"node_id": "act1.EnterStation", "server_time": "2026-07-31T14:34:05+00:00", "speaker": "", "text_string": "Better go talk to her."}	"GAME"	"120"	"production"	"6"	"UTC-07:00"	"AbundantBank"	{}	{"job_name": "no-active-job", "money": 100, "region": "KelpStation", "scene_type": "station-interior", "science_level": 1, "science_points": 0, "site": "RS-Kelp", "time_since_launch": 165.18}	30
"26073112312081961"	"AQUALAB"	"2026-07-31T19:34:15.051000+00:00"	"room_changed"	{"room_name": "JobGiver", "server_time": "2026-07-31T14:34:15+00:00"}	"GAME"	"120"	"production"	"6"	"UTC-07:00"	"AbundantBank"	{}	{"job_name": "no-active-job", "money": 100, "region": "KelpStation", "scene_type": "station-interior", "science_level": 1, "science_points": 0, "site": "RS-Kelp", "time_since_launch": 165.18}	31
"26073112312081961"	"AQUALAB"	"2026-07-31T19:34:16.999000+00:00"	"script_began"	{"node_id": "interior.shop.kelp.shopLocked.intro", "server_time": "2026-07-31T14:34:17+00:00"}	"GAME"	"120"	"production"	"6"	"UTC-07:00"	"AbundantBank"	{}	{"job_name": "no-active-job", "money": 100, "region": "KelpStation", "scene_type": "station-interior", "science_level": 1, "science_points": 0, "site": "RS-Kelp", "time_since_launch": 177.26}	32
"26073112312081961"	"AQUALAB"	"2026-07-31T19:34:17.001000+00:00"	"script_line_displayed"	{"node_id": "act1.momMadEnd", "server_time": "2026-07-31T14:34:17+00:00", "speaker": "", "text_string": "Olivia! Mija, thank goodness you're okay!"}	"GAME"	"120"	"production"	"6"	"UTC-07:00"	"AbundantBank"	{}	{"job_name": "no-active-job", "money": 100, "region": "KelpStation", "scene_type": "station-interior", "science_level": 1, "science_points": 0, "site": "RS-Kelp", "time_since_launch": 177.26}	33
"26073112312081961"	"AQUALAB"	"2026-07-31T19:34:19.317000+00:00"	"script_line_displayed"	{"node_id": "act1.momMadEnd", "server_time": "2026-07-31T14:34:19+00:00", "speaker": "", "text_string": "Rico, I can't believe you let her take the sub out at night."}	"GAME"	"120"	"production"	"6"	"UTC-07:00"	"AbundantBank"	{}	{"job_name": "no-active-job", "money": 100, "region": "KelpStation", "scene_type": "station-interior", "science_level": 1, "science_points": 0, "site": "RS-Kelp", "time_since_launch": 179.58}	34
"26073112312081961"	"AQUALAB"	"2026-07-31T19:34:21.299000+00:00"	"script_line_displayed"	{"node_id": "act1.momMadEnd", "server_time": "2026-07-31T14:34:21+00:00", "speaker": "", "text_string": "She's on probation! She could've crashed again, she could've gotten lost\u2014\u2014"}	"GAME"	"120"	"production"	"6"	"UTC-07:00"	"AbundantBank"	{}	{"job_name": "no-active-job", "money": 100, "region": "KelpStation", "scene_type": "station-interior", "science_level": 1, "science_points": 0, "site": "RS-Kelp", "time_since_launch": 181.56}	35
"26073112312081961"	"AQUALAB"	"2026-07-31T19:34:23.583000+00:00"	"script_line_displayed"	{"node_id": "act1.momMadEnd", "server_time": "2026-07-31T14:34:23+00:00", "speaker": "", "text_string": "Actually, she's not on probation anymore."}	"GAME"	"120"	"production"	"6"	"UTC-07:00"	"AbundantBank"	{}	{"job_name": "no-active-job", "money": 100, "region": "KelpStation", "scene_type": "station-interior", "science_level": 1, "science_points": 0, "site": "RS-Kelp", "time_since_launch": 183.84}	36
"26073112312081961"	"AQUALAB"	"2026-07-31T19:34:25.166000+00:00"	"script_line_displayed"	{"node_id": "act1.momMadEnd", "server_time": "2026-07-31T14:34:25+00:00", "speaker": "", "text_string": "Good news, mijita. You passed."}	"GAME"	"120"	"production"	"6"	"UTC-07:00"	"AbundantBank"	{}	{"job_name": "no-active-job", "money": 100, "region": "KelpStation", "scene_type": "station-interior", "science_level": 1, "science_points": 0, "site": "RS-Kelp", "time_since_launch": 185.43}	37
"26073112312081961"	"AQUALAB"	"2026-07-31T19:34:27.550000+00:00"	"script_line_displayed"	{"node_id": "act1.momMadEnd", "server_time": "2026-07-31T14:34:27+00:00", "speaker": "", "text_string": "YES!!!"}	"GAME"	"120"	"production"	"6"	"UTC-07:00"	"AbundantBank"	{}	{"job_name": "no-active-job", "money": 100, "region": "KelpStation", "scene_type": "station-interior", "science_level": 1, "science_points": 0, "site": "RS-Kelp", "time_since_launch": 187.81}	38
"26073112312081961"	"AQUALAB"	"2026-07-31T19:34:28.733000+00:00"	"script_line_displayed"	{"node_id": "act1.momMadEnd", "server_time": "2026-07-31T14:34:29+00:00", "speaker": "", "text_string": "Wow. Olivia... this is fantastic!"}	"GAME"	"120"	"production"	"6"	"UTC-07:00"	"AbundantBank"	{}	{"job_name": "no-active-job", "money": 100, "region": "KelpStation", "scene_type": "station-interior", "science_level": 1, "science_points": 0, "site": "RS-Kelp", "time_since_launch": 188.99}	39
"26073112312081961"	"AQUALAB"	"2026-07-31T19:34:31.499000+00:00"	"script_line_displayed"	{"node_id": "act1.momMadEnd", "server_time": "2026-07-31T14:34:31+00:00", "speaker": "", "text_string": "And just in time. I could use your help around here."}	"GAME"	"120"	"production"	"6"	"UTC-07:00"	"AbundantBank"	{}	{"job_name": "no-active-job", "money": 100, "region": "KelpStation", "scene_type": "station-interior", "science_level": 1, "science_points": 0, "site": "RS-Kelp", "time_since_launch": 191.76}	40
"26073112312081961"	"AQUALAB"	"2026-07-31T19:34:33.282000+00:00"	"script_line_displayed"	{"node_id": "act1.momMadEnd", "server_time": "2026-07-31T14:34:33+00:00", "speaker": "", "text_string": "Here? But... what about the Nautilus mission?"}	"GAME"	"120"	"production"	"6"	"UTC-07:00"	"AbundantBank"	{}	{"job_name": "no-active-job", "money": 100, "region": "KelpStation", "scene_type": "station-interior", "science_level": 1, "science_points": 0, "site": "RS-Kelp", "time_since_launch": 193.54}	41
"26073112312081961"	"AQUALAB"	"2026-07-31T19:34:35.216000+00:00"	"script_line_displayed"	{"node_id": "act1.momMadEnd", "server_time": "2026-07-31T14:34:35+00:00", "speaker": "", "text_string": "I want to help find the Challenger Deep!"}	"GAME"	"120"	"production"	"6"	"UTC-07:00"	"AbundantBank"	{}	{"job_name": "no-active-job", "money": 100, "region": "KelpStation", "scene_type": "station-interior", "science_level": 1, "science_points": 0, "site": "RS-Kelp", "time_since_launch": 195.48}	42
"26073112312081961"	"AQUALAB"	"2026-07-31T19:34:36.699000+00:00"	"script_line_displayed"	{"node_id": "act1.momMadEnd", "server_time": "2026-07-31T14:34:37+00:00", "speaker": "", "text_string": "Oh, Mija. I'm sorry. That mission already left last night."}	"GAME"	"120"	"production"	"6"	"UTC-07:00"	"AbundantBank"	{}	{"job_name": "no-active-job", "money": 100, "region": "KelpStation", "scene_type": "station-interior", "science_level": 1, "science_points": 0, "site": "RS-Kelp", "time_since_launch": 196.96}	43
"26073112312081961"	"AQUALAB"	"2026-07-31T19:34:38.733000+00:00"	"script_line_displayed"	{"node_id": "act1.momMadEnd", "server_time": "2026-07-31T14:34:39+00:00", "speaker": "", "text_string": "Besides, the Lower Depths are too dangerous."}	"GAME"	"120"	"production"	"6"	"UTC-07:00"	"AbundantBank"	{}	{"job_name": "no-active-job", "money": 100, "region": "KelpStation", "scene_type": "station-interior", "science_level": 1, "science_points": 0, "site": "RS-Kelp", "time_since_launch": 198.99}	44
"26073112312081961"	"AQUALAB"	"2026-07-31T19:34:40.366000+00:00"	"script_line_displayed"	{"node_id": "act1.momMadEnd", "server_time": "2026-07-31T14:34:40+00:00", "speaker": "", "text_string": "You can do so much good right here!"}	"GAME"	"120"	"production"	"6"	"UTC-07:00"	"AbundantBank"	{}	{"job_name": "no-active-job", "money": 100, "region": "KelpStation", "scene_type": "station-interior", "science_level": 1, "science_points": 0, "site": "RS-Kelp", "time_since_launch": 200.63}	45
"26073112312081961"	"AQUALAB"	"2026-07-31T19:34:41.632000+00:00"	"script_line_displayed"	{"node_id": "act1.momMadEnd", "server_time": "2026-07-31T14:34:41+00:00", "speaker": "", "text_string": "Sun's almost up. Let's get you started with your first job."}	"GAME"	"120"	"production"	"6"	"UTC-07:00"	"AbundantBank"	{}	{"job_name": "no-active-job", "money": 100, "region": "KelpStation", "scene_type": "station-interior", "science_level": 1, "science_points": 0, "site": "RS-Kelp", "time_since_launch": 201.89}	46
"26073112312081961"	"AQUALAB"	"2026-07-31T19:34:44.066000+00:00"	"script_line_displayed"	{"node_id": "act1.momMadEnd", "server_time": "2026-07-31T14:34:44+00:00", "speaker": "", "text_string": "This is your Job Board."}	"GAME"	"120"	"production"	"6"	"UTC-07:00"	"AbundantBank"	{}	{"job_name": "no-active-job", "money": 100, "region": "KelpStation", "scene_type": "station-interior", "science_level": 1, "science_points": 0, "site": "RS-Kelp", "time_since_launch": 204.33}	47
"26073112312081961"	"AQUALAB"	"2026-07-31T19:34:45.999000+00:00"	"script_line_displayed"	{"node_id": "act1.momMadEnd", "server_time": "2026-07-31T14:34:46+00:00", "speaker": "", "text_string": "Select a job on the left."}	"GAME"	"120"	"production"	"6"	"UTC-07:00"	"AbundantBank"	{}	{"job_name": "no-active-job", "money": 100, "region": "KelpStation", "scene_type": "station-interior", "science_level": 1, "science_points": 0, "site": "RS-Kelp", "time_since_launch": 206.26}	48
"26073112312081961"	"AQUALAB"	"2026-07-31T19:34:47.082000+00:00"	"script_line_displayed"	{"node_id": "act1.momMadEnd", "server_time": "2026-07-31T14:34:47+00:00", "speaker": "", "text_string": "Then accept it on the right!"}	"GAME"	"120"	"production"	"6"	"UTC-07:00"	"AbundantBank"	{}	{"job_name": "no-active-job", "money": 100, "region": "KelpStation", "scene_type": "station-interior", "science_level": 1, "science_points": 0, "site": "RS-Kelp", "time_since_launch": 207.34}	49
"26073112312081961"	"AQUALAB"	"2026-07-31T19:34:54.578000+00:00"	"accept_job"	{"server_time": "2026-07-31T14:34:55+00:00"}	"GAME"	"120"	"production"	"6"	"UTC-07:00"	"AbundantBank"	{}	{"job_name": "no-active-job", "money": 100, "region": "KelpStation", "scene_type": "station-interior", "science_level": 1, "science_points": 0, "site": "RS-Kelp", "time_since_launch": 214.84}	50
"26073112312081961"	"AQUALAB"	"2026-07-31T19:34:54.579000+00:00"	"switch_job"	{"prev_job_name": "no-active-job", "server_time": "2026-07-31T14:34:55+00:00"}	"GAME"	"120"	"production"	"6"	"UTC-07:00"	"AbundantBank"	{}	{"job_argumentation": 1, "job_experimentation": 1, "job_modeling": 0, "job_name": "kelp-welcome", "money": 100, "region": "KelpStation", "scene_type": "station-interior", "science_level": 1, "science_points": 0, "site": "RS-Kelp", "task_list": [{"is_complete": false, "task_id": "gotoSiteC"}, {"is_complete": false, "task_id": "scanGiantKelp"}, {"is_complete": false, "task_id": "scanUrchin"}, {"is_complete": false, "task_id": "scanOtter"}, {"is_complete": false, "task_id": "returnToShip"}, {"is_complete": false, "task_id": "runExperiment"}, {"is_complete": false, "task_id": "reportBack"}], "time_since_launch": 214.84}	51
"26073112312081961"	"AQUALAB"	"2026-07-31T19:34:55.599000+00:00"	"script_began"	{"node_id": "job.kelp-welcome.start", "server_time": "2026-07-31T14:34:55+00:00"}	"GAME"	"120"	"production"	"6"	"UTC-07:00"	"AbundantBank"	{}	{"job_argumentation": 1, "job_experimentation": 1, "job_modeling": 0, "job_name": "kelp-welcome", "money": 100, "region": "KelpStation", "scene_type": "station-interior", "science_level": 1, "science_points": 0, "site": "RS-Kelp", "task_list": [{"is_complete": false, "task_id": "gotoSiteC"}, {"is_complete": false, "task_id": "scanGiantKelp"}, {"is_complete": false, "task_id": "scanUrchin"}, {"is_complete": false, "task_id": "scanOtter"}, {"is_complete": false, "task_id": "returnToShip"}, {"is_complete": false, "task_id": "runExperiment"}, {"is_complete": false, "task_id": "reportBack"}], "time_since_launch": 215.86}	52
"26073112312081961"	"AQUALAB"	"2026-07-31T19:34:56.222000+00:00"	"script_line_displayed"	{"node_id": "job.kelp-welcome.start", "server_time": "2026-07-31T14:34:56+00:00", "speaker": "", "text_string": "Check your AQOS Tablet to see all the info about your active job! \n\nThis tool also holds all the data you collect. \n\nYou can access it by clicking on the icon or pressing [Tab].\n\nKeyboard shortcut hints can be toggled on from the Options Menu."}	"GAME"	"120"	"production"	"6"	"UTC-07:00"	"AbundantBank"	{}	{"job_argumentation": 1, "job_experimentation": 1, "job_modeling": 0, "job_name": "kelp-welcome", "money": 100, "region": "KelpStation", "scene_type": "station-interior", "science_level": 1, "science_points": 0, "site": "RS-Kelp", "task_list": [{"is_complete": false, "task_id": "gotoSiteC"}, {"is_complete": false, "task_id": "scanGiantKelp"}, {"is_complete": false, "task_id": "scanUrchin"}, {"is_complete": false, "task_id": "scanOtter"}, {"is_complete": false, "task_id": "returnToShip"}, {"is_complete": false, "task_id": "runExperiment"}, {"is_complete": false, "task_id": "reportBack"}], "time_since_launch": 216.48}	53
"26073112312081961"	"AQUALAB"	"2026-07-31T19:35:01.765000+00:00"	"script_line_displayed"	{"node_id": "job.kelp-welcome.start", "server_time": "2026-07-31T14:35:02+00:00", "speaker": "", "text_string": "Gracias, Olivia!"}	"GAME"	"120"	"production"	"6"	"UTC-07:00"	"AbundantBank"	{}	{"job_argumentation": 1, "job_experimentation": 1, "job_modeling": 0, "job_name": "kelp-welcome", "money": 100, "region": "KelpStation", "scene_type": "station-interior", "science_level": 1, "science_points": 0, "site": "RS-Kelp", "task_list": [{"is_complete": false, "task_id": "gotoSiteC"}, {"is_complete": false, "task_id": "scanGiantKelp"}, {"is_complete": false, "task_id": "scanUrchin"}, {"is_complete": false, "task_id": "scanOtter"}, {"is_complete": false, "task_id": "returnToShip"}, {"is_complete": false, "task_id": "runExperiment"}, {"is_complete": false, "task_id": "reportBack"}], "time_since_launch": 222.03}	54
"26073112312081961"	"AQUALAB"	"2026-07-31T19:35:03.066000+00:00"	"script_line_displayed"	{"node_id": "job.kelp-welcome.start", "server_time": "2026-07-31T14:35:03+00:00", "speaker": "", "text_string": "I'll get the AquaLab set up for you."}	"GAME"	"120"	"production"	"6"	"UTC-07:00"	"AbundantBank"	{}	{"job_argumentation": 1, "job_experimentation": 1, "job_modeling": 0, "job_name": "kelp-welcome", "money": 100, "region": "KelpStation", "scene_type": "station-interior", "science_level": 1, "science_points": 0, "site": "RS-Kelp", "task_list": [{"is_complete": false, "task_id": "gotoSiteC"}, {"is_complete": false, "task_id": "scanGiantKelp"}, {"is_complete": false, "task_id": "scanUrchin"}, {"is_complete": false, "task_id": "scanOtter"}, {"is_complete": false, "task_id": "returnToShip"}, {"is_complete": false, "task_id": "runExperiment"}, {"is_complete": false, "task_id": "reportBack"}], "time_since_launch": 223.33}	55
"26073112312081961"	"AQUALAB"	"2026-07-31T19:35:04.398000+00:00"	"script_line_displayed"	{"node_id": "job.kelp-welcome.start", "server_time": "2026-07-31T14:35:04+00:00", "speaker": "", "text_string": "Wow... the AquaLab? You're giving me Mer's old ship?"}	"GAME"	"120"	"production"	"6"	"UTC-07:00"	"AbundantBank"	{}	{"job_argumentation": 1, "job_experimentation": 1, "job_modeling": 0, "job_name": "kelp-welcome", "money": 100, "region": "KelpStation", "scene_type": "station-interior", "science_level": 1, "science_points": 0, "site": "RS-Kelp", "task_list": [{"is_complete": false, "task_id": "gotoSiteC"}, {"is_complete": false, "task_id": "scanGiantKelp"}, {"is_complete": false, "task_id": "scanUrchin"}, {"is_complete": false, "task_id": "scanOtter"}, {"is_complete": false, "task_id": "returnToShip"}, {"is_complete": false, "task_id": "runExperiment"}, {"is_complete": false, "task_id": "reportBack"}], "time_since_launch": 224.66}	56
"26073112312081961"	"AQUALAB"	"2026-07-31T19:35:06.316000+00:00"	"script_line_displayed"	{"node_id": "job.kelp-welcome.start", "server_time": "2026-07-31T14:35:06+00:00", "speaker": "", "text_string": "Of course. Your sister would've wanted you to have it."}	"GAME"	"120"	"production"	"6"	"UTC-07:00"	"AbundantBank"	{}	{"job_argumentation": 1, "job_experimentation": 1, "job_modeling": 0, "job_name": "kelp-welcome", "money": 100, "region": "KelpStation", "scene_type": "station-interior", "science_level": 1, "science_points": 0, "site": "RS-Kelp", "task_list": [{"is_complete": false, "task_id": "gotoSiteC"}, {"is_complete": false, "task_id": "scanGiantKelp"}, {"is_complete": false, "task_id": "scanUrchin"}, {"is_complete": false, "task_id": "scanOtter"}, {"is_complete": false, "task_id": "returnToShip"}, {"is_complete": false, "task_id": "runExperiment"}, {"is_complete": false, "task_id": "reportBack"}], "time_since_launch": 226.58}	57
"26073112312081961"	"AQUALAB"	"2026-07-31T19:35:08.148000+00:00"	"script_line_displayed"	{"node_id": "job.kelp-welcome.start", "server_time": "2026-07-31T14:35:08+00:00", "speaker": "", "text_string": "The data on your new ID card will give you clearance."}	"GAME"	"120"	"production"	"6"	"UTC-07:00"	"AbundantBank"	{}	{"job_argumentation": 1, "job_experimentation": 1, "job_modeling": 0, "job_name": "kelp-welcome", "money": 100, "region": "KelpStation", "scene_type": "station-interior", "science_level": 1, "science_points": 0, "site": "RS-Kelp", "task_list": [{"is_complete": false, "task_id": "gotoSiteC"}, {"is_complete": false, "task_id": "scanGiantKelp"}, {"is_complete": false, "task_id": "scanUrchin"}, {"is_complete": false, "task_id": "scanOtter"}, {"is_complete": false, "task_id": "returnToShip"}, {"is_complete": false, "task_id": "runExperiment"}, {"is_complete": false, "task_id": "reportBack"}], "time_since_launch": 228.41}	58
"26073112312081961"	"AQUALAB"	"2026-07-31T19:35:09.165000+00:00"	"script_line_displayed"	{"node_id": "job.kelp-welcome.start", "server_time": "2026-07-31T14:35:09+00:00", "speaker": "", "text_string": "Just make sure not to lose your card, or the whole ship will power down."}	"GAME"	"120"	"production"	"6"	"UTC-07:00"	"AbundantBank"	{}	{"job_argumentation": 1, "job_experimentation": 1, "job_modeling": 0, "job_name": "kelp-welcome", "money": 100, "region": "KelpStation", "scene_type": "station-interior", "science_level": 1, "science_points": 0, "site": "RS-Kelp", "task_list": [{"is_complete": false, "task_id": "gotoSiteC"}, {"is_complete": false, "task_id": "scanGiantKelp"}, {"is_complete": false, "task_id": "scanUrchin"}, {"is_complete": false, "task_id": "scanOtter"}, {"is_complete": false, "task_id": "returnToShip"}, {"is_complete": false, "task_id": "runExperiment"}, {"is_complete": false, "task_id": "reportBack"}], "time_since_launch": 229.43}	59
"26073112312081961"	"AQUALAB"	"2026-07-31T19:35:09.482000+00:00"	"script_line_displayed"	{"node_id": "job.kelp-welcome.start", "server_time": "2026-07-31T14:35:09+00:00", "speaker": "", "text_string": "Got it. Gracias, Mom."}	"GAME"	"120"	"production"	"6"	"UTC-07:00"	"AbundantBank"	{}	{"job_argumentation": 1, "job_experimentation": 1, "job_modeling": 0, "job_name": "kelp-welcome", "money": 100, "region": "KelpStation", "scene_type": "station-interior", "science_level": 1, "science_points": 0, "site": "RS-Kelp", "task_list": [{"is_complete": false, "task_id": "gotoSiteC"}, {"is_complete": false, "task_id": "scanGiantKelp"}, {"is_complete": false, "task_id": "scanUrchin"}, {"is_complete": false, "task_id": "scanOtter"}, {"is_complete": false, "task_id": "returnToShip"}, {"is_complete": false, "task_id": "runExperiment"}, {"is_complete": false, "task_id": "reportBack"}], "time_since_launch": 229.74}	60
"26073112312081961"	"AQUALAB"	"2026-07-31T19:35:32.647000+00:00"	"room_changed"	{"room_name": "Station", "server_time": "2026-07-31T14:35:33+00:00"}	"GAME"	"120"	"production"	"6"	"UTC-07:00"	"AbundantBank"	{}	{"job_argumentation": 1, "job_experimentation": 1, "job_modeling": 0, "job_name": "kelp-welcome", "money": 100, "region": "KelpStation", "scene_type": "station-interior", "science_level": 1, "science_points": 0, "site": "RS-Kelp", "task_list": [{"is_complete": false, "task_id": "gotoSiteC"}, {"is_complete": false, "task_id": "scanGiantKelp"}, {"is_complete": false, "task_id": "scanUrchin"}, {"is_complete": false, "task_id": "scanOtter"}, {"is_complete": false, "task_id": "returnToShip"}, {"is_complete": false, "task_id": "runExperiment"}, {"is_complete": false, "task_id": "reportBack"}], "time_since_launch": 229.74}	61
"26073112312081961"	"AQUALAB"	"2026-07-31T19:35:36.505000+00:00"	"scene_changed"	{"scene_name": "RS-1C", "server_time": "2026-07-31T14:35:36+00:00"}	"GAME"	"120"	"production"	"6"	"UTC-07:00"	"AbundantBank"	{}	{"job_argumentation": 1, "job_experimentation": 1, "job_modeling": 0, "job_name": "kelp-welcome", "money": 100, "region": "KelpStation", "scene_type": "station-interior", "science_level": 1, "science_points": 0, "site": "RS-Kelp", "task_list": [{"is_complete": false, "task_id": "gotoSiteC"}, {"is_complete": false, "task_id": "scanGiantKelp"}, {"is_complete": false, "task_id": "scanUrchin"}, {"is_complete": false, "task_id": "scanOtter"}, {"is_complete": false, "task_id": "returnToShip"}, {"is_complete": false, "task_id": "runExperiment"}, {"is_complete": false, "task_id": "reportBack"}], "time_since_launch": 252.91}	62
"26073112312081961"	"AQUALAB"	"2026-07-31T19:35:36.505000+00:00"	"complete_task"	{"server_time": "2026-07-31T14:35:36+00:00", "task_id": "gotoSiteC"}	"GAME"	"120"	"production"	"6"	"UTC-07:00"	"AbundantBank"	{}	{"job_argumentation": 1, "job_experimentation": 1, "job_modeling": 0, "job_name": "kelp-welcome", "money": 100, "region": "KelpStation", "scene_type": "dive-site", "science_level": 1, "science_points": 0, "site": "RS-1C", "task_list": [{"is_complete": false, "task_id": "gotoSiteC"}, {"is_complete": false, "task_id": "scanGiantKelp"}, {"is_complete": false, "task_id": "scanUrchin"}, {"is_complete": false, "task_id": "scanOtter"}, {"is_complete": false, "task_id": "returnToShip"}, {"is_complete": false, "task_id": "runExperiment"}, {"is_complete": false, "task_id": "reportBack"}], "time_since_launch": 256.77}	63
"26073112312081961"	"AQUALAB"	"2026-07-31T19:35:36.507000+00:00"	"script_began"	{"node_id": "job.kelp-welcome.diveSite", "server_time": "2026-07-31T14:35:36+00:00"}	"GAME"	"120"	"production"	"6"	"UTC-07:00"	"AbundantBank"	{}	{"job_argumentation": 1, "job_experimentation": 1, "job_modeling": 0, "job_name": "kelp-welcome", "money": 100, "region": "KelpStation", "scene_type": "dive-site", "science_level": 1, "science_points": 0, "site": "RS-1C", "task_list": [{"is_complete": true, "task_id": "gotoSiteC"}, {"is_complete": false, "task_id": "scanGiantKelp"}, {"is_complete": false, "task_id": "scanUrchin"}, {"is_complete": false, "task_id": "scanOtter"}, {"is_complete": false, "task_id": "returnToShip"}, {"is_complete": false, "task_id": "runExperiment"}, {"is_complete": false, "task_id": "reportBack"}], "time_since_launch": 256.77}	64
"26073112312081961"	"AQUALAB"	"2026-07-31T19:35:38.631000+00:00"	"script_line_displayed"	{"node_id": "job.kelp-welcome.diveSite", "server_time": "2026-07-31T14:35:38+00:00", "speaker": "", "text_string": "Greetings! I am your onboard A.I."}	"GAME"	"120"	"production"	"6"	"UTC-07:00"	"AbundantBank"	{}	{"job_argumentation": 1, "job_experimentation": 1, "job_modeling": 0, "job_name": "kelp-welcome", "money": 100, "region": "KelpStation", "scene_type": "dive-site", "science_level": 1, "science_points": 0, "site": "RS-1C", "task_list": [{"is_complete": true, "task_id": "gotoSiteC"}, {"is_complete": false, "task_id": "scanGiantKelp"}, {"is_complete": false, "task_id": "scanUrchin"}, {"is_complete": false, "task_id": "scanOtter"}, {"is_complete": false, "task_id": "returnToShip"}, {"is_complete": false, "task_id": "runExperiment"}, {"is_complete": false, "task_id": "reportBack"}], "time_since_launch": 258.89}	65
"26073112312081961"	"AQUALAB"	"2026-07-31T19:35:42.148000+00:00"	"script_line_displayed"	{"node_id": "job.kelp-welcome.diveSite", "server_time": "2026-07-31T14:35:42+00:00", "speaker": "", "text_string": "My name is Version 1 Conscious Terminal Onboard Representative."}	"GAME"	"120"	"production"	"6"	"UTC-07:00"	"AbundantBank"	{}	{"job_argumentation": 1, "job_experimentation": 1, "job_modeling": 0, "job_name": "kelp-welcome", "money": 100, "region": "KelpStation", "scene_type": "dive-site", "science_level": 1, "science_points": 0, "site": "RS-1C", "task_list": [{"is_complete": true, "task_id": "gotoSiteC"}, {"is_complete": false, "task_id": "scanGiantKelp"}, {"is_complete": false, "task_id": "scanUrchin"}, {"is_complete": false, "task_id": "scanOtter"}, {"is_complete": false, "task_id": "returnToShip"}, {"is_complete": false, "task_id": "runExperiment"}, {"is_complete": false, "task_id": "reportBack"}], "time_since_launch": 262.41}	66
"26073112312081961"	"AQUALAB"	"2026-07-31T19:35:43.248000+00:00"	"script_line_displayed"	{"node_id": "job.kelp-welcome.diveSite", "server_time": "2026-07-31T14:35:43+00:00", "speaker": "", "text_string": "But you can call me V1ct0r."}	"GAME"	"120"	"production"	"6"	"UTC-07:00"	"AbundantBank"	{}	{"job_argumentation": 1, "job_experimentation": 1, "job_modeling": 0, "job_name": "kelp-welcome", "money": 100, "region": "KelpStation", "scene_type": "dive-site", "science_level": 1, "science_points": 0, "site": "RS-1C", "task_list": [{"is_complete": true, "task_id": "gotoSiteC"}, {"is_complete": false, "task_id": "scanGiantKelp"}, {"is_complete": false, "task_id": "scanUrchin"}, {"is_complete": false, "task_id": "scanOtter"}, {"is_complete": false, "task_id": "returnToShip"}, {"is_complete": false, "task_id": "runExperiment"}, {"is_complete": false, "task_id": "reportBack"}], "time_since_launch": 263.51}	67
"26073112312081961"	"AQUALAB"	"2026-07-31T19:35:43.981000+00:00"	"script_line_displayed"	{"node_id": "job.kelp-welcome.diveSite", "server_time": "2026-07-31T14:35:44+00:00", "speaker": "", "text_string": "What should I call you?"}	"GAME"	"120"	"production"	"6"	"UTC-07:00"	"AbundantBank"	{}	{"job_argumentation": 1, "job_experimentation": 1, "job_modeling": 0, "job_name": "kelp-welcome", "money": 100, "region": "KelpStation", "scene_type": "dive-site", "science_level": 1, "science_points": 0, "site": "RS-1C", "task_list": [{"is_complete": true, "task_id": "gotoSiteC"}, {"is_complete": false, "task_id": "scanGiantKelp"}, {"is_complete": false, "task_id": "scanUrchin"}, {"is_complete": false, "task_id": "scanOtter"}, {"is_complete": false, "task_id": "returnToShip"}, {"is_complete": false, "task_id": "runExperiment"}, {"is_complete": false, "task_id": "reportBack"}], "time_since_launch": 264.24}	68
"26073112312081961"	"AQUALAB"	"2026-07-31T19:35:44.597000+00:00"	"script_line_displayed"	{"node_id": "job.kelp-welcome.diveSite", "server_time": "2026-07-31T14:35:44+00:00", "speaker": "", "text_string": "Oh... my name's Olivia Ramirez, but my friends call me O."}	"GAME"	"120"	"production"	"6"	"UTC-07:00"	"AbundantBank"	{}	{"job_argumentation": 1, "job_experimentation": 1, "job_modeling": 0, "job_name": "kelp-welcome", "money": 100, "region": "KelpStation", "scene_type": "dive-site", "science_level": 1, "science_points": 0, "site": "RS-1C", "task_list": [{"is_complete": true, "task_id": "gotoSiteC"}, {"is_complete": false, "task_id": "scanGiantKelp"}, {"is_complete": false, "task_id": "scanUrchin"}, {"is_complete": false, "task_id": "scanOtter"}, {"is_complete": false, "task_id": "returnToShip"}, {"is_complete": false, "task_id": "runExperiment"}, {"is_complete": false, "task_id": "reportBack"}], "time_since_launch": 264.86}	69
"26073112312081961"	"AQUALAB"	"2026-07-31T19:35:46.415000+00:00"	"script_line_displayed"	{"node_id": "job.kelp-welcome.diveSite", "server_time": "2026-07-31T14:35:46+00:00", "speaker": "", "text_string": "So... what should we do first, V1ct0r?"}	"GAME"	"120"	"production"	"6"	"UTC-07:00"	"AbundantBank"	{}	{"job_argumentation": 1, "job_experimentation": 1, "job_modeling": 0, "job_name": "kelp-welcome", "money": 100, "region": "KelpStation", "scene_type": "dive-site", "science_level": 1, "science_points": 0, "site": "RS-1C", "task_list": [{"is_complete": true, "task_id": "gotoSiteC"}, {"is_complete": false, "task_id": "scanGiantKelp"}, {"is_complete": false, "task_id": "scanUrchin"}, {"is_complete": false, "task_id": "scanOtter"}, {"is_complete": false, "task_id": "returnToShip"}, {"is_complete": false, "task_id": "runExperiment"}, {"is_complete": false, "task_id": "reportBack"}], "time_since_launch": 266.68}	70
"26073112312081961"	"AQUALAB"	"2026-07-31T19:35:48.764000+00:00"	"script_line_displayed"	{"node_id": "job.kelp-welcome.diveSite", "server_time": "2026-07-31T14:35:49+00:00", "speaker": "", "text_string": "First, we will need to collect some data. My favorite!!!"}	"GAME"	"120"	"production"	"6"	"UTC-07:00"	"AbundantBank"	{}	{"job_argumentation": 1, "job_experimentation": 1, "job_modeling": 0, "job_name": "kelp-welcome", "money": 100, "region": "KelpStation", "scene_type": "dive-site", "science_level": 1, "science_points": 0, "site": "RS-1C", "task_list": [{"is_complete": true, "task_id": "gotoSiteC"}, {"is_complete": false, "task_id": "scanGiantKelp"}, {"is_complete": false, "task_id": "scanUrchin"}, {"is_complete": false, "task_id": "scanOtter"}, {"is_complete": false, "task_id": "returnToShip"}, {"is_complete": false, "task_id": "runExperiment"}, {"is_complete": false, "task_id": "reportBack"}], "time_since_launch": 269.03}	71
"26073112312081961"	"AQUALAB"	"2026-07-31T19:35:50.514000+00:00"	"script_line_displayed"	{"node_id": "job.kelp-welcome.diveSite", "server_time": "2026-07-31T14:35:50+00:00", "speaker": "", "text_string": "Use your Scanner to identify all the species here at the Forested Lagoon."}	"GAME"	"120"	"production"	"6"	"UTC-07:00"	"AbundantBank"	{}	{"job_argumentation": 1, "job_experimentation": 1, "job_modeling": 0, "job_name": "kelp-welcome", "money": 100, "region": "KelpStation", "scene_type": "dive-site", "science_level": 1, "science_points": 0, "site": "RS-1C", "task_list": [{"is_complete": true, "task_id": "gotoSiteC"}, {"is_complete": false, "task_id": "scanGiantKelp"}, {"is_complete": false, "task_id": "scanUrchin"}, {"is_complete": false, "task_id": "scanOtter"}, {"is_complete": false, "task_id": "returnToShip"}, {"is_complete": false, "task_id": "runExperiment"}, {"is_complete": false, "task_id": "reportBack"}], "time_since_launch": 270.78}	72
"26073112312081961"	"AQUALAB"	"2026-07-31T19:35:51.631000+00:00"	"purchase_upgrade"	{"cost": 0, "item_id": "@BE07D45E", "item_name": "ROVScanner", "server_time": "2026-07-31T14:35:51+00:00"}	"GAME"	"120"	"production"	"6"	"UTC-07:00"	"AbundantBank"	{}	{"job_argumentation": 1, "job_experimentation": 1, "job_modeling": 0, "job_name": "kelp-welcome", "money": 100, "region": "KelpStation", "scene_type": "dive-site", "science_level": 1, "science_points": 0, "site": "RS-1C", "task_list": [{"is_complete": true, "task_id": "gotoSiteC"}, {"is_complete": false, "task_id": "scanGiantKelp"}, {"is_complete": false, "task_id": "scanUrchin"}, {"is_complete": false, "task_id": "scanOtter"}, {"is_complete": false, "task_id": "returnToShip"}, {"is_complete": false, "task_id": "runExperiment"}, {"is_complete": false, "task_id": "reportBack"}], "time_since_launch": 271.89}	73
"26073112312081961"	"AQUALAB"	"2026-07-31T19:35:51.632000+00:00"	"script_line_displayed"	{"node_id": "job.kelp-welcome.diveSite", "server_time": "2026-07-31T14:35:51+00:00", "speaker": "", "text_string": "Click the red targets to ID a new plant or animal!"}	"GAME"	"120"	"production"	"6"	"UTC-07:00"	"AbundantBank"	{}	{"job_argumentation": 1, "job_experimentation": 1, "job_modeling": 0, "job_name": "kelp-welcome", "money": 100, "region": "KelpStation", "scene_type": "dive-site", "science_level": 1, "science_points": 0, "site": "RS-1C", "task_list": [{"is_complete": true, "task_id": "gotoSiteC"}, {"is_complete": false, "task_id": "scanGiantKelp"}, {"is_complete": false, "task_id": "scanUrchin"}, {"is_complete": false, "task_id": "scanOtter"}, {"is_complete": false, "task_id": "returnToShip"}, {"is_complete": false, "task_id": "runExperiment"}, {"is_complete": false, "task_id": "reportBack"}], "time_since_launch": 271.89}	74
"26073112312081961"	"AQUALAB"	"2026-07-31T19:35:52.981000+00:00"	"script_line_displayed"	{"node_id": "job.kelp-welcome.diveSite", "server_time": "2026-07-31T14:35:53+00:00", "speaker": "", "text_string": "Talk to V1ct0r by clicking the button with the eyes here.\n\nHe can help if you get stuck! \n\nYou can also talk to him by pressing [Q]."}	"GAME"	"120"	"production"	"6"	"UTC-07:00"	"AbundantBank"	{}	{"job_argumentation": 1, "job_experimentation": 1, "job_modeling": 0, "job_name": "kelp-welcome", "money": 100, "region": "KelpStation", "scene_type": "dive-site", "science_level": 1, "science_points": 0, "site": "RS-1C", "task_list": [{"is_complete": true, "task_id": "gotoSiteC"}, {"is_complete": false, "task_id": "scanGiantKelp"}, {"is_complete": false, "task_id": "scanUrchin"}, {"is_complete": false, "task_id": "scanOtter"}, {"is_complete": false, "task_id": "returnToShip"}, {"is_complete": false, "task_id": "runExperiment"}, {"is_complete": false, "task_id": "reportBack"}], "time_since_launch": 273.24}	75
"26073112312081961"	"AQUALAB"	"2026-07-31T19:35:56.497000+00:00"	"receive_entity"	{"entity_id": "WarmKelpForest", "server_time": "2026-07-31T14:35:56+00:00"}	"GAME"	"120"	"production"	"6"	"UTC-07:00"	"AbundantBank"	{}	{"job_argumentation": 1, "job_experimentation": 1, "job_modeling": 0, "job_name": "kelp-welcome", "money": 100, "region": "KelpStation", "scene_type": "dive-site", "science_level": 1, "science_points": 0, "site": "RS-1C", "task_list": [{"is_complete": true, "task_id": "gotoSiteC"}, {"is_complete": false, "task_id": "scanGiantKelp"}, {"is_complete": false, "task_id": "scanUrchin"}, {"is_complete": false, "task_id": "scanOtter"}, {"is_complete": false, "task_id": "returnToShip"}, {"is_complete": false, "task_id": "runExperiment"}, {"is_complete": false, "task_id": "reportBack"}], "time_since_launch": 276.76}	76
"26073112312081961"	"AQUALAB"	"2026-07-31T19:36:06.681000+00:00"	"open_status"	{"server_time": "2026-07-31T14:36:07+00:00"}	"GAME"	"120"	"production"	"6"	"UTC-07:00"	"AbundantBank"	{}	{"job_argumentation": 1, "job_experimentation": 1, "job_modeling": 0, "job_name": "kelp-welcome", "money": 100, "region": "KelpStation", "scene_type": "dive-site", "science_level": 1, "science_points": 0, "site": "RS-1C", "task_list": [{"is_complete": true, "task_id": "gotoSiteC"}, {"is_complete": false, "task_id": "scanGiantKelp"}, {"is_complete": false, "task_id": "scanUrchin"}, {"is_complete": false, "task_id": "scanOtter"}, {"is_complete": false, "task_id": "returnToShip"}, {"is_complete": false, "task_id": "runExperiment"}, {"is_complete": false, "task_id": "reportBack"}], "time_since_launch": 286.94}	77
"26073112312081961"	"AQUALAB"	"2026-07-31T19:36:06.681000+00:00"	"status_open_job_tab"	{"server_time": "2026-07-31T14:36:07+00:00"}	"GAME"	"120"	"production"	"6"	"UTC-07:00"	"AbundantBank"	{}	{"job_argumentation": 1, "job_experimentation": 1, "job_modeling": 0, "job_name": "kelp-welcome", "money": 100, "region": "KelpStation", "scene_type": "dive-site", "science_level": 1, "science_points": 0, "site": "RS-1C", "task_list": [{"is_complete": true, "task_id": "gotoSiteC"}, {"is_complete": false, "task_id": "scanGiantKelp"}, {"is_complete": false, "task_id": "scanUrchin"}, {"is_complete": false, "task_id": "scanOtter"}, {"is_complete": false, "task_id": "returnToShip"}, {"is_complete": false, "task_id": "runExperiment"}, {"is_complete": false, "task_id": "reportBack"}], "time_since_launch": 286.94}	78
"26073112312081961"	"AQUALAB"	"2026-07-31T19:36:06.681000+00:00"	"status_open_job_tab"	{"server_time": "2026-07-31T14:36:07+00:00"}	"GAME"	"120"	"production"	"6"	"UTC-07:00"	"AbundantBank"	{}	{"job_argumentation": 1, "job_experimentation": 1, "job_modeling": 0, "job_name": "kelp-welcome", "money": 100, "region": "KelpStation", "scene_type": "dive-site", "science_level": 1, "science_points": 0, "site": "RS-1C", "task_list": [{"is_complete": true, "task_id": "gotoSiteC"}, {"is_complete": false, "task_id": "scanGiantKelp"}, {"is_complete": false, "task_id": "scanUrchin"}, {"is_complete": false, "task_id": "scanOtter"}, {"is_complete": false, "task_id": "returnToShip"}, {"is_complete": false, "task_id": "runExperiment"}, {"is_complete": false, "task_id": "reportBack"}], "time_since_launch": 286.94}	79
"26073112312081961"	"AQUALAB"	"2026-07-31T19:36:13.831000+00:00"	"close_status"	{"server_time": "2026-07-31T14:36:14+00:00"}	"GAME"	"120"	"production"	"6"	"UTC-07:00"	"AbundantBank"	{}	{"job_argumentation": 1, "job_experimentation": 1, "job_modeling": 0, "job_name": "kelp-welcome", "money": 100, "region": "KelpStation", "scene_type": "dive-site", "science_level": 1, "science_points": 0, "site": "RS-1C", "task_list": [{"is_complete": true, "task_id": "gotoSiteC"}, {"is_complete": false, "task_id": "scanGiantKelp"}, {"is_complete": false, "task_id": "scanUrchin"}, {"is_complete": false, "task_id": "scanOtter"}, {"is_complete": false, "task_id": "returnToShip"}, {"is_complete": false, "task_id": "runExperiment"}, {"is_complete": false, "task_id": "reportBack"}], "time_since_launch": 294.09}	80
"26073112312081961"	"AQUALAB"	"2026-07-31T19:36:19.482000+00:00"	"complete_task"	{"server_time": "2026-07-31T14:36:19+00:00", "task_id": "scanUrchin"}	"GAME"	"120"	"production"	"6"	"UTC-07:00"	"AbundantBank"	{}	{"job_argumentation": 1, "job_experimentation": 1, "job_modeling": 0, "job_name": "kelp-welcome", "money": 100, "region": "KelpStation", "scene_type": "dive-site", "science_level": 1, "science_points": 0, "site": "RS-1C", "task_list": [{"is_complete": true, "task_id": "gotoSiteC"}, {"is_complete": false, "task_id": "scanGiantKelp"}, {"is_complete": false, "task_id": "scanUrchin"}, {"is_complete": false, "task_id": "scanOtter"}, {"is_complete": false, "task_id": "returnToShip"}, {"is_complete": false, "task_id": "runExperiment"}, {"is_complete": false, "task_id": "reportBack"}], "time_since_launch": 299.74}	81
"26073112312081961"	"AQUALAB"	"2026-07-31T19:36:19.482000+00:00"	"receive_entity"	{"entity_id": "Urchin", "server_time": "2026-07-31T14:36:19+00:00"}	"GAME"	"120"	"production"	"6"	"UTC-07:00"	"AbundantBank"	{}	{"job_argumentation": 1, "job_experimentation": 1, "job_modeling": 0, "job_name": "kelp-welcome", "money": 100, "region": "KelpStation", "scene_type": "dive-site", "science_level": 1, "science_points": 0, "site": "RS-1C", "task_list": [{"is_complete": true, "task_id": "gotoSiteC"}, {"is_complete": false, "task_id": "scanGiantKelp"}, {"is_complete": true, "task_id": "scanUrchin"}, {"is_complete": false, "task_id": "scanOtter"}, {"is_complete": false, "task_id": "returnToShip"}, {"is_complete": false, "task_id": "runExperiment"}, {"is_complete": false, "task_id": "reportBack"}], "time_since_launch": 299.74}	82
"26073112312081961"	"AQUALAB"	"2026-07-31T19:36:26.664000+00:00"	"complete_task"	{"server_time": "2026-07-31T14:36:27+00:00", "task_id": "scanOtter"}	"GAME"	"120"	"production"	"6"	"UTC-07:00"	"AbundantBank"	{}	{"job_argumentation": 1, "job_experimentation": 1, "job_modeling": 0, "job_name": "kelp-welcome", "money": 100, "region": "KelpStation", "scene_type": "dive-site", "science_level": 1, "science_points": 0, "site": "RS-1C", "task_list": [{"is_complete": true, "task_id": "gotoSiteC"}, {"is_complete": false, "task_id": "scanGiantKelp"}, {"is_complete": true, "task_id": "scanUrchin"}, {"is_complete": false, "task_id": "scanOtter"}, {"is_complete": false, "task_id": "returnToShip"}, {"is_complete": false, "task_id": "runExperiment"}, {"is_complete": false, "task_id": "reportBack"}], "time_since_launch": 306.93}	83
"26073112312081961"	"AQUALAB"	"2026-07-31T19:36:26.664000+00:00"	"receive_entity"	{"entity_id": "SeaOtter", "server_time": "2026-07-31T14:36:27+00:00"}	"GAME"	"120"	"production"	"6"	"UTC-07:00"	"AbundantBank"	{}	{"job_argumentation": 1, "job_experimentation": 1, "job_modeling": 0, "job_name": "kelp-welcome", "money": 100, "region": "KelpStation", "scene_type": "dive-site", "science_level": 1, "science_points": 0, "site": "RS-1C", "task_list": [{"is_complete": true, "task_id": "gotoSiteC"}, {"is_complete": false, "task_id": "scanGiantKelp"}, {"is_complete": true, "task_id": "scanUrchin"}, {"is_complete": true, "task_id": "scanOtter"}, {"is_complete": false, "task_id": "returnToShip"}, {"is_complete": false, "task_id": "runExperiment"}, {"is_complete": false, "task_id": "reportBack"}], "time_since_launch": 306.93}	84
"26073112312081961"	"AQUALAB"	"2026-07-31T19:36:45.265000+00:00"	"receive_entity"	{"entity_id": "Mussel", "server_time": "2026-07-31T14:36:45+00:00"}	"GAME"	"120"	"production"	"6"	"UTC-07:00"	"AbundantBank"	{}	{"job_argumentation": 1, "job_experimentation": 1, "job_modeling": 0, "job_name": "kelp-welcome", "money": 100, "region": "KelpStation", "scene_type": "dive-site", "science_level": 1, "science_points": 0, "site": "RS-1C", "task_list": [{"is_complete": true, "task_id": "gotoSiteC"}, {"is_complete": false, "task_id": "scanGiantKelp"}, {"is_complete": true, "task_id": "scanUrchin"}, {"is_complete": true, "task_id": "scanOtter"}, {"is_complete": false, "task_id": "returnToShip"}, {"is_complete": false, "task_id": "runExperiment"}, {"is_complete": false, "task_id": "reportBack"}], "time_since_launch": 325.53}	85
"26073112312081961"	"AQUALAB"	"2026-07-31T19:36:53.647000+00:00"	"script_began"	{"node_id": "job.kelp-welcome.helpAtSiteC", "server_time": "2026-07-31T14:36:54+00:00"}	"GAME"	"120"	"production"	"6"	"UTC-07:00"	"AbundantBank"	{}	{"job_argumentation": 1, "job_experimentation": 1, "job_modeling": 0, "job_name": "kelp-welcome", "money": 100, "region": "KelpStation", "scene_type": "dive-site", "science_level": 1, "science_points": 0, "site": "RS-1C", "task_list": [{"is_complete": true, "task_id": "gotoSiteC"}, {"is_complete": false, "task_id": "scanGiantKelp"}, {"is_complete": true, "task_id": "scanUrchin"}, {"is_complete": true, "task_id": "scanOtter"}, {"is_complete": false, "task_id": "returnToShip"}, {"is_complete": false, "task_id": "runExperiment"}, {"is_complete": false, "task_id": "reportBack"}], "time_since_launch": 333.91}	86
"26073112312081961"	"AQUALAB"	"2026-07-31T19:36:53.648000+00:00"	"ask_for_help"	{"node_id": "job.kelp-welcome.helpAtSiteC", "server_time": "2026-07-31T14:36:54+00:00"}	"GAME"	"120"	"production"	"6"	"UTC-07:00"	"AbundantBank"	{}	{"job_argumentation": 1, "job_experimentation": 1, "job_modeling": 0, "job_name": "kelp-welcome", "money": 100, "region": "KelpStation", "scene_type": "dive-site", "science_level": 1, "science_points": 0, "site": "RS-1C", "task_list": [{"is_complete": true, "task_id": "gotoSiteC"}, {"is_complete": false, "task_id": "scanGiantKelp"}, {"is_complete": true, "task_id": "scanUrchin"}, {"is_complete": true, "task_id": "scanOtter"}, {"is_complete": false, "task_id": "returnToShip"}, {"is_complete": false, "task_id": "runExperiment"}, {"is_complete": false, "task_id": "reportBack"}], "time_since_launch": 333.91}	87
"26073112312081961"	"AQUALAB"	"2026-07-31T19:36:53.649000+00:00"	"script_line_displayed"	{"node_id": "job.kelp-welcome.helpAtSiteC", "server_time": "2026-07-31T14:36:54+00:00", "speaker": "", "text_string": "What now?"}	"GAME"	"120"	"production"	"6"	"UTC-07:00"	"AbundantBank"	{}	{"job_argumentation": 1, "job_experimentation": 1, "job_modeling": 0, "job_name": "kelp-welcome", "money": 100, "region": "KelpStation", "scene_type": "dive-site", "science_level": 1, "science_points": 0, "site": "RS-1C", "task_list": [{"is_complete": true, "task_id": "gotoSiteC"}, {"is_complete": false, "task_id": "scanGiantKelp"}, {"is_complete": true, "task_id": "scanUrchin"}, {"is_complete": true, "task_id": "scanOtter"}, {"is_complete": false, "task_id": "returnToShip"}, {"is_complete": false, "task_id": "runExperiment"}, {"is_complete": false, "task_id": "reportBack"}], "time_since_launch": 333.91}	88
"26073112312081961"	"AQUALAB"	"2026-07-31T19:36:55.662000+00:00"	"script_line_displayed"	{"node_id": "job.kelp-welcome.helpAtSiteC", "server_time": "2026-07-31T14:36:56+00:00", "speaker": "", "text_string": "According to your task list in AQOS, you must scan all the species here at Site C!"}	"GAME"	"120"	"production"	"6"	"UTC-07:00"	"AbundantBank"	{}	{"job_argumentation": 1, "job_experimentation": 1, "job_modeling": 0, "job_name": "kelp-welcome", "money": 100, "region": "KelpStation", "scene_type": "dive-site", "science_level": 1, "science_points": 0, "site": "RS-1C", "task_list": [{"is_complete": true, "task_id": "gotoSiteC"}, {"is_complete": false, "task_id": "scanGiantKelp"}, {"is_complete": true, "task_id": "scanUrchin"}, {"is_complete": true, "task_id": "scanOtter"}, {"is_complete": false, "task_id": "returnToShip"}, {"is_complete": false, "task_id": "runExperiment"}, {"is_complete": false, "task_id": "reportBack"}], "time_since_launch": 335.92}	89
"26073112312081961"	"AQUALAB"	"2026-07-31T19:36:58.246000+00:00"	"script_line_displayed"	{"node_id": "job.kelp-welcome.helpAtSiteC", "server_time": "2026-07-31T14:36:58+00:00", "speaker": "", "text_string": "You appear to be missing some. Better keep looking."}	"GAME"	"120"	"production"	"6"	"UTC-07:00"	"AbundantBank"	{}	{"job_argumentation": 1, "job_experimentation": 1, "job_modeling": 0, "job_name": "kelp-welcome", "money": 100, "region": "KelpStation", "scene_type": "dive-site", "science_level": 1, "science_points": 0, "site": "RS-1C", "task_list": [{"is_complete": true, "task_id": "gotoSiteC"}, {"is_complete": false, "task_id": "scanGiantKelp"}, {"is_complete": true, "task_id": "scanUrchin"}, {"is_complete": true, "task_id": "scanOtter"}, {"is_complete": false, "task_id": "returnToShip"}, {"is_complete": false, "task_id": "runExperiment"}, {"is_complete": false, "task_id": "reportBack"}], "time_since_launch": 338.51}	90
"26073112312081961"	"AQUALAB"	"2026-07-31T19:37:12.448000+00:00"	"complete_task"	{"server_time": "2026-07-31T14:37:12+00:00", "task_id": "scanGiantKelp"}	"GAME"	"120"	"production"	"6"	"UTC-07:00"	"AbundantBank"	{}	{"job_argumentation": 1, "job_experimentation": 1, "job_modeling": 0, "job_name": "kelp-welcome", "money": 100, "region": "KelpStation", "scene_type": "dive-site", "science_level": 1, "science_points": 0, "site": "RS-1C", "task_list": [{"is_complete": true, "task_id": "gotoSiteC"}, {"is_complete": false, "task_id": "scanGiantKelp"}, {"is_complete": true, "task_id": "scanUrchin"}, {"is_complete": true, "task_id": "scanOtter"}, {"is_complete": false, "task_id": "returnToShip"}, {"is_complete": false, "task_id": "runExperiment"}, {"is_complete": false, "task_id": "reportBack"}], "time_since_launch": 352.71}	91
"26073112312081961"	"AQUALAB"	"2026-07-31T19:37:12.448000+00:00"	"receive_entity"	{"entity_id": "GiantKelp", "server_time": "2026-07-31T14:37:12+00:00"}	"GAME"	"120"	"production"	"6"	"UTC-07:00"	"AbundantBank"	{}	{"job_argumentation": 1, "job_experimentation": 1, "job_modeling": 0, "job_name": "kelp-welcome", "money": 100, "region": "KelpStation", "scene_type": "dive-site", "science_level": 1, "science_points": 0, "site": "RS-1C", "task_list": [{"is_complete": true, "task_id": "gotoSiteC"}, {"is_complete": true, "task_id": "scanGiantKelp"}, {"is_complete": true, "task_id": "scanUrchin"}, {"is_complete": true, "task_id": "scanOtter"}, {"is_complete": false, "task_id": "returnToShip"}, {"is_complete": false, "task_id": "runExperiment"}, {"is_complete": false, "task_id": "reportBack"}], "time_since_launch": 352.71}	92
"26073112312081961"	"AQUALAB"	"2026-07-31T19:37:14.947000+00:00"	"script_began"	{"node_id": "job.kelp-welcome.navigation.goBackUp", "server_time": "2026-07-31T14:37:15+00:00"}	"GAME"	"120"	"production"	"6"	"UTC-07:00"	"AbundantBank"	{}	{"job_argumentation": 1, "job_experimentation": 1, "job_modeling": 0, "job_name": "kelp-welcome", "money": 100, "region": "KelpStation", "scene_type": "dive-site", "science_level": 1, "science_points": 0, "site": "RS-1C", "task_list": [{"is_complete": true, "task_id": "gotoSiteC"}, {"is_complete": true, "task_id": "scanGiantKelp"}, {"is_complete": true, "task_id": "scanUrchin"}, {"is_complete": true, "task_id": "scanOtter"}, {"is_complete": false, "task_id": "returnToShip"}, {"is_complete": false, "task_id": "runExperiment"}, {"is_complete": false, "task_id": "reportBack"}], "time_since_launch": 355.21}	93
"26073112312081961"	"AQUALAB"	"2026-07-31T19:37:14.964000+00:00"	"script_line_displayed"	{"node_id": "job.kelp-welcome.navigation.goBackUp", "server_time": "2026-07-31T14:37:15+00:00", "speaker": "", "text_string": "You have scanned all the local species..."}	"GAME"	"120"	"production"	"6"	"UTC-07:00"	"AbundantBank"	{}	{"job_argumentation": 1, "job_experimentation": 1, "job_modeling": 0, "job_name": "kelp-welcome", "money": 100, "region": "KelpStation", "scene_type": "dive-site", "science_level": 1, "science_points": 0, "site": "RS-1C", "task_list": [{"is_complete": true, "task_id": "gotoSiteC"}, {"is_complete": true, "task_id": "scanGiantKelp"}, {"is_complete": true, "task_id": "scanUrchin"}, {"is_complete": true, "task_id": "scanOtter"}, {"is_complete": false, "task_id": "returnToShip"}, {"is_complete": false, "task_id": "runExperiment"}, {"is_complete": false, "task_id": "reportBack"}], "time_since_launch": 355.23}	94
"26073112312081961"	"AQUALAB"	"2026-07-31T19:37:16.345000+00:00"	"script_line_displayed"	{"node_id": "job.kelp-welcome.navigation.goBackUp", "server_time": "2026-07-31T14:37:16+00:00", "speaker": "", "text_string": "And gathered lots of thrilling data!"}	"GAME"	"120"	"production"	"6"	"UTC-07:00"	"AbundantBank"	{}	{"job_argumentation": 1, "job_experimentation": 1, "job_modeling": 0, "job_name": "kelp-welcome", "money": 100, "region": "KelpStation", "scene_type": "dive-site", "science_level": 1, "science_points": 0, "site": "RS-1C", "task_list": [{"is_complete": true, "task_id": "gotoSiteC"}, {"is_complete": true, "task_id": "scanGiantKelp"}, {"is_complete": true, "task_id": "scanUrchin"}, {"is_complete": true, "task_id": "scanOtter"}, {"is_complete": false, "task_id": "returnToShip"}, {"is_complete": false, "task_id": "runExperiment"}, {"is_complete": false, "task_id": "reportBack"}], "time_since_launch": 356.61}	95
"26073112312081961"	"AQUALAB"	"2026-07-31T19:37:17.079000+00:00"	"script_line_displayed"	{"node_id": "job.kelp-welcome.navigation.goBackUp", "server_time": "2026-07-31T14:37:17+00:00", "speaker": "", "text_string": "Now head to the surface and board your new research vessel."}	"GAME"	"120"	"production"	"6"	"UTC-07:00"	"AbundantBank"	{}	{"job_argumentation": 1, "job_experimentation": 1, "job_modeling": 0, "job_name": "kelp-welcome", "money": 100, "region": "KelpStation", "scene_type": "dive-site", "science_level": 1, "science_points": 0, "site": "RS-1C", "task_list": [{"is_complete": true, "task_id": "gotoSiteC"}, {"is_complete": true, "task_id": "scanGiantKelp"}, {"is_complete": true, "task_id": "scanUrchin"}, {"is_complete": true, "task_id": "scanOtter"}, {"is_complete": false, "task_id": "returnToShip"}, {"is_complete": false, "task_id": "runExperiment"}, {"is_complete": false, "task_id": "reportBack"}], "time_since_launch": 357.34}	96
"26073112312081961"	"AQUALAB"	"2026-07-31T19:37:26.373000+00:00"	"scene_changed"	{"scene_name": "KelpStation", "server_time": "2026-07-31T14:37:26+00:00"}	"GAME"	"120"	"production"	"6"	"UTC-07:00"	"AbundantBank"	{}	{"job_argumentation": 1, "job_experimentation": 1, "job_modeling": 0, "job_name": "kelp-welcome", "money": 100, "region": "KelpStation", "scene_type": "dive-site", "science_level": 1, "science_points": 0, "site": "RS-1C", "task_list": [{"is_complete": true, "task_id": "gotoSiteC"}, {"is_complete": true, "task_id": "scanGiantKelp"}, {"is_complete": true, "task_id": "scanUrchin"}, {"is_complete": true, "task_id": "scanOtter"}, {"is_complete": false, "task_id": "returnToShip"}, {"is_complete": false, "task_id": "runExperiment"}, {"is_complete": false, "task_id": "reportBack"}], "time_since_launch": 357.34}	97
"26073112312081961"	"AQUALAB"	"2026-07-31T19:37:26.375000+00:00"	"script_began"	{"node_id": "job.kelp-welcome.navigation.return", "server_time": "2026-07-31T14:37:26+00:00"}	"GAME"	"120"	"production"	"6"	"UTC-07:00"	"AbundantBank"	{}	{"job_argumentation": 1, "job_experimentation": 1, "job_modeling": 0, "job_name": "kelp-welcome", "money": 100, "region": "KelpStation", "scene_type": "surface", "science_level": 1, "science_points": 0, "site": "KelpStation", "task_list": [{"is_complete": true, "task_id": "gotoSiteC"}, {"is_complete": true, "task_id": "scanGiantKelp"}, {"is_complete": true, "task_id": "scanUrchin"}, {"is_complete": true, "task_id": "scanOtter"}, {"is_complete": false, "task_id": "returnToShip"}, {"is_complete": false, "task_id": "runExperiment"}, {"is_complete": false, "task_id": "reportBack"}], "time_since_launch": 366.64}	98
"26073112312081961"	"AQUALAB"	"2026-07-31T19:37:29.037000+00:00"	"script_line_displayed"	{"node_id": "job.kelp-welcome.navigation.return", "server_time": "2026-07-31T14:37:29+00:00", "speaker": "", "text_string": "Wow. Mer's old AquaLab!"}	"GAME"	"120"	"production"	"6"	"UTC-07:00"	"AbundantBank"	{}	{"job_argumentation": 1, "job_experimentation": 1, "job_modeling": 0, "job_name": "kelp-welcome", "money": 100, "region": "KelpStation", "scene_type": "surface", "science_level": 1, "science_points": 0, "site": "KelpStation", "task_list": [{"is_complete": true, "task_id": "gotoSiteC"}, {"is_complete": true, "task_id": "scanGiantKelp"}, {"is_complete": true, "task_id": "scanUrchin"}, {"is_complete": true, "task_id": "scanOtter"}, {"is_complete": false, "task_id": "returnToShip"}, {"is_complete": false, "task_id": "runExperiment"}, {"is_complete": false, "task_id": "reportBack"}], "time_since_launch": 369.3}	99
"26073112312081961"	"AQUALAB"	"2026-07-31T19:37:31.720000+00:00"	"script_line_displayed"	{"node_id": "job.kelp-welcome.navigation.return", "server_time": "2026-07-31T14:37:32+00:00", "speaker": "", "text_string": "How do we get onboard, V1ct0r?"}	"GAME"	"120"	"production"	"6"	"UTC-07:00"	"AbundantBank"	{}	{"job_argumentation": 1, "job_experimentation": 1, "job_modeling": 0, "job_name": "kelp-welcome", "money": 100, "region": "KelpStation", "scene_type": "surface", "science_level": 1, "science_points": 0, "site": "KelpStation", "task_list": [{"is_complete": true, "task_id": "gotoSiteC"}, {"is_complete": true, "task_id": "scanGiantKelp"}, {"is_complete": true, "task_id": "scanUrchin"}, {"is_complete": true, "task_id": "scanOtter"}, {"is_complete": false, "task_id": "returnToShip"}, {"is_complete": false, "task_id": "runExperiment"}, {"is_complete": false, "task_id": "reportBack"}], "time_since_launch": 371.98}	100
"26073112312081961"	"AQUALAB"	"2026-07-31T19:37:33.771000+00:00"	"script_line_displayed"	{"node_id": "job.kelp-welcome.navigation.return", "server_time": "2026-07-31T14:37:34+00:00", "speaker": "", "text_string": "Use your schematic to visit different areas of your ship."}	"GAME"	"120"	"production"	"6"	"UTC-07:00"	"AbundantBank"	{}	{"job_argumentation": 1, "job_experimentation": 1, "job_modeling": 0, "job_name": "kelp-welcome", "money": 100, "region": "KelpStation", "scene_type": "surface", "science_level": 1, "science_points": 0, "site": "KelpStation", "task_list": [{"is_complete": true, "task_id": "gotoSiteC"}, {"is_complete": true, "task_id": "scanGiantKelp"}, {"is_complete": true, "task_id": "scanUrchin"}, {"is_complete": true, "task_id": "scanOtter"}, {"is_complete": false, "task_id": "returnToShip"}, {"is_complete": false, "task_id": "runExperiment"}, {"is_complete": false, "task_id": "reportBack"}], "time_since_launch": 374.03}	101
"26073112312081961"	"AQUALAB"	"2026-07-31T19:37:36.904000+00:00"	"script_line_displayed"	{"node_id": "job.kelp-welcome.navigation.return", "server_time": "2026-07-31T14:37:37+00:00", "speaker": "", "text_string": "Click here to enter the helm!"}	"GAME"	"120"	"production"	"6"	"UTC-07:00"	"AbundantBank"	{}	{"job_argumentation": 1, "job_experimentation": 1, "job_modeling": 0, "job_name": "kelp-welcome", "money": 100, "region": "KelpStation", "scene_type": "surface", "science_level": 1, "science_points": 0, "site": "KelpStation", "task_list": [{"is_complete": true, "task_id": "gotoSiteC"}, {"is_complete": true, "task_id": "scanGiantKelp"}, {"is_complete": true, "task_id": "scanUrchin"}, {"is_complete": true, "task_id": "scanOtter"}, {"is_complete": false, "task_id": "returnToShip"}, {"is_complete": false, "task_id": "runExperiment"}, {"is_complete": false, "task_id": "reportBack"}], "time_since_launch": 377.17}	102
"26073112312081961"	"AQUALAB"	"2026-07-31T19:37:41.383000+00:00"	"room_changed"	{"room_name": "Helm", "server_time": "2026-07-31T14:37:41+00:00"}	"GAME"	"120"	"production"	"6"	"UTC-07:00"	"AbundantBank"	{}	{"job_argumentation": 1, "job_experimentation": 1, "job_modeling": 0, "job_name": "kelp-welcome", "money": 100, "region": "KelpStation", "scene_type": "surface", "science_level": 1, "science_points": 0, "site": "KelpStation", "task_list": [{"is_complete": true, "task_id": "gotoSiteC"}, {"is_complete": true, "task_id": "scanGiantKelp"}, {"is_complete": true, "task_id": "scanUrchin"}, {"is_complete": true, "task_id": "scanOtter"}, {"is_complete": false, "task_id": "returnToShip"}, {"is_complete": false, "task_id": "runExperiment"}, {"is_complete": false, "task_id": "reportBack"}], "time_since_launch": 377.17}	103
"26073112312081961"	"AQUALAB"	"2026-07-31T19:37:41.383000+00:00"	"scene_changed"	{"scene_name": "Helm", "server_time": "2026-07-31T14:37:41+00:00"}	"GAME"	"120"	"production"	"6"	"UTC-07:00"	"AbundantBank"	{}	{"job_argumentation": 1, "job_experimentation": 1, "job_modeling": 0, "job_name": "kelp-welcome", "money": 100, "region": "KelpStation", "scene_type": "surface", "science_level": 1, "science_points": 0, "site": "KelpStation", "task_list": [{"is_complete": true, "task_id": "gotoSiteC"}, {"is_complete": true, "task_id": "scanGiantKelp"}, {"is_complete": true, "task_id": "scanUrchin"}, {"is_complete": true, "task_id": "scanOtter"}, {"is_complete": false, "task_id": "returnToShip"}, {"is_complete": false, "task_id": "runExperiment"}, {"is_complete": false, "task_id": "reportBack"}], "time_since_launch": 381.64}	104
"26073112312081961"	"AQUALAB"	"2026-07-31T19:37:41.384000+00:00"	"complete_task"	{"server_time": "2026-07-31T14:37:41+00:00", "task_id": "returnToShip"}	"GAME"	"120"	"production"	"6"	"UTC-07:00"	"AbundantBank"	{}	{"job_argumentation": 1, "job_experimentation": 1, "job_modeling": 0, "job_name": "kelp-welcome", "money": 100, "region": "KelpStation", "scene_type": "ship", "science_level": 1, "science_points": 0, "site": "Helm", "task_list": [{"is_complete": true, "task_id": "gotoSiteC"}, {"is_complete": true, "task_id": "scanGiantKelp"}, {"is_complete": true, "task_id": "scanUrchin"}, {"is_complete": true, "task_id": "scanOtter"}, {"is_complete": false, "task_id": "returnToShip"}, {"is_complete": false, "task_id": "runExperiment"}, {"is_complete": false, "task_id": "reportBack"}], "time_since_launch": 381.65}	105
"26073112312081961"	"AQUALAB"	"2026-07-31T19:37:41.385000+00:00"	"script_began"	{"node_id": "job.kelp-welcome.atShip", "server_time": "2026-07-31T14:37:41+00:00"}	"GAME"	"120"	"production"	"6"	"UTC-07:00"	"AbundantBank"	{}	{"job_argumentation": 1, "job_experimentation": 1, "job_modeling": 0, "job_name": "kelp-welcome", "money": 100, "region": "KelpStation", "scene_type": "ship", "science_level": 1, "science_points": 0, "site": "Helm", "task_list": [{"is_complete": true, "task_id": "gotoSiteC"}, {"is_complete": true, "task_id": "scanGiantKelp"}, {"is_complete": true, "task_id": "scanUrchin"}, {"is_complete": true, "task_id": "scanOtter"}, {"is_complete": true, "task_id": "returnToShip"}, {"is_complete": false, "task_id": "runExperiment"}, {"is_complete": false, "task_id": "reportBack"}], "time_since_launch": 381.65}	106
"26073112312081961"	"AQUALAB"	"2026-07-31T19:37:41.971000+00:00"	"script_line_displayed"	{"node_id": "job.kelp-welcome.atShip", "server_time": "2026-07-31T14:37:42+00:00", "speaker": "", "text_string": "Wow. It's beautiful!"}	"GAME"	"120"	"production"	"6"	"UTC-07:00"	"AbundantBank"	{}	{"job_argumentation": 1, "job_experimentation": 1, "job_modeling": 0, "job_name": "kelp-welcome", "money": 100, "region": "KelpStation", "scene_type": "ship", "science_level": 1, "science_points": 0, "site": "Helm", "task_list": [{"is_complete": true, "task_id": "gotoSiteC"}, {"is_complete": true, "task_id": "scanGiantKelp"}, {"is_complete": true, "task_id": "scanUrchin"}, {"is_complete": true, "task_id": "scanOtter"}, {"is_complete": true, "task_id": "returnToShip"}, {"is_complete": false, "task_id": "runExperiment"}, {"is_complete": false, "task_id": "reportBack"}], "time_since_launch": 382.23}	107
"26073112312081961"	"AQUALAB"	"2026-07-31T19:37:43.805000+00:00"	"script_line_displayed"	{"node_id": "job.kelp-welcome.atShip", "server_time": "2026-07-31T14:37:44+00:00", "speaker": "", "text_string": "What should I do now, V1ct0r?"}	"GAME"	"120"	"production"	"6"	"UTC-07:00"	"AbundantBank"	{}	{"job_argumentation": 1, "job_experimentation": 1, "job_modeling": 0, "job_name": "kelp-welcome", "money": 100, "region": "KelpStation", "scene_type": "ship", "science_level": 1, "science_points": 0, "site": "Helm", "task_list": [{"is_complete": true, "task_id": "gotoSiteC"}, {"is_complete": true, "task_id": "scanGiantKelp"}, {"is_complete": true, "task_id": "scanUrchin"}, {"is_complete": true, "task_id": "scanOtter"}, {"is_complete": true, "task_id": "returnToShip"}, {"is_complete": false, "task_id": "runExperiment"}, {"is_complete": false, "task_id": "reportBack"}], "time_since_launch": 384.07}	108
"26073112312081961"	"AQUALAB"	"2026-07-31T19:37:44.505000+00:00"	"script_line_displayed"	{"node_id": "job.kelp-welcome.atShip", "server_time": "2026-07-31T14:37:44+00:00", "speaker": "", "text_string": "Updating ship schematic..."}	"GAME"	"120"	"production"	"6"	"UTC-07:00"	"AbundantBank"	{}	{"job_argumentation": 1, "job_experimentation": 1, "job_modeling": 0, "job_name": "kelp-welcome", "money": 100, "region": "KelpStation", "scene_type": "ship", "science_level": 1, "science_points": 0, "site": "Helm", "task_list": [{"is_complete": true, "task_id": "gotoSiteC"}, {"is_complete": true, "task_id": "scanGiantKelp"}, {"is_complete": true, "task_id": "scanUrchin"}, {"is_complete": true, "task_id": "scanOtter"}, {"is_complete": true, "task_id": "returnToShip"}, {"is_complete": false, "task_id": "runExperiment"}, {"is_complete": false, "task_id": "reportBack"}], "time_since_launch": 384.77}	109
"26073112312081961"	"AQUALAB"	"2026-07-31T19:37:46.288000+00:00"	"purchase_upgrade"	{"cost": 0, "item_id": "@09DE9891", "item_name": "ObservationTank", "server_time": "2026-07-31T14:37:46+00:00"}	"GAME"	"120"	"production"	"6"	"UTC-07:00"	"AbundantBank"	{}	{"job_argumentation": 1, "job_experimentation": 1, "job_modeling": 0, "job_name": "kelp-welcome", "money": 100, "region": "KelpStation", "scene_type": "ship", "science_level": 1, "science_points": 0, "site": "Helm", "task_list": [{"is_complete": true, "task_id": "gotoSiteC"}, {"is_complete": true, "task_id": "scanGiantKelp"}, {"is_complete": true, "task_id": "scanUrchin"}, {"is_complete": true, "task_id": "scanOtter"}, {"is_complete": true, "task_id": "returnToShip"}, {"is_complete": false, "task_id": "runExperiment"}, {"is_complete": false, "task_id": "reportBack"}], "time_since_launch": 386.55}	110
"26073112312081961"	"AQUALAB"	"2026-07-31T19:37:51.555000+00:00"	"script_line_displayed"	{"node_id": "job.kelp-welcome.atShip", "server_time": "2026-07-31T14:37:52+00:00", "speaker": "", "text_string": "Head to your Experiment Lab to start your next task!"}	"GAME"	"120"	"production"	"6"	"UTC-07:00"	"AbundantBank"	{}	{"job_argumentation": 1, "job_experimentation": 1, "job_modeling": 0, "job_name": "kelp-welcome", "money": 100, "region": "KelpStation", "scene_type": "ship", "science_level": 1, "science_points": 0, "site": "Helm", "task_list": [{"is_complete": true, "task_id": "gotoSiteC"}, {"is_complete": true, "task_id": "scanGiantKelp"}, {"is_complete": true, "task_id": "scanUrchin"}, {"is_complete": true, "task_id": "scanOtter"}, {"is_complete": true, "task_id": "returnToShip"}, {"is_complete": false, "task_id": "runExperiment"}, {"is_complete": false, "task_id": "reportBack"}], "time_since_launch": 391.82}	111
"26073112312081961"	"AQUALAB"	"2026-07-31T19:37:55.042000+00:00"	"script_began"	{"node_id": "partner.talk.experiment.generic.observation-tank.intro", "server_time": "2026-07-31T14:37:55+00:00"}	"GAME"	"120"	"production"	"6"	"UTC-07:00"	"AbundantBank"	{}	{"job_argumentation": 1, "job_experimentation": 1, "job_modeling": 0, "job_name": "kelp-welcome", "money": 100, "region": "KelpStation", "scene_type": "ship", "science_level": 1, "science_points": 0, "site": "Helm", "task_list": [{"is_complete": true, "task_id": "gotoSiteC"}, {"is_complete": true, "task_id": "scanGiantKelp"}, {"is_complete": true, "task_id": "scanUrchin"}, {"is_complete": true, "task_id": "scanOtter"}, {"is_complete": true, "task_id": "returnToShip"}, {"is_complete": false, "task_id": "runExperiment"}, {"is_complete": false, "task_id": "reportBack"}], "time_since_launch": 395.3}	112
"26073112312081961"	"AQUALAB"	"2026-07-31T19:37:55.043000+00:00"	"scene_changed"	{"scene_name": "ExperimentV2", "server_time": "2026-07-31T14:37:55+00:00"}	"GAME"	"120"	"production"	"6"	"UTC-07:00"	"AbundantBank"	{}	{"job_argumentation": 1, "job_experimentation": 1, "job_modeling": 0, "job_name": "kelp-welcome", "money": 100, "region": "KelpStation", "scene_type": "ship", "science_level": 1, "science_points": 0, "site": "Helm", "task_list": [{"is_complete": true, "task_id": "gotoSiteC"}, {"is_complete": true, "task_id": "scanGiantKelp"}, {"is_complete": true, "task_id": "scanUrchin"}, {"is_complete": true, "task_id": "scanOtter"}, {"is_complete": true, "task_id": "returnToShip"}, {"is_complete": false, "task_id": "runExperiment"}, {"is_complete": false, "task_id": "reportBack"}], "time_since_launch": 395.3}	113
"26073112312081961"	"AQUALAB"	"2026-07-31T19:37:55.554000+00:00"	"script_line_displayed"	{"node_id": "partner.talk.experiment.generic.observation-tank.intro", "server_time": "2026-07-31T14:37:55+00:00", "speaker": "", "text_string": "This is your Observation Tank."}	"GAME"	"120"	"production"	"6"	"UTC-07:00"	"AbundantBank"	{}	{"job_argumentation": 1, "job_experimentation": 1, "job_modeling": 0, "job_name": "kelp-welcome", "money": 100, "region": "KelpStation", "scene_type": "ship", "science_level": 1, "science_points": 0, "site": "Experimentation", "task_list": [{"is_complete": true, "task_id": "gotoSiteC"}, {"is_complete": true, "task_id": "scanGiantKelp"}, {"is_complete": true, "task_id": "scanUrchin"}, {"is_complete": true, "task_id": "scanOtter"}, {"is_complete": true, "task_id": "returnToShip"}, {"is_complete": false, "task_id": "runExperiment"}, {"is_complete": false, "task_id": "reportBack"}], "time_since_launch": 395.82}	114
"26073112312081961"	"AQUALAB"	"2026-07-31T19:37:57.655000+00:00"	"script_line_displayed"	{"node_id": "partner.talk.experiment.generic.observation-tank.intro", "server_time": "2026-07-31T14:37:58+00:00", "speaker": "", "text_string": "Click Add Water to fill the tank."}	"GAME"	"120"	"production"	"6"	"UTC-07:00"	"AbundantBank"	{}	{"job_argumentation": 1, "job_experimentation": 1, "job_modeling": 0, "job_name": "kelp-welcome", "money": 100, "region": "KelpStation", "scene_type": "ship", "science_level": 1, "science_points": 0, "site": "Experimentation", "task_list": [{"is_complete": true, "task_id": "gotoSiteC"}, {"is_complete": true, "task_id": "scanGiantKelp"}, {"is_complete": true, "task_id": "scanUrchin"}, {"is_complete": true, "task_id": "scanOtter"}, {"is_complete": true, "task_id": "returnToShip"}, {"is_complete": false, "task_id": "runExperiment"}, {"is_complete": false, "task_id": "reportBack"}], "time_since_launch": 397.92}	115
"26073112312081961"	"AQUALAB"	"2026-07-31T19:37:58.955000+00:00"	"script_line_displayed"	{"node_id": "partner.talk.experiment.generic.observation-tank.intro", "server_time": "2026-07-31T14:37:59+00:00", "speaker": "", "text_string": "Select an Environment and choose which organisms to include."}	"GAME"	"120"	"production"	"6"	"UTC-07:00"	"AbundantBank"	{}	{"job_argumentation": 1, "job_experimentation": 1, "job_modeling": 0, "job_name": "kelp-welcome", "money": 100, "region": "KelpStation", "scene_type": "ship", "science_level": 1, "science_points": 0, "site": "Experimentation", "task_list": [{"is_complete": true, "task_id": "gotoSiteC"}, {"is_complete": true, "task_id": "scanGiantKelp"}, {"is_complete": true, "task_id": "scanUrchin"}, {"is_complete": true, "task_id": "scanOtter"}, {"is_complete": true, "task_id": "returnToShip"}, {"is_complete": false, "task_id": "runExperiment"}, {"is_complete": false, "task_id": "reportBack"}], "time_since_launch": 399.22}	116
"26073112312081961"	"AQUALAB"	"2026-07-31T19:38:00.671000+00:00"	"script_line_displayed"	{"node_id": "partner.talk.experiment.generic.observation-tank.intro", "server_time": "2026-07-31T14:38:01+00:00", "speaker": "", "text_string": "Then click Run Experiment and record how the different life forms interact!"}	"GAME"	"120"	"production"	"6"	"UTC-07:00"	"AbundantBank"	{}	{"job_argumentation": 1, "job_experimentation": 1, "job_modeling": 0, "job_name": "kelp-welcome", "money": 100, "region": "KelpStation", "scene_type": "ship", "science_level": 1, "science_points": 0, "site": "Experimentation", "task_list": [{"is_complete": true, "task_id": "gotoSiteC"}, {"is_complete": true, "task_id": "scanGiantKelp"}, {"is_complete": true, "task_id": "scanUrchin"}, {"is_complete": true, "task_id": "scanOtter"}, {"is_complete": true, "task_id": "returnToShip"}, {"is_complete": false, "task_id": "runExperiment"}, {"is_complete": false, "task_id": "reportBack"}], "time_since_launch": 400.93}	117
"26073112312081961"	"AQUALAB"	"2026-07-31T19:38:06.321000+00:00"	"add_environment"	{"environment": "WarmKelpForest", "server_time": "2026-07-31T14:38:06+00:00", "tank_type": "Observation"}	"GAME"	"120"	"production"	"6"	"UTC-07:00"	"AbundantBank"	{}	{"job_argumentation": 1, "job_experimentation": 1, "job_modeling": 0, "job_name": "kelp-welcome", "money": 100, "region": "KelpStation", "scene_type": "ship", "science_level": 1, "science_points": 0, "site": "Experimentation", "task_list": [{"is_complete": true, "task_id": "gotoSiteC"}, {"is_complete": true, "task_id": "scanGiantKelp"}, {"is_complete": true, "task_id": "scanUrchin"}, {"is_complete": true, "task_id": "scanOtter"}, {"is_complete": true, "task_id": "returnToShip"}, {"is_complete": false, "task_id": "runExperiment"}, {"is_complete": false, "task_id": "reportBack"}], "time_since_launch": 406.58}	118
"26073112312081961"	"AQUALAB"	"2026-07-31T19:38:15.726000+00:00"	"add_critter"	{"critter": "GiantKelp", "environment": "WarmKelpForest", "server_time": "2026-07-31T14:38:16+00:00", "tank_type": "Observation"}	"GAME"	"120"	"production"	"6"	"UTC-07:00"	"AbundantBank"	{}	{"job_argumentation": 1, "job_experimentation": 1, "job_modeling": 0, "job_name": "kelp-welcome", "money": 100, "region": "KelpStation", "scene_type": "ship", "science_level": 1, "science_points": 0, "site": "Experimentation", "task_list": [{"is_complete": true, "task_id": "gotoSiteC"}, {"is_complete": true, "task_id": "scanGiantKelp"}, {"is_complete": true, "task_id": "scanUrchin"}, {"is_complete": true, "task_id": "scanOtter"}, {"is_complete": true, "task_id": "returnToShip"}, {"is_complete": false, "task_id": "runExperiment"}, {"is_complete": false, "task_id": "reportBack"}], "time_since_launch": 415.99}	119
"26073112312081961"	"AQUALAB"	"2026-07-31T19:38:18.373000+00:00"	"begin_experiment"	{"autofeeder_enabled": false, "critters": "GiantKelp", "environment": "WarmKelpForest", "server_time": "2026-07-31T14:38:18+00:00", "stabilizer_enabled": false, "tank_type": "Observation"}	"GAME"	"120"	"production"	"6"	"UTC-07:00"	"AbundantBank"	{}	{"job_argumentation": 1, "job_experimentation": 1, "job_modeling": 0, "job_name": "kelp-welcome", "money": 100, "region": "KelpStation", "scene_type": "ship", "science_level": 1, "science_points": 0, "site": "Experimentation", "task_list": [{"is_complete": true, "task_id": "gotoSiteC"}, {"is_complete": true, "task_id": "scanGiantKelp"}, {"is_complete": true, "task_id": "scanUrchin"}, {"is_complete": true, "task_id": "scanOtter"}, {"is_complete": true, "task_id": "returnToShip"}, {"is_complete": false, "task_id": "runExperiment"}, {"is_complete": false, "task_id": "reportBack"}], "time_since_launch": 418.63}	120
"26073112312081961"	"AQUALAB"	"2026-07-31T19:38:28.937000+00:00"	"end_experiment"	{"autofeeder_enabled": false, "critters": "GiantKelp", "environment": "WarmKelpForest", "server_time": "2026-07-31T14:38:29+00:00", "stabilizer_enabled": false, "tank_type": "Observation"}	"GAME"	"120"	"production"	"6"	"UTC-07:00"	"AbundantBank"	{}	{"job_argumentation": 1, "job_experimentation": 1, "job_modeling": 0, "job_name": "kelp-welcome", "money": 100, "region": "KelpStation", "scene_type": "ship", "science_level": 1, "science_points": 0, "site": "Experimentation", "task_list": [{"is_complete": true, "task_id": "gotoSiteC"}, {"is_complete": true, "task_id": "scanGiantKelp"}, {"is_complete": true, "task_id": "scanUrchin"}, {"is_complete": true, "task_id": "scanOtter"}, {"is_complete": true, "task_id": "returnToShip"}, {"is_complete": false, "task_id": "runExperiment"}, {"is_complete": false, "task_id": "reportBack"}], "time_since_launch": 429.2}	121
"26073112312081961"	"AQUALAB"	"2026-07-31T19:38:32.337000+00:00"	"add_environment"	{"environment": "WarmKelpForest", "server_time": "2026-07-31T14:38:32+00:00", "tank_type": ""}	"GAME"	"120"	"production"	"6"	"UTC-07:00"	"AbundantBank"	{}	{"job_argumentation": 1, "job_experimentation": 1, "job_modeling": 0, "job_name": "kelp-welcome", "money": 100, "region": "KelpStation", "scene_type": "ship", "science_level": 1, "science_points": 0, "site": "Experimentation", "task_list": [{"is_complete": true, "task_id": "gotoSiteC"}, {"is_complete": true, "task_id": "scanGiantKelp"}, {"is_complete": true, "task_id": "scanUrchin"}, {"is_complete": true, "task_id": "scanOtter"}, {"is_complete": true, "task_id": "returnToShip"}, {"is_complete": false, "task_id": "runExperiment"}, {"is_complete": false, "task_id": "reportBack"}], "time_since_launch": 432.6}	122
"26073112312081961"	"AQUALAB"	"2026-07-31T19:38:38.887000+00:00"	"add_critter"	{"critter": "Urchin", "environment": "WarmKelpForest", "server_time": "2026-07-31T14:38:39+00:00", "tank_type": ""}	"GAME"	"120"	"production"	"6"	"UTC-07:00"	"AbundantBank"	{}	{"job_argumentation": 1, "job_experimentation": 1, "job_modeling": 0, "job_name": "kelp-welcome", "money": 100, "region": "KelpStation", "scene_type": "ship", "science_level": 1, "science_points": 0, "site": "Experimentation", "task_list": [{"is_complete": true, "task_id": "gotoSiteC"}, {"is_complete": true, "task_id": "scanGiantKelp"}, {"is_complete": true, "task_id": "scanUrchin"}, {"is_complete": true, "task_id": "scanOtter"}, {"is_complete": true, "task_id": "returnToShip"}, {"is_complete": false, "task_id": "runExperiment"}, {"is_complete": false, "task_id": "reportBack"}], "time_since_launch": 439.15}	123
"26073112312081961"	"AQUALAB"	"2026-07-31T19:38:39.654000+00:00"	"add_critter"	{"critter": "SeaOtter", "environment": "WarmKelpForest", "server_time": "2026-07-31T14:38:39+00:00", "tank_type": ""}	"GAME"	"120"	"production"	"6"	"UTC-07:00"	"AbundantBank"	{}	{"job_argumentation": 1, "job_experimentation": 1, "job_modeling": 0, "job_name": "kelp-welcome", "money": 100, "region": "KelpStation", "scene_type": "ship", "science_level": 1, "science_points": 0, "site": "Experimentation", "task_list": [{"is_complete": true, "task_id": "gotoSiteC"}, {"is_complete": true, "task_id": "scanGiantKelp"}, {"is_complete": true, "task_id": "scanUrchin"}, {"is_complete": true, "task_id": "scanOtter"}, {"is_complete": true, "task_id": "returnToShip"}, {"is_complete": false, "task_id": "runExperiment"}, {"is_complete": false, "task_id": "reportBack"}], "time_since_launch": 439.92}	124
"26073112312081961"	"AQUALAB"	"2026-07-31T19:38:41.320000+00:00"	"add_critter"	{"critter": "Mussel", "environment": "WarmKelpForest", "server_time": "2026-07-31T14:38:41+00:00", "tank_type": ""}	"GAME"	"120"	"production"	"6"	"UTC-07:00"	"AbundantBank"	{}	{"job_argumentation": 1, "job_experimentation": 1, "job_modeling": 0, "job_name": "kelp-welcome", "money": 100, "region": "KelpStation", "scene_type": "ship", "science_level": 1, "science_points": 0, "site": "Experimentation", "task_list": [{"is_complete": true, "task_id": "gotoSiteC"}, {"is_complete": true, "task_id": "scanGiantKelp"}, {"is_complete": true, "task_id": "scanUrchin"}, {"is_complete": true, "task_id": "scanOtter"}, {"is_complete": true, "task_id": "returnToShip"}, {"is_complete": false, "task_id": "runExperiment"}, {"is_complete": false, "task_id": "reportBack"}], "time_since_launch": 441.58}	125
"26073112312081961"	"AQUALAB"	"2026-07-31T19:38:42.105000+00:00"	"add_critter"	{"critter": "GiantKelp", "environment": "WarmKelpForest", "server_time": "2026-07-31T14:38:42+00:00", "tank_type": ""}	"GAME"	"120"	"production"	"6"	"UTC-07:00"	"AbundantBank"	{}	{"job_argumentation": 1, "job_experimentation": 1, "job_modeling": 0, "job_name": "kelp-welcome", "money": 100, "region": "KelpStation", "scene_type": "ship", "science_level": 1, "science_points": 0, "site": "Experimentation", "task_list": [{"is_complete": true, "task_id": "gotoSiteC"}, {"is_complete": true, "task_id": "scanGiantKelp"}, {"is_complete": true, "task_id": "scanUrchin"}, {"is_complete": true, "task_id": "scanOtter"}, {"is_complete": true, "task_id": "returnToShip"}, {"is_complete": false, "task_id": "runExperiment"}, {"is_complete": false, "task_id": "reportBack"}], "time_since_launch": 442.37}	126
"26073112312081961"	"AQUALAB"	"2026-07-31T19:38:44.805000+00:00"	"begin_experiment"	{"autofeeder_enabled": false, "critters": "Urchin,SeaOtter,Mussel,GiantKelp", "environment": "WarmKelpForest", "server_time": "2026-07-31T14:38:45+00:00", "stabilizer_enabled": false, "tank_type": "Observation"}	"GAME"	"120"	"production"	"6"	"UTC-07:00"	"AbundantBank"	{}	{"job_argumentation": 1, "job_experimentation": 1, "job_modeling": 0, "job_name": "kelp-welcome", "money": 100, "region": "KelpStation", "scene_type": "ship", "science_level": 1, "science_points": 0, "site": "Experimentation", "task_list": [{"is_complete": true, "task_id": "gotoSiteC"}, {"is_complete": true, "task_id": "scanGiantKelp"}, {"is_complete": true, "task_id": "scanUrchin"}, {"is_complete": true, "task_id": "scanOtter"}, {"is_complete": true, "task_id": "returnToShip"}, {"is_complete": false, "task_id": "runExperiment"}, {"is_complete": false, "task_id": "reportBack"}], "time_since_launch": 445.07}	127
"26073112312081961"	"AQUALAB"	"2026-07-31T19:38:49.505000+00:00"	"script_began"	{"node_id": "job.kelp-welcome.firstCaptureCircle", "server_time": "2026-07-31T14:38:49+00:00"}	"GAME"	"120"	"production"	"6"	"UTC-07:00"	"AbundantBank"	{}	{"job_argumentation": 1, "job_experimentation": 1, "job_modeling": 0, "job_name": "kelp-welcome", "money": 100, "region": "KelpStation", "scene_type": "ship", "science_level": 1, "science_points": 0, "site": "Experimentation", "task_list": [{"is_complete": true, "task_id": "gotoSiteC"}, {"is_complete": true, "task_id": "scanGiantKelp"}, {"is_complete": true, "task_id": "scanUrchin"}, {"is_complete": true, "task_id": "scanOtter"}, {"is_complete": true, "task_id": "returnToShip"}, {"is_complete": false, "task_id": "runExperiment"}, {"is_complete": false, "task_id": "reportBack"}], "time_since_launch": 449.77}	128
"26073112312081961"	"AQUALAB"	"2026-07-31T19:38:49.505000+00:00"	"guide_script_triggered"	{"node_id": "job.kelp-welcome.firstCaptureCircle", "server_time": "2026-07-31T14:38:49+00:00"}	"GAME"	"120"	"production"	"6"	"UTC-07:00"	"AbundantBank"	{}	{"job_argumentation": 1, "job_experimentation": 1, "job_modeling": 0, "job_name": "kelp-welcome", "money": 100, "region": "KelpStation", "scene_type": "ship", "science_level": 1, "science_points": 0, "site": "Experimentation", "task_list": [{"is_complete": true, "task_id": "gotoSiteC"}, {"is_complete": true, "task_id": "scanGiantKelp"}, {"is_complete": true, "task_id": "scanUrchin"}, {"is_complete": true, "task_id": "scanOtter"}, {"is_complete": true, "task_id": "returnToShip"}, {"is_complete": false, "task_id": "runExperiment"}, {"is_complete": false, "task_id": "reportBack"}], "time_since_launch": 449.77}	129
"26073112312081961"	"AQUALAB"	"2026-07-31T19:38:49.521000+00:00"	"script_line_displayed"	{"node_id": "job.kelp-welcome.firstCaptureCircle", "server_time": "2026-07-31T14:38:49+00:00", "speaker": "", "text_string": "That sea otter's eating something!"}	"GAME"	"120"	"production"	"6"	"UTC-07:00"	"AbundantBank"	{}	{"job_argumentation": 1, "job_experimentation": 1, "job_modeling": 0, "job_name": "kelp-welcome", "money": 100, "region": "KelpStation", "scene_type": "ship", "science_level": 1, "science_points": 0, "site": "Experimentation", "task_list": [{"is_complete": true, "task_id": "gotoSiteC"}, {"is_complete": true, "task_id": "scanGiantKelp"}, {"is_complete": true, "task_id": "scanUrchin"}, {"is_complete": true, "task_id": "scanOtter"}, {"is_complete": true, "task_id": "returnToShip"}, {"is_complete": false, "task_id": "runExperiment"}, {"is_complete": false, "task_id": "reportBack"}], "time_since_launch": 449.78}	130
"26073112312081961"	"AQUALAB"	"2026-07-31T19:38:53.187000+00:00"	"script_began"	{"node_id": "job.kelp-welcome.firstCaptureCircleExpire", "server_time": "2026-07-31T14:38:53+00:00"}	"GAME"	"120"	"production"	"6"	"UTC-07:00"	"AbundantBank"	{}	{"job_argumentation": 1, "job_experimentation": 1, "job_modeling": 0, "job_name": "kelp-welcome", "money": 100, "region": "KelpStation", "scene_type": "ship", "science_level": 1, "science_points": 0, "site": "Experimentation", "task_list": [{"is_complete": true, "task_id": "gotoSiteC"}, {"is_complete": true, "task_id": "scanGiantKelp"}, {"is_complete": true, "task_id": "scanUrchin"}, {"is_complete": true, "task_id": "scanOtter"}, {"is_complete": true, "task_id": "returnToShip"}, {"is_complete": false, "task_id": "runExperiment"}, {"is_complete": false, "task_id": "reportBack"}], "time_since_launch": 453.45}	131
"26073112312081961"	"AQUALAB"	"2026-07-31T19:38:53.187000+00:00"	"guide_script_triggered"	{"node_id": "job.kelp-welcome.firstCaptureCircleExpire", "server_time": "2026-07-31T14:38:53+00:00"}	"GAME"	"120"	"production"	"6"	"UTC-07:00"	"AbundantBank"	{}	{"job_argumentation": 1, "job_experimentation": 1, "job_modeling": 0, "job_name": "kelp-welcome", "money": 100, "region": "KelpStation", "scene_type": "ship", "science_level": 1, "science_points": 0, "site": "Experimentation", "task_list": [{"is_complete": true, "task_id": "gotoSiteC"}, {"is_complete": true, "task_id": "scanGiantKelp"}, {"is_complete": true, "task_id": "scanUrchin"}, {"is_complete": true, "task_id": "scanOtter"}, {"is_complete": true, "task_id": "returnToShip"}, {"is_complete": false, "task_id": "runExperiment"}, {"is_complete": false, "task_id": "reportBack"}], "time_since_launch": 453.45}	132
"26073112312081961"	"AQUALAB"	"2026-07-31T19:38:53.205000+00:00"	"script_line_displayed"	{"node_id": "job.kelp-welcome.firstCaptureCircleExpire", "server_time": "2026-07-31T14:38:53+00:00", "speaker": "", "text_string": "Looks like you missed that one."}	"GAME"	"120"	"production"	"6"	"UTC-07:00"	"AbundantBank"	{}	{"job_argumentation": 1, "job_experimentation": 1, "job_modeling": 0, "job_name": "kelp-welcome", "money": 100, "region": "KelpStation", "scene_type": "ship", "science_level": 1, "science_points": 0, "site": "Experimentation", "task_list": [{"is_complete": true, "task_id": "gotoSiteC"}, {"is_complete": true, "task_id": "scanGiantKelp"}, {"is_complete": true, "task_id": "scanUrchin"}, {"is_complete": true, "task_id": "scanOtter"}, {"is_complete": true, "task_id": "returnToShip"}, {"is_complete": false, "task_id": "runExperiment"}, {"is_complete": false, "task_id": "reportBack"}], "time_since_launch": 453.47}	133
"26073112312081961"	"AQUALAB"	"2026-07-31T19:38:55.804000+00:00"	"script_line_displayed"	{"node_id": "job.kelp-welcome.firstCaptureCircleExpire", "server_time": "2026-07-31T14:38:56+00:00", "speaker": "", "text_string": "Try to record that behavior when it happens again."}	"GAME"	"120"	"production"	"6"	"UTC-07:00"	"AbundantBank"	{}	{"job_argumentation": 1, "job_experimentation": 1, "job_modeling": 0, "job_name": "kelp-welcome", "money": 100, "region": "KelpStation", "scene_type": "ship", "science_level": 1, "science_points": 0, "site": "Experimentation", "task_list": [{"is_complete": true, "task_id": "gotoSiteC"}, {"is_complete": true, "task_id": "scanGiantKelp"}, {"is_complete": true, "task_id": "scanUrchin"}, {"is_complete": true, "task_id": "scanOtter"}, {"is_complete": true, "task_id": "returnToShip"}, {"is_complete": false, "task_id": "runExperiment"}, {"is_complete": false, "task_id": "reportBack"}], "time_since_launch": 456.07}	134
"26073112312081961"	"AQUALAB"	"2026-07-31T19:39:00.062000+00:00"	"receive_fact"	{"fact_entity": "SeaOtter", "fact_id": "SeaOtter.Eats.Urchin", "fact_rate": true, "fact_stressed": false, "fact_type": "Eat", "has_rate": false, "server_time": "2026-07-31T14:39:00+00:00"}	"GAME"	"120"	"production"	"6"	"UTC-07:00"	"AbundantBank"	{}	{"job_argumentation": 1, "job_experimentation": 1, "job_modeling": 0, "job_name": "kelp-welcome", "money": 100, "region": "KelpStation", "scene_type": "ship", "science_level": 1, "science_points": 0, "site": "Experimentation", "task_list": [{"is_complete": true, "task_id": "gotoSiteC"}, {"is_complete": true, "task_id": "scanGiantKelp"}, {"is_complete": true, "task_id": "scanUrchin"}, {"is_complete": true, "task_id": "scanOtter"}, {"is_complete": true, "task_id": "returnToShip"}, {"is_complete": false, "task_id": "runExperiment"}, {"is_complete": false, "task_id": "reportBack"}], "time_since_launch": 460.32}	135
"26073112312081961"	"AQUALAB"	"2026-07-31T19:39:05.474000+00:00"	"complete_task"	{"server_time": "2026-07-31T14:39:05+00:00", "task_id": "runExperiment"}	"GAME"	"120"	"production"	"6"	"UTC-07:00"	"AbundantBank"	{}	{"job_argumentation": 1, "job_experimentation": 1, "job_modeling": 0, "job_name": "kelp-welcome", "money": 100, "region": "KelpStation", "scene_type": "ship", "science_level": 1, "science_points": 0, "site": "Experimentation", "task_list": [{"is_complete": true, "task_id": "gotoSiteC"}, {"is_complete": true, "task_id": "scanGiantKelp"}, {"is_complete": true, "task_id": "scanUrchin"}, {"is_complete": true, "task_id": "scanOtter"}, {"is_complete": true, "task_id": "returnToShip"}, {"is_complete": false, "task_id": "runExperiment"}, {"is_complete": false, "task_id": "reportBack"}], "time_since_launch": 465.74}	136
"26073112312081961"	"AQUALAB"	"2026-07-31T19:39:05.474000+00:00"	"receive_fact"	{"fact_entity": "Urchin", "fact_id": "Urchin.Eats.GiantKelp", "fact_rate": true, "fact_stressed": false, "fact_type": "Eat", "has_rate": false, "server_time": "2026-07-31T14:39:05+00:00"}	"GAME"	"120"	"production"	"6"	"UTC-07:00"	"AbundantBank"	{}	{"job_argumentation": 1, "job_experimentation": 1, "job_modeling": 0, "job_name": "kelp-welcome", "money": 100, "region": "KelpStation", "scene_type": "ship", "science_level": 1, "science_points": 0, "site": "Experimentation", "task_list": [{"is_complete": true, "task_id": "gotoSiteC"}, {"is_complete": true, "task_id": "scanGiantKelp"}, {"is_complete": true, "task_id": "scanUrchin"}, {"is_complete": true, "task_id": "scanOtter"}, {"is_complete": true, "task_id": "returnToShip"}, {"is_complete": true, "task_id": "runExperiment"}, {"is_complete": false, "task_id": "reportBack"}], "time_since_launch": 465.74}	137
"26073112312081961"	"AQUALAB"	"2026-07-31T19:39:11.870000+00:00"	"script_began"	{"node_id": "partner.talk.experiment.behavior.idle.nothingLeft.2", "server_time": "2026-07-31T14:39:12+00:00"}	"GAME"	"120"	"production"	"6"	"UTC-07:00"	"AbundantBank"	{}	{"job_argumentation": 1, "job_experimentation": 1, "job_modeling": 0, "job_name": "kelp-welcome", "money": 100, "region": "KelpStation", "scene_type": "ship", "science_level": 1, "science_points": 0, "site": "Experimentation", "task_list": [{"is_complete": true, "task_id": "gotoSiteC"}, {"is_complete": true, "task_id": "scanGiantKelp"}, {"is_complete": true, "task_id": "scanUrchin"}, {"is_complete": true, "task_id": "scanOtter"}, {"is_complete": true, "task_id": "returnToShip"}, {"is_complete": true, "task_id": "runExperiment"}, {"is_complete": false, "task_id": "reportBack"}], "time_since_launch": 472.13}	138
"26073112312081961"	"AQUALAB"	"2026-07-31T19:39:11.870000+00:00"	"guide_script_triggered"	{"node_id": "partner.talk.experiment.behavior.idle.nothingLeft.2", "server_time": "2026-07-31T14:39:12+00:00"}	"GAME"	"120"	"production"	"6"	"UTC-07:00"	"AbundantBank"	{}	{"job_argumentation": 1, "job_experimentation": 1, "job_modeling": 0, "job_name": "kelp-welcome", "money": 100, "region": "KelpStation", "scene_type": "ship", "science_level": 1, "science_points": 0, "site": "Experimentation", "task_list": [{"is_complete": true, "task_id": "gotoSiteC"}, {"is_complete": true, "task_id": "scanGiantKelp"}, {"is_complete": true, "task_id": "scanUrchin"}, {"is_complete": true, "task_id": "scanOtter"}, {"is_complete": true, "task_id": "returnToShip"}, {"is_complete": true, "task_id": "runExperiment"}, {"is_complete": false, "task_id": "reportBack"}], "time_since_launch": 472.13}	139
"26073112312081961"	"AQUALAB"	"2026-07-31T19:39:11.888000+00:00"	"script_line_displayed"	{"node_id": "partner.talk.experiment.behavior.idle.nothingLeft.2", "server_time": "2026-07-31T14:39:12+00:00", "speaker": "", "text_string": "You've been pretty thorough here! I doubt we'll learn anything more from this experiment."}	"GAME"	"120"	"production"	"6"	"UTC-07:00"	"AbundantBank"	{}	{"job_argumentation": 1, "job_experimentation": 1, "job_modeling": 0, "job_name": "kelp-welcome", "money": 100, "region": "KelpStation", "scene_type": "ship", "science_level": 1, "science_points": 0, "site": "Experimentation", "task_list": [{"is_complete": true, "task_id": "gotoSiteC"}, {"is_complete": true, "task_id": "scanGiantKelp"}, {"is_complete": true, "task_id": "scanUrchin"}, {"is_complete": true, "task_id": "scanOtter"}, {"is_complete": true, "task_id": "returnToShip"}, {"is_complete": true, "task_id": "runExperiment"}, {"is_complete": false, "task_id": "reportBack"}], "time_since_launch": 472.15}	140
"26073112312081961"	"AQUALAB"	"2026-07-31T19:39:21.670000+00:00"	"script_began"	{"node_id": "job.kelp-welcome.experimentFinished", "server_time": "2026-07-31T14:39:22+00:00"}	"GAME"	"120"	"production"	"6"	"UTC-07:00"	"AbundantBank"	{}	{"job_argumentation": 1, "job_experimentation": 1, "job_modeling": 0, "job_name": "kelp-welcome", "money": 100, "region": "KelpStation", "scene_type": "ship", "science_level": 1, "science_points": 0, "site": "Experimentation", "task_list": [{"is_complete": true, "task_id": "gotoSiteC"}, {"is_complete": true, "task_id": "scanGiantKelp"}, {"is_complete": true, "task_id": "scanUrchin"}, {"is_complete": true, "task_id": "scanOtter"}, {"is_complete": true, "task_id": "returnToShip"}, {"is_complete": true, "task_id": "runExperiment"}, {"is_complete": false, "task_id": "reportBack"}], "time_since_launch": 481.93}	141
"26073112312081961"	"AQUALAB"	"2026-07-31T19:39:21.670000+00:00"	"end_experiment"	{"autofeeder_enabled": false, "critters": "Urchin,SeaOtter,Mussel,GiantKelp", "environment": "WarmKelpForest", "server_time": "2026-07-31T14:39:22+00:00", "stabilizer_enabled": false, "tank_type": "Observation"}	"GAME"	"120"	"production"	"6"	"UTC-07:00"	"AbundantBank"	{}	{"job_argumentation": 1, "job_experimentation": 1, "job_modeling": 0, "job_name": "kelp-welcome", "money": 100, "region": "KelpStation", "scene_type": "ship", "science_level": 1, "science_points": 0, "site": "Experimentation", "task_list": [{"is_complete": true, "task_id": "gotoSiteC"}, {"is_complete": true, "task_id": "scanGiantKelp"}, {"is_complete": true, "task_id": "scanUrchin"}, {"is_complete": true, "task_id": "scanOtter"}, {"is_complete": true, "task_id": "returnToShip"}, {"is_complete": true, "task_id": "runExperiment"}, {"is_complete": false, "task_id": "reportBack"}], "time_since_launch": 481.93}	142
"26073112312081961"	"AQUALAB"	"2026-07-31T19:39:21.686000+00:00"	"script_line_displayed"	{"node_id": "job.kelp-welcome.experimentFinished", "server_time": "2026-07-31T14:39:22+00:00", "speaker": "", "text_string": "Hooray! More data!!!"}	"GAME"	"120"	"production"	"6"	"UTC-07:00"	"AbundantBank"	{}	{"job_argumentation": 1, "job_experimentation": 1, "job_modeling": 0, "job_name": "kelp-welcome", "money": 100, "region": "KelpStation", "scene_type": "ship", "science_level": 1, "science_points": 0, "site": "Experimentation", "task_list": [{"is_complete": true, "task_id": "gotoSiteC"}, {"is_complete": true, "task_id": "scanGiantKelp"}, {"is_complete": true, "task_id": "scanUrchin"}, {"is_complete": true, "task_id": "scanOtter"}, {"is_complete": true, "task_id": "returnToShip"}, {"is_complete": true, "task_id": "runExperiment"}, {"is_complete": false, "task_id": "reportBack"}], "time_since_launch": 481.95}	143
"26073112312081961"	"AQUALAB"	"2026-07-31T19:39:23.670000+00:00"	"script_line_displayed"	{"node_id": "job.kelp-welcome.experimentFinished", "server_time": "2026-07-31T14:39:24+00:00", "speaker": "", "text_string": "Adequate work, O. You're ready to report back to the Station."}	"GAME"	"120"	"production"	"6"	"UTC-07:00"	"AbundantBank"	{}	{"job_argumentation": 1, "job_experimentation": 1, "job_modeling": 0, "job_name": "kelp-welcome", "money": 100, "region": "KelpStation", "scene_type": "ship", "science_level": 1, "science_points": 0, "site": "Experimentation", "task_list": [{"is_complete": true, "task_id": "gotoSiteC"}, {"is_complete": true, "task_id": "scanGiantKelp"}, {"is_complete": true, "task_id": "scanUrchin"}, {"is_complete": true, "task_id": "scanOtter"}, {"is_complete": true, "task_id": "returnToShip"}, {"is_complete": true, "task_id": "runExperiment"}, {"is_complete": false, "task_id": "reportBack"}], "time_since_launch": 483.93}	144
"26073112312081961"	"AQUALAB"	"2026-07-31T19:39:25.353000+00:00"	"script_line_displayed"	{"node_id": "job.kelp-welcome.experimentFinished", "server_time": "2026-07-31T14:39:25+00:00", "speaker": "", "text_string": "Okay. How do I get back there, V1ct0r?"}	"GAME"	"120"	"production"	"6"	"UTC-07:00"	"AbundantBank"	{}	{"job_argumentation": 1, "job_experimentation": 1, "job_modeling": 0, "job_name": "kelp-welcome", "money": 100, "region": "KelpStation", "scene_type": "ship", "science_level": 1, "science_points": 0, "site": "Experimentation", "task_list": [{"is_complete": true, "task_id": "gotoSiteC"}, {"is_complete": true, "task_id": "scanGiantKelp"}, {"is_complete": true, "task_id": "scanUrchin"}, {"is_complete": true, "task_id": "scanOtter"}, {"is_complete": true, "task_id": "returnToShip"}, {"is_complete": true, "task_id": "runExperiment"}, {"is_complete": false, "task_id": "reportBack"}], "time_since_launch": 485.61}	145
"26073112312081961"	"AQUALAB"	"2026-07-31T19:39:26.237000+00:00"	"script_line_displayed"	{"node_id": "job.kelp-welcome.experimentFinished", "server_time": "2026-07-31T14:39:26+00:00", "speaker": "", "text_string": "You can go to your Helm and board your sub, or you can open your schematic and use Quick-Travel to get there faster!"}	"GAME"	"120"	"production"	"6"	"UTC-07:00"	"AbundantBank"	{}	{"job_argumentation": 1, "job_experimentation": 1, "job_modeling": 0, "job_name": "kelp-welcome", "money": 100, "region": "KelpStation", "scene_type": "ship", "science_level": 1, "science_points": 0, "site": "Experimentation", "task_list": [{"is_complete": true, "task_id": "gotoSiteC"}, {"is_complete": true, "task_id": "scanGiantKelp"}, {"is_complete": true, "task_id": "scanUrchin"}, {"is_complete": true, "task_id": "scanOtter"}, {"is_complete": true, "task_id": "returnToShip"}, {"is_complete": true, "task_id": "runExperiment"}, {"is_complete": false, "task_id": "reportBack"}], "time_since_launch": 486.5}	146
"26073112312081961"	"AQUALAB"	"2026-07-31T19:39:31.103000+00:00"	"add_environment"	{"environment": "WarmKelpForest", "server_time": "2026-07-31T14:39:31+00:00", "tank_type": ""}	"GAME"	"120"	"production"	"6"	"UTC-07:00"	"AbundantBank"	{}	{"job_argumentation": 1, "job_experimentation": 1, "job_modeling": 0, "job_name": "kelp-welcome", "money": 100, "region": "KelpStation", "scene_type": "ship", "science_level": 1, "science_points": 0, "site": "Experimentation", "task_list": [{"is_complete": true, "task_id": "gotoSiteC"}, {"is_complete": true, "task_id": "scanGiantKelp"}, {"is_complete": true, "task_id": "scanUrchin"}, {"is_complete": true, "task_id": "scanOtter"}, {"is_complete": true, "task_id": "returnToShip"}, {"is_complete": true, "task_id": "runExperiment"}, {"is_complete": false, "task_id": "reportBack"}], "time_since_launch": 491.37}	147
"26073112312081961"	"AQUALAB"	"2026-07-31T19:39:36.286000+00:00"	"add_critter"	{"critter": "Urchin", "environment": "WarmKelpForest", "server_time": "2026-07-31T14:39:36+00:00", "tank_type": ""}	"GAME"	"120"	"production"	"6"	"UTC-07:00"	"AbundantBank"	{}	{"job_argumentation": 1, "job_experimentation": 1, "job_modeling": 0, "job_name": "kelp-welcome", "money": 100, "region": "KelpStation", "scene_type": "ship", "science_level": 1, "science_points": 0, "site": "Experimentation", "task_list": [{"is_complete": true, "task_id": "gotoSiteC"}, {"is_complete": true, "task_id": "scanGiantKelp"}, {"is_complete": true, "task_id": "scanUrchin"}, {"is_complete": true, "task_id": "scanOtter"}, {"is_complete": true, "task_id": "returnToShip"}, {"is_complete": true, "task_id": "runExperiment"}, {"is_complete": false, "task_id": "reportBack"}], "time_since_launch": 496.55}	148
"26073112312081961"	"AQUALAB"	"2026-07-31T19:39:36.903000+00:00"	"add_critter"	{"critter": "SeaOtter", "environment": "WarmKelpForest", "server_time": "2026-07-31T14:39:37+00:00", "tank_type": ""}	"GAME"	"120"	"production"	"6"	"UTC-07:00"	"AbundantBank"	{}	{"job_argumentation": 1, "job_experimentation": 1, "job_modeling": 0, "job_name": "kelp-welcome", "money": 100, "region": "KelpStation", "scene_type": "ship", "science_level": 1, "science_points": 0, "site": "Experimentation", "task_list": [{"is_complete": true, "task_id": "gotoSiteC"}, {"is_complete": true, "task_id": "scanGiantKelp"}, {"is_complete": true, "task_id": "scanUrchin"}, {"is_complete": true, "task_id": "scanOtter"}, {"is_complete": true, "task_id": "returnToShip"}, {"is_complete": true, "task_id": "runExperiment"}, {"is_complete": false, "task_id": "reportBack"}], "time_since_launch": 497.16}	149
"26073112312081961"	"AQUALAB"	"2026-07-31T19:39:37.619000+00:00"	"add_critter"	{"critter": "Mussel", "environment": "WarmKelpForest", "server_time": "2026-07-31T14:39:37+00:00", "tank_type": ""}	"GAME"	"120"	"production"	"6"	"UTC-07:00"	"AbundantBank"	{}	{"job_argumentation": 1, "job_experimentation": 1, "job_modeling": 0, "job_name": "kelp-welcome", "money": 100, "region": "KelpStation", "scene_type": "ship", "science_level": 1, "science_points": 0, "site": "Experimentation", "task_list": [{"is_complete": true, "task_id": "gotoSiteC"}, {"is_complete": true, "task_id": "scanGiantKelp"}, {"is_complete": true, "task_id": "scanUrchin"}, {"is_complete": true, "task_id": "scanOtter"}, {"is_complete": true, "task_id": "returnToShip"}, {"is_complete": true, "task_id": "runExperiment"}, {"is_complete": false, "task_id": "reportBack"}], "time_since_launch": 497.88}	150
"26073112312081961"	"AQUALAB"	"2026-07-31T19:39:38.320000+00:00"	"add_critter"	{"critter": "GiantKelp", "environment": "WarmKelpForest", "server_time": "2026-07-31T14:39:38+00:00", "tank_type": ""}	"GAME"	"120"	"production"	"6"	"UTC-07:00"	"AbundantBank"	{}	{"job_argumentation": 1, "job_experimentation": 1, "job_modeling": 0, "job_name": "kelp-welcome", "money": 100, "region": "KelpStation", "scene_type": "ship", "science_level": 1, "science_points": 0, "site": "Experimentation", "task_list": [{"is_complete": true, "task_id": "gotoSiteC"}, {"is_complete": true, "task_id": "scanGiantKelp"}, {"is_complete": true, "task_id": "scanUrchin"}, {"is_complete": true, "task_id": "scanOtter"}, {"is_complete": true, "task_id": "returnToShip"}, {"is_complete": true, "task_id": "runExperiment"}, {"is_complete": false, "task_id": "reportBack"}], "time_since_launch": 498.58}	151
"26073112312081961"	"AQUALAB"	"2026-07-31T19:39:41.004000+00:00"	"begin_experiment"	{"autofeeder_enabled": false, "critters": "Urchin,SeaOtter,Mussel,GiantKelp", "environment": "WarmKelpForest", "server_time": "2026-07-31T14:39:41+00:00", "stabilizer_enabled": false, "tank_type": "Observation"}	"GAME"	"120"	"production"	"6"	"UTC-07:00"	"AbundantBank"	{}	{"job_argumentation": 1, "job_experimentation": 1, "job_modeling": 0, "job_name": "kelp-welcome", "money": 100, "region": "KelpStation", "scene_type": "ship", "science_level": 1, "science_points": 0, "site": "Experimentation", "task_list": [{"is_complete": true, "task_id": "gotoSiteC"}, {"is_complete": true, "task_id": "scanGiantKelp"}, {"is_complete": true, "task_id": "scanUrchin"}, {"is_complete": true, "task_id": "scanOtter"}, {"is_complete": true, "task_id": "returnToShip"}, {"is_complete": true, "task_id": "runExperiment"}, {"is_complete": false, "task_id": "reportBack"}], "time_since_launch": 501.27}	152
"26073112312081961"	"AQUALAB"	"2026-07-31T19:39:56.487000+00:00"	"end_experiment"	{"autofeeder_enabled": false, "critters": "Urchin,SeaOtter,Mussel,GiantKelp", "environment": "WarmKelpForest", "server_time": "2026-07-31T14:39:56+00:00", "stabilizer_enabled": false, "tank_type": "Observation"}	"GAME"	"120"	"production"	"6"	"UTC-07:00"	"AbundantBank"	{}	{"job_argumentation": 1, "job_experimentation": 1, "job_modeling": 0, "job_name": "kelp-welcome", "money": 100, "region": "KelpStation", "scene_type": "ship", "science_level": 1, "science_points": 0, "site": "Experimentation", "task_list": [{"is_complete": true, "task_id": "gotoSiteC"}, {"is_complete": true, "task_id": "scanGiantKelp"}, {"is_complete": true, "task_id": "scanUrchin"}, {"is_complete": true, "task_id": "scanOtter"}, {"is_complete": true, "task_id": "returnToShip"}, {"is_complete": true, "task_id": "runExperiment"}, {"is_complete": false, "task_id": "reportBack"}], "time_since_launch": 516.75}	153
"26073112312081961"	"AQUALAB"	"2026-07-31T19:40:03.021000+00:00"	"room_changed"	{"room_name": "Station", "server_time": "2026-07-31T14:40:03+00:00"}	"GAME"	"120"	"production"	"6"	"UTC-07:00"	"AbundantBank"	{}	{"job_argumentation": 1, "job_experimentation": 1, "job_modeling": 0, "job_name": "kelp-welcome", "money": 100, "region": "KelpStation", "scene_type": "ship", "science_level": 1, "science_points": 0, "site": "Experimentation", "task_list": [{"is_complete": true, "task_id": "gotoSiteC"}, {"is_complete": true, "task_id": "scanGiantKelp"}, {"is_complete": true, "task_id": "scanUrchin"}, {"is_complete": true, "task_id": "scanOtter"}, {"is_complete": true, "task_id": "returnToShip"}, {"is_complete": true, "task_id": "runExperiment"}, {"is_complete": false, "task_id": "reportBack"}], "time_since_launch": 516.75}	154
"26073112312081961"	"AQUALAB"	"2026-07-31T19:40:03.022000+00:00"	"scene_changed"	{"scene_name": "RS-1C-StationInterior", "server_time": "2026-07-31T14:40:03+00:00"}	"GAME"	"120"	"production"	"6"	"UTC-07:00"	"AbundantBank"	{}	{"job_argumentation": 1, "job_experimentation": 1, "job_modeling": 0, "job_name": "kelp-welcome", "money": 100, "region": "KelpStation", "scene_type": "ship", "science_level": 1, "science_points": 0, "site": "Experimentation", "task_list": [{"is_complete": true, "task_id": "gotoSiteC"}, {"is_complete": true, "task_id": "scanGiantKelp"}, {"is_complete": true, "task_id": "scanUrchin"}, {"is_complete": true, "task_id": "scanOtter"}, {"is_complete": true, "task_id": "returnToShip"}, {"is_complete": true, "task_id": "runExperiment"}, {"is_complete": false, "task_id": "reportBack"}], "time_since_launch": 523.28}	155
"26073112312081961"	"AQUALAB"	"2026-07-31T19:40:09.718000+00:00"	"script_began"	{"node_id": "job.kelp-welcome.helpReportBack", "server_time": "2026-07-31T14:40:10+00:00"}	"GAME"	"120"	"production"	"6"	"UTC-07:00"	"AbundantBank"	{}	{"job_argumentation": 1, "job_experimentation": 1, "job_modeling": 0, "job_name": "kelp-welcome", "money": 100, "region": "KelpStation", "scene_type": "station-interior", "science_level": 1, "science_points": 0, "site": "RS-Kelp", "task_list": [{"is_complete": true, "task_id": "gotoSiteC"}, {"is_complete": true, "task_id": "scanGiantKelp"}, {"is_complete": true, "task_id": "scanUrchin"}, {"is_complete": true, "task_id": "scanOtter"}, {"is_complete": true, "task_id": "returnToShip"}, {"is_complete": true, "task_id": "runExperiment"}, {"is_complete": false, "task_id": "reportBack"}], "time_since_launch": 529.98}	156
"26073112312081961"	"AQUALAB"	"2026-07-31T19:40:09.719000+00:00"	"ask_for_help"	{"node_id": "job.kelp-welcome.helpReportBack", "server_time": "2026-07-31T14:40:10+00:00"}	"GAME"	"120"	"production"	"6"	"UTC-07:00"	"AbundantBank"	{}	{"job_argumentation": 1, "job_experimentation": 1, "job_modeling": 0, "job_name": "kelp-welcome", "money": 100, "region": "KelpStation", "scene_type": "station-interior", "science_level": 1, "science_points": 0, "site": "RS-Kelp", "task_list": [{"is_complete": true, "task_id": "gotoSiteC"}, {"is_complete": true, "task_id": "scanGiantKelp"}, {"is_complete": true, "task_id": "scanUrchin"}, {"is_complete": true, "task_id": "scanOtter"}, {"is_complete": true, "task_id": "returnToShip"}, {"is_complete": true, "task_id": "runExperiment"}, {"is_complete": false, "task_id": "reportBack"}], "time_since_launch": 529.98}	157
"26073112312081961"	"AQUALAB"	"2026-07-31T19:40:09.720000+00:00"	"script_line_displayed"	{"node_id": "job.kelp-welcome.helpReportBack", "server_time": "2026-07-31T14:40:10+00:00", "speaker": "", "text_string": "What now, V1ct0r?"}	"GAME"	"120"	"production"	"6"	"UTC-07:00"	"AbundantBank"	{}	{"job_argumentation": 1, "job_experimentation": 1, "job_modeling": 0, "job_name": "kelp-welcome", "money": 100, "region": "KelpStation", "scene_type": "station-interior", "science_level": 1, "science_points": 0, "site": "RS-Kelp", "task_list": [{"is_complete": true, "task_id": "gotoSiteC"}, {"is_complete": true, "task_id": "scanGiantKelp"}, {"is_complete": true, "task_id": "scanUrchin"}, {"is_complete": true, "task_id": "scanOtter"}, {"is_complete": true, "task_id": "returnToShip"}, {"is_complete": true, "task_id": "runExperiment"}, {"is_complete": false, "task_id": "reportBack"}], "time_since_launch": 529.98}	158
"26073112312081961"	"AQUALAB"	"2026-07-31T19:40:11.303000+00:00"	"script_line_displayed"	{"node_id": "job.kelp-welcome.helpReportBack", "server_time": "2026-07-31T14:40:11+00:00", "speaker": "", "text_string": "You need to report your findings."}	"GAME"	"120"	"production"	"6"	"UTC-07:00"	"AbundantBank"	{}	{"job_argumentation": 1, "job_experimentation": 1, "job_modeling": 0, "job_name": "kelp-welcome", "money": 100, "region": "KelpStation", "scene_type": "station-interior", "science_level": 1, "science_points": 0, "site": "RS-Kelp", "task_list": [{"is_complete": true, "task_id": "gotoSiteC"}, {"is_complete": true, "task_id": "scanGiantKelp"}, {"is_complete": true, "task_id": "scanUrchin"}, {"is_complete": true, "task_id": "scanOtter"}, {"is_complete": true, "task_id": "returnToShip"}, {"is_complete": true, "task_id": "runExperiment"}, {"is_complete": false, "task_id": "reportBack"}], "time_since_launch": 531.56}	159
"26073112312081961"	"AQUALAB"	"2026-07-31T19:40:15.570000+00:00"	"scene_changed"	{"scene_name": "KelpStation", "server_time": "2026-07-31T14:40:15+00:00"}	"GAME"	"120"	"production"	"6"	"UTC-07:00"	"AbundantBank"	{}	{"job_argumentation": 1, "job_experimentation": 1, "job_modeling": 0, "job_name": "kelp-welcome", "money": 100, "region": "KelpStation", "scene_type": "station-interior", "science_level": 1, "science_points": 0, "site": "RS-Kelp", "task_list": [{"is_complete": true, "task_id": "gotoSiteC"}, {"is_complete": true, "task_id": "scanGiantKelp"}, {"is_complete": true, "task_id": "scanUrchin"}, {"is_complete": true, "task_id": "scanOtter"}, {"is_complete": true, "task_id": "returnToShip"}, {"is_complete": true, "task_id": "runExperiment"}, {"is_complete": false, "task_id": "reportBack"}], "time_since_launch": 531.56}	160
"26073112312081961"	"AQUALAB"	"2026-07-31T19:40:39.519000+00:00"	"begin_dive"	{"server_time": "2026-07-31T14:40:40+00:00", "site_id": "RS-1C"}	"GAME"	"120"	"production"	"6"	"UTC-07:00"	"AbundantBank"	{}	{"job_argumentation": 1, "job_experimentation": 1, "job_modeling": 0, "job_name": "kelp-welcome", "money": 100, "region": "KelpStation", "scene_type": "surface", "science_level": 1, "science_points": 0, "site": "KelpStation", "task_list": [{"is_complete": true, "task_id": "gotoSiteC"}, {"is_complete": true, "task_id": "scanGiantKelp"}, {"is_complete": true, "task_id": "scanUrchin"}, {"is_complete": true, "task_id": "scanOtter"}, {"is_complete": true, "task_id": "returnToShip"}, {"is_complete": true, "task_id": "runExperiment"}, {"is_complete": false, "task_id": "reportBack"}], "time_since_launch": 559.78}	161
"26073112312081961"	"AQUALAB"	"2026-07-31T19:40:46.685000+00:00"	"scene_changed"	{"scene_name": "RS-1C", "server_time": "2026-07-31T14:40:47+00:00"}	"GAME"	"120"	"production"	"6"	"UTC-07:00"	"AbundantBank"	{}	{"job_argumentation": 1, "job_experimentation": 1, "job_modeling": 0, "job_name": "kelp-welcome", "money": 100, "region": "KelpStation", "scene_type": "surface", "science_level": 1, "science_points": 0, "site": "KelpStation", "task_list": [{"is_complete": true, "task_id": "gotoSiteC"}, {"is_complete": true, "task_id": "scanGiantKelp"}, {"is_complete": true, "task_id": "scanUrchin"}, {"is_complete": true, "task_id": "scanOtter"}, {"is_complete": true, "task_id": "returnToShip"}, {"is_complete": true, "task_id": "runExperiment"}, {"is_complete": false, "task_id": "reportBack"}], "time_since_launch": 559.78}	162
"26073112312081961"	"AQUALAB"	"2026-07-31T19:40:51.318000+00:00"	"script_began"	{"node_id": "job.kelp-welcome.helpReportBack", "server_time": "2026-07-31T14:40:51+00:00"}	"GAME"	"120"	"production"	"6"	"UTC-07:00"	"AbundantBank"	{}	{"job_argumentation": 1, "job_experimentation": 1, "job_modeling": 0, "job_name": "kelp-welcome", "money": 100, "region": "KelpStation", "scene_type": "dive-site", "science_level": 1, "science_points": 0, "site": "RS-1C", "task_list": [{"is_complete": true, "task_id": "gotoSiteC"}, {"is_complete": true, "task_id": "scanGiantKelp"}, {"is_complete": true, "task_id": "scanUrchin"}, {"is_complete": true, "task_id": "scanOtter"}, {"is_complete": true, "task_id": "returnToShip"}, {"is_complete": true, "task_id": "runExperiment"}, {"is_complete": false, "task_id": "reportBack"}], "time_since_launch": 571.58}	163
"26073112312081961"	"AQUALAB"	"2026-07-31T19:40:51.319000+00:00"	"ask_for_help"	{"node_id": "job.kelp-welcome.helpReportBack", "server_time": "2026-07-31T14:40:51+00:00"}	"GAME"	"120"	"production"	"6"	"UTC-07:00"	"AbundantBank"	{}	{"job_argumentation": 1, "job_experimentation": 1, "job_modeling": 0, "job_name": "kelp-welcome", "money": 100, "region": "KelpStation", "scene_type": "dive-site", "science_level": 1, "science_points": 0, "site": "RS-1C", "task_list": [{"is_complete": true, "task_id": "gotoSiteC"}, {"is_complete": true, "task_id": "scanGiantKelp"}, {"is_complete": true, "task_id": "scanUrchin"}, {"is_complete": true, "task_id": "scanOtter"}, {"is_complete": true, "task_id": "returnToShip"}, {"is_complete": true, "task_id": "runExperiment"}, {"is_complete": false, "task_id": "reportBack"}], "time_since_launch": 571.58}	164
"26073112312081961"	"AQUALAB"	"2026-07-31T19:40:51.320000+00:00"	"script_line_displayed"	{"node_id": "job.kelp-welcome.helpReportBack", "server_time": "2026-07-31T14:40:51+00:00", "speaker": "", "text_string": "What now, V1ct0r?"}	"GAME"	"120"	"production"	"6"	"UTC-07:00"	"AbundantBank"	{}	{"job_argumentation": 1, "job_experimentation": 1, "job_modeling": 0, "job_name": "kelp-welcome", "money": 100, "region": "KelpStation", "scene_type": "dive-site", "science_level": 1, "science_points": 0, "site": "RS-1C", "task_list": [{"is_complete": true, "task_id": "gotoSiteC"}, {"is_complete": true, "task_id": "scanGiantKelp"}, {"is_complete": true, "task_id": "scanUrchin"}, {"is_complete": true, "task_id": "scanOtter"}, {"is_complete": true, "task_id": "returnToShip"}, {"is_complete": true, "task_id": "runExperiment"}, {"is_complete": false, "task_id": "reportBack"}], "time_since_launch": 571.58}	165
"26073112312081961"	"AQUALAB"	"2026-07-31T19:40:52.818000+00:00"	"script_line_displayed"	{"node_id": "job.kelp-welcome.helpReportBack", "server_time": "2026-07-31T14:40:53+00:00", "speaker": "", "text_string": "You need to report your findings."}	"GAME"	"120"	"production"	"6"	"UTC-07:00"	"AbundantBank"	{}	{"job_argumentation": 1, "job_experimentation": 1, "job_modeling": 0, "job_name": "kelp-welcome", "money": 100, "region": "KelpStation", "scene_type": "dive-site", "science_level": 1, "science_points": 0, "site": "RS-1C", "task_list": [{"is_complete": true, "task_id": "gotoSiteC"}, {"is_complete": true, "task_id": "scanGiantKelp"}, {"is_complete": true, "task_id": "scanUrchin"}, {"is_complete": true, "task_id": "scanOtter"}, {"is_complete": true, "task_id": "returnToShip"}, {"is_complete": true, "task_id": "runExperiment"}, {"is_complete": false, "task_id": "reportBack"}], "time_since_launch": 573.08}	166
"26073112312081961"	"AQUALAB"	"2026-07-31T19:40:53.718000+00:00"	"script_line_displayed"	{"node_id": "job.kelp-welcome.helpReportBack", "server_time": "2026-07-31T14:40:54+00:00", "speaker": "", "text_string": "Open your schematic and Quick-Travel to the research station."}	"GAME"	"120"	"production"	"6"	"UTC-07:00"	"AbundantBank"	{}	{"job_argumentation": 1, "job_experimentation": 1, "job_modeling": 0, "job_name": "kelp-welcome", "money": 100, "region": "KelpStation", "scene_type": "dive-site", "science_level": 1, "science_points": 0, "site": "RS-1C", "task_list": [{"is_complete": true, "task_id": "gotoSiteC"}, {"is_complete": true, "task_id": "scanGiantKelp"}, {"is_complete": true, "task_id": "scanUrchin"}, {"is_complete": true, "task_id": "scanOtter"}, {"is_complete": true, "task_id": "returnToShip"}, {"is_complete": true, "task_id": "runExperiment"}, {"is_complete": false, "task_id": "reportBack"}], "time_since_launch": 573.98}	167
"26073112312081961"	"AQUALAB"	"2026-07-31T19:40:56.585000+00:00"	"script_line_displayed"	{"node_id": "job.kelp-welcome.helpReportBack", "server_time": "2026-07-31T14:40:56+00:00", "speaker": "", "text_string": "Your mother will be waiting for you there."}	"GAME"	"120"	"production"	"6"	"UTC-07:00"	"AbundantBank"	{}	{"job_argumentation": 1, "job_experimentation": 1, "job_modeling": 0, "job_name": "kelp-welcome", "money": 100, "region": "KelpStation", "scene_type": "dive-site", "science_level": 1, "science_points": 0, "site": "RS-1C", "task_list": [{"is_complete": true, "task_id": "gotoSiteC"}, {"is_complete": true, "task_id": "scanGiantKelp"}, {"is_complete": true, "task_id": "scanUrchin"}, {"is_complete": true, "task_id": "scanOtter"}, {"is_complete": true, "task_id": "returnToShip"}, {"is_complete": true, "task_id": "runExperiment"}, {"is_complete": false, "task_id": "reportBack"}], "time_since_launch": 576.85}	168
"26073112312081961"	"AQUALAB"	"2026-07-31T19:41:01.813000+00:00"	"scene_changed"	{"scene_name": "KelpStation", "server_time": "2026-07-31T14:41:02+00:00"}	"GAME"	"120"	"production"	"6"	"UTC-07:00"	"AbundantBank"	{}	{"job_argumentation": 1, "job_experimentation": 1, "job_modeling": 0, "job_name": "kelp-welcome", "money": 100, "region": "KelpStation", "scene_type": "dive-site", "science_level": 1, "science_points": 0, "site": "RS-1C", "task_list": [{"is_complete": true, "task_id": "gotoSiteC"}, {"is_complete": true, "task_id": "scanGiantKelp"}, {"is_complete": true, "task_id": "scanUrchin"}, {"is_complete": true, "task_id": "scanOtter"}, {"is_complete": true, "task_id": "returnToShip"}, {"is_complete": true, "task_id": "runExperiment"}, {"is_complete": false, "task_id": "reportBack"}], "time_since_launch": 576.85}	169
"26073112312081961"	"AQUALAB"	"2026-07-31T19:41:08.282000+00:00"	"room_changed"	{"room_name": "Station", "server_time": "2026-07-31T14:41:08+00:00"}	"GAME"	"120"	"production"	"6"	"UTC-07:00"	"AbundantBank"	{}	{"job_argumentation": 1, "job_experimentation": 1, "job_modeling": 0, "job_name": "kelp-welcome", "money": 100, "region": "KelpStation", "scene_type": "surface", "science_level": 1, "science_points": 0, "site": "KelpStation", "task_list": [{"is_complete": true, "task_id": "gotoSiteC"}, {"is_complete": true, "task_id": "scanGiantKelp"}, {"is_complete": true, "task_id": "scanUrchin"}, {"is_complete": true, "task_id": "scanOtter"}, {"is_complete": true, "task_id": "returnToShip"}, {"is_complete": true, "task_id": "runExperiment"}, {"is_complete": false, "task_id": "reportBack"}], "time_since_launch": 582.07}	170
"26073112312081961"	"AQUALAB"	"2026-07-31T19:41:08.283000+00:00"	"scene_changed"	{"scene_name": "RS-1C-StationInterior", "server_time": "2026-07-31T14:41:08+00:00"}	"GAME"	"120"	"production"	"6"	"UTC-07:00"	"AbundantBank"	{}	{"job_argumentation": 1, "job_experimentation": 1, "job_modeling": 0, "job_name": "kelp-welcome", "money": 100, "region": "KelpStation", "scene_type": "surface", "science_level": 1, "science_points": 0, "site": "KelpStation", "task_list": [{"is_complete": true, "task_id": "gotoSiteC"}, {"is_complete": true, "task_id": "scanGiantKelp"}, {"is_complete": true, "task_id": "scanUrchin"}, {"is_complete": true, "task_id": "scanOtter"}, {"is_complete": true, "task_id": "returnToShip"}, {"is_complete": true, "task_id": "runExperiment"}, {"is_complete": false, "task_id": "reportBack"}], "time_since_launch": 588.54}	171
"26073112312081961"	"AQUALAB"	"2026-07-31T19:41:11.598000+00:00"	"room_changed"	{"room_name": "JobGiver", "server_time": "2026-07-31T14:41:11+00:00"}	"GAME"	"120"	"production"	"6"	"UTC-07:00"	"AbundantBank"	{}	{"job_argumentation": 1, "job_experimentation": 1, "job_modeling": 0, "job_name": "kelp-welcome", "money": 100, "region": "KelpStation", "scene_type": "station-interior", "science_level": 1, "science_points": 0, "site": "RS-Kelp", "task_list": [{"is_complete": true, "task_id": "gotoSiteC"}, {"is_complete": true, "task_id": "scanGiantKelp"}, {"is_complete": true, "task_id": "scanUrchin"}, {"is_complete": true, "task_id": "scanOtter"}, {"is_complete": true, "task_id": "returnToShip"}, {"is_complete": true, "task_id": "runExperiment"}, {"is_complete": false, "task_id": "reportBack"}], "time_since_launch": 588.54}	172
"26073112312081961"	"AQUALAB"	"2026-07-31T19:41:15.897000+00:00"	"script_began"	{"node_id": "interior.job.kelp.jobGiver.hasJob.a", "server_time": "2026-07-31T14:41:16+00:00"}	"GAME"	"120"	"production"	"6"	"UTC-07:00"	"AbundantBank"	{}	{"job_argumentation": 1, "job_experimentation": 1, "job_modeling": 0, "job_name": "kelp-welcome", "money": 100, "region": "KelpStation", "scene_type": "station-interior", "science_level": 1, "science_points": 0, "site": "RS-Kelp", "task_list": [{"is_complete": true, "task_id": "gotoSiteC"}, {"is_complete": true, "task_id": "scanGiantKelp"}, {"is_complete": true, "task_id": "scanUrchin"}, {"is_complete": true, "task_id": "scanOtter"}, {"is_complete": true, "task_id": "returnToShip"}, {"is_complete": true, "task_id": "runExperiment"}, {"is_complete": false, "task_id": "reportBack"}], "time_since_launch": 596.16}	173
"26073112312081961"	"AQUALAB"	"2026-07-31T19:41:15.901000+00:00"	"script_line_displayed"	{"node_id": "interior.job.kelp.jobGiver.hasJob.a", "server_time": "2026-07-31T14:41:16+00:00", "speaker": "", "text_string": "Olivia! Do you need help with something?"}	"GAME"	"120"	"production"	"6"	"UTC-07:00"	"AbundantBank"	{}	{"job_argumentation": 1, "job_experimentation": 1, "job_modeling": 0, "job_name": "kelp-welcome", "money": 100, "region": "KelpStation", "scene_type": "station-interior", "science_level": 1, "science_points": 0, "site": "RS-Kelp", "task_list": [{"is_complete": true, "task_id": "gotoSiteC"}, {"is_complete": true, "task_id": "scanGiantKelp"}, {"is_complete": true, "task_id": "scanUrchin"}, {"is_complete": true, "task_id": "scanOtter"}, {"is_complete": true, "task_id": "returnToShip"}, {"is_complete": true, "task_id": "runExperiment"}, {"is_complete": false, "task_id": "reportBack"}], "time_since_launch": 596.16}	174
"26073112312081961"	"AQUALAB"	"2026-07-31T19:41:20.848000+00:00"	"script_began"	{"node_id": "job.kelp-welcome.argue.intro", "server_time": "2026-07-31T14:41:21+00:00"}	"GAME"	"120"	"production"	"6"	"UTC-07:00"	"AbundantBank"	{}	{"job_argumentation": 1, "job_experimentation": 1, "job_modeling": 0, "job_name": "kelp-welcome", "money": 100, "region": "KelpStation", "scene_type": "station-interior", "science_level": 1, "science_points": 0, "site": "RS-Kelp", "task_list": [{"is_complete": true, "task_id": "gotoSiteC"}, {"is_complete": true, "task_id": "scanGiantKelp"}, {"is_complete": true, "task_id": "scanUrchin"}, {"is_complete": true, "task_id": "scanOtter"}, {"is_complete": true, "task_id": "returnToShip"}, {"is_complete": true, "task_id": "runExperiment"}, {"is_complete": false, "task_id": "reportBack"}], "time_since_launch": 601.11}	175
"26073112312081961"	"AQUALAB"	"2026-07-31T19:41:20.865000+00:00"	"begin_argument"	{"server_time": "2026-07-31T14:41:21+00:00"}	"GAME"	"120"	"production"	"6"	"UTC-07:00"	"AbundantBank"	{}	{"job_argumentation": 1, "job_experimentation": 1, "job_modeling": 0, "job_name": "kelp-welcome", "money": 100, "region": "KelpStation", "scene_type": "station-interior", "science_level": 1, "science_points": 0, "site": "RS-Kelp", "task_list": [{"is_complete": true, "task_id": "gotoSiteC"}, {"is_complete": true, "task_id": "scanGiantKelp"}, {"is_complete": true, "task_id": "scanUrchin"}, {"is_complete": true, "task_id": "scanOtter"}, {"is_complete": true, "task_id": "returnToShip"}, {"is_complete": true, "task_id": "runExperiment"}, {"is_complete": false, "task_id": "reportBack"}], "time_since_launch": 601.13}	176
"26073112312081961"	"AQUALAB"	"2026-07-31T19:41:20.865000+00:00"	"script_line_displayed"	{"node_id": "job.kelp-welcome.argue.hello", "server_time": "2026-07-31T14:41:21+00:00", "speaker": "", "text_string": "This is so exciting! Your first job!"}	"GAME"	"120"	"production"	"6"	"UTC-07:00"	"AbundantBank"	{}	{"job_argumentation": 1, "job_experimentation": 1, "job_modeling": 0, "job_name": "kelp-welcome", "money": 100, "region": "KelpStation", "scene_type": "station-interior", "science_level": 1, "science_points": 0, "site": "RS-Kelp", "task_list": [{"is_complete": true, "task_id": "gotoSiteC"}, {"is_complete": true, "task_id": "scanGiantKelp"}, {"is_complete": true, "task_id": "scanUrchin"}, {"is_complete": true, "task_id": "scanOtter"}, {"is_complete": true, "task_id": "returnToShip"}, {"is_complete": true, "task_id": "runExperiment"}, {"is_complete": false, "task_id": "reportBack"}], "time_since_launch": 601.13}	177
"26073112312081961"	"AQUALAB"	"2026-07-31T19:41:22.814000+00:00"	"script_line_displayed"	{"node_id": "job.kelp-welcome.argue.hello", "server_time": "2026-07-31T14:41:23+00:00", "speaker": "", "text_string": "How are you feeling? Tired? Hungry?"}	"GAME"	"120"	"production"	"6"	"UTC-07:00"	"AbundantBank"	{}	{"job_argumentation": 1, "job_experimentation": 1, "job_modeling": 0, "job_name": "kelp-welcome", "money": 100, "region": "KelpStation", "scene_type": "station-interior", "science_level": 1, "science_points": 0, "site": "RS-Kelp", "task_list": [{"is_complete": true, "task_id": "gotoSiteC"}, {"is_complete": true, "task_id": "scanGiantKelp"}, {"is_complete": true, "task_id": "scanUrchin"}, {"is_complete": true, "task_id": "scanOtter"}, {"is_complete": true, "task_id": "returnToShip"}, {"is_complete": true, "task_id": "runExperiment"}, {"is_complete": false, "task_id": "reportBack"}], "time_since_launch": 603.08}	178
"26073112312081961"	"AQUALAB"	"2026-07-31T19:41:25.814000+00:00"	"script_line_displayed"	{"node_id": "job.kelp-welcome.argue.hello", "server_time": "2026-07-31T14:41:26+00:00", "speaker": "", "text_string": "I've got a recipe for cinnamon kelp rolls that I've been dying to try..."}	"GAME"	"120"	"production"	"6"	"UTC-07:00"	"AbundantBank"	{}	{"job_argumentation": 1, "job_experimentation": 1, "job_modeling": 0, "job_name": "kelp-welcome", "money": 100, "region": "KelpStation", "scene_type": "station-interior", "science_level": 1, "science_points": 0, "site": "RS-Kelp", "task_list": [{"is_complete": true, "task_id": "gotoSiteC"}, {"is_complete": true, "task_id": "scanGiantKelp"}, {"is_complete": true, "task_id": "scanUrchin"}, {"is_complete": true, "task_id": "scanOtter"}, {"is_complete": true, "task_id": "returnToShip"}, {"is_complete": true, "task_id": "runExperiment"}, {"is_complete": false, "task_id": "reportBack"}], "time_since_launch": 606.08}	179
"26073112312081961"	"AQUALAB"	"2026-07-31T19:41:27.580000+00:00"	"script_line_displayed"	{"node_id": "job.kelp-welcome.argue.hello", "server_time": "2026-07-31T14:41:27+00:00", "speaker": "", "text_string": "Maybe later, Mom."}	"GAME"	"120"	"production"	"6"	"UTC-07:00"	"AbundantBank"	{}	{"job_argumentation": 1, "job_experimentation": 1, "job_modeling": 0, "job_name": "kelp-welcome", "money": 100, "region": "KelpStation", "scene_type": "station-interior", "science_level": 1, "science_points": 0, "site": "RS-Kelp", "task_list": [{"is_complete": true, "task_id": "gotoSiteC"}, {"is_complete": true, "task_id": "scanGiantKelp"}, {"is_complete": true, "task_id": "scanUrchin"}, {"is_complete": true, "task_id": "scanOtter"}, {"is_complete": true, "task_id": "returnToShip"}, {"is_complete": true, "task_id": "runExperiment"}, {"is_complete": false, "task_id": "reportBack"}], "time_since_launch": 607.84}	180
"26073112312081961"	"AQUALAB"	"2026-07-31T19:41:29.098000+00:00"	"script_line_displayed"	{"node_id": "job.kelp-welcome.argue.hello", "server_time": "2026-07-31T14:41:29+00:00", "speaker": "", "text_string": "Ok, Mija. Let's see what behaviors you discovered about the species here at Site C!"}	"GAME"	"120"	"production"	"6"	"UTC-07:00"	"AbundantBank"	{}	{"job_argumentation": 1, "job_experimentation": 1, "job_modeling": 0, "job_name": "kelp-welcome", "money": 100, "region": "KelpStation", "scene_type": "station-interior", "science_level": 1, "science_points": 0, "site": "RS-Kelp", "task_list": [{"is_complete": true, "task_id": "gotoSiteC"}, {"is_complete": true, "task_id": "scanGiantKelp"}, {"is_complete": true, "task_id": "scanUrchin"}, {"is_complete": true, "task_id": "scanOtter"}, {"is_complete": true, "task_id": "returnToShip"}, {"is_complete": true, "task_id": "runExperiment"}, {"is_complete": false, "task_id": "reportBack"}], "time_since_launch": 609.36}	181
"26073112312081961"	"AQUALAB"	"2026-07-31T19:41:47.780000+00:00"	"open_bestiary"	{"server_time": "2026-07-31T14:41:48+00:00"}	"GAME"	"120"	"production"	"6"	"UTC-07:00"	"AbundantBank"	{}	{"job_argumentation": 1, "job_experimentation": 1, "job_modeling": 0, "job_name": "kelp-welcome", "money": 100, "region": "KelpStation", "scene_type": "station-interior", "science_level": 1, "science_points": 0, "site": "RS-Kelp", "task_list": [{"is_complete": true, "task_id": "gotoSiteC"}, {"is_complete": true, "task_id": "scanGiantKelp"}, {"is_complete": true, "task_id": "scanUrchin"}, {"is_complete": true, "task_id": "scanOtter"}, {"is_complete": true, "task_id": "returnToShip"}, {"is_complete": true, "task_id": "runExperiment"}, {"is_complete": false, "task_id": "reportBack"}], "time_since_launch": 628.04}	182
"26073112312081961"	"AQUALAB"	"2026-07-31T19:41:47.780000+00:00"	"bestiary_open_environments_tab"	{"server_time": "2026-07-31T14:41:48+00:00"}	"GAME"	"120"	"production"	"6"	"UTC-07:00"	"AbundantBank"	{}	{"job_argumentation": 1, "job_experimentation": 1, "job_modeling": 0, "job_name": "kelp-welcome", "money": 100, "region": "KelpStation", "scene_type": "station-interior", "science_level": 1, "science_points": 0, "site": "RS-Kelp", "task_list": [{"is_complete": true, "task_id": "gotoSiteC"}, {"is_complete": true, "task_id": "scanGiantKelp"}, {"is_complete": true, "task_id": "scanUrchin"}, {"is_complete": true, "task_id": "scanOtter"}, {"is_complete": true, "task_id": "returnToShip"}, {"is_complete": true, "task_id": "runExperiment"}, {"is_complete": false, "task_id": "reportBack"}], "time_since_launch": 628.04}	183
"26073112312081961"	"AQUALAB"	"2026-07-31T19:41:48.981000+00:00"	"close_bestiary"	{"server_time": "2026-07-31T14:41:49+00:00"}	"GAME"	"120"	"production"	"6"	"UTC-07:00"	"AbundantBank"	{}	{"job_argumentation": 1, "job_experimentation": 1, "job_modeling": 0, "job_name": "kelp-welcome", "money": 100, "region": "KelpStation", "scene_type": "station-interior", "science_level": 1, "science_points": 0, "site": "RS-Kelp", "task_list": [{"is_complete": true, "task_id": "gotoSiteC"}, {"is_complete": true, "task_id": "scanGiantKelp"}, {"is_complete": true, "task_id": "scanUrchin"}, {"is_complete": true, "task_id": "scanOtter"}, {"is_complete": true, "task_id": "returnToShip"}, {"is_complete": true, "task_id": "runExperiment"}, {"is_complete": false, "task_id": "reportBack"}], "time_since_launch": 629.24}	184
"26073112312081961"	"AQUALAB"	"2026-07-31T19:41:48.982000+00:00"	"open_bestiary"	{"server_time": "2026-07-31T14:41:49+00:00"}	"GAME"	"120"	"production"	"6"	"UTC-07:00"	"AbundantBank"	{}	{"job_argumentation": 1, "job_experimentation": 1, "job_modeling": 0, "job_name": "kelp-welcome", "money": 100, "region": "KelpStation", "scene_type": "station-interior", "science_level": 1, "science_points": 0, "site": "RS-Kelp", "task_list": [{"is_complete": true, "task_id": "gotoSiteC"}, {"is_complete": true, "task_id": "scanGiantKelp"}, {"is_complete": true, "task_id": "scanUrchin"}, {"is_complete": true, "task_id": "scanOtter"}, {"is_complete": true, "task_id": "returnToShip"}, {"is_complete": true, "task_id": "runExperiment"}, {"is_complete": false, "task_id": "reportBack"}], "time_since_launch": 629.24}	185
"26073112312081961"	"AQUALAB"	"2026-07-31T19:41:48.982000+00:00"	"bestiary_open_species_tab"	{"server_time": "2026-07-31T14:41:49+00:00"}	"GAME"	"120"	"production"	"6"	"UTC-07:00"	"AbundantBank"	{}	{"job_argumentation": 1, "job_experimentation": 1, "job_modeling": 0, "job_name": "kelp-welcome", "money": 100, "region": "KelpStation", "scene_type": "station-interior", "science_level": 1, "science_points": 0, "site": "RS-Kelp", "task_list": [{"is_complete": true, "task_id": "gotoSiteC"}, {"is_complete": true, "task_id": "scanGiantKelp"}, {"is_complete": true, "task_id": "scanUrchin"}, {"is_complete": true, "task_id": "scanOtter"}, {"is_complete": true, "task_id": "returnToShip"}, {"is_complete": true, "task_id": "runExperiment"}, {"is_complete": false, "task_id": "reportBack"}], "time_since_launch": 629.24}	186
"26073112312081961"	"AQUALAB"	"2026-07-31T19:41:48.988000+00:00"	"open_bestiary"	{"server_time": "2026-07-31T14:41:49+00:00"}	"GAME"	"120"	"production"	"6"	"UTC-07:00"	"AbundantBank"	{}	{"job_argumentation": 1, "job_experimentation": 1, "job_modeling": 0, "job_name": "kelp-welcome", "money": 100, "region": "KelpStation", "scene_type": "station-interior", "science_level": 1, "science_points": 0, "site": "RS-Kelp", "task_list": [{"is_complete": true, "task_id": "gotoSiteC"}, {"is_complete": true, "task_id": "scanGiantKelp"}, {"is_complete": true, "task_id": "scanUrchin"}, {"is_complete": true, "task_id": "scanOtter"}, {"is_complete": true, "task_id": "returnToShip"}, {"is_complete": true, "task_id": "runExperiment"}, {"is_complete": false, "task_id": "reportBack"}], "time_since_launch": 629.25}	187
"26073112312081961"	"AQUALAB"	"2026-07-31T19:41:48.988000+00:00"	"bestiary_open_species_tab"	{"server_time": "2026-07-31T14:41:49+00:00"}	"GAME"	"120"	"production"	"6"	"UTC-07:00"	"AbundantBank"	{}	{"job_argumentation": 1, "job_experimentation": 1, "job_modeling": 0, "job_name": "kelp-welcome", "money": 100, "region": "KelpStation", "scene_type": "station-interior", "science_level": 1, "science_points": 0, "site": "RS-Kelp", "task_list": [{"is_complete": true, "task_id": "gotoSiteC"}, {"is_complete": true, "task_id": "scanGiantKelp"}, {"is_complete": true, "task_id": "scanUrchin"}, {"is_complete": true, "task_id": "scanOtter"}, {"is_complete": true, "task_id": "returnToShip"}, {"is_complete": true, "task_id": "runExperiment"}, {"is_complete": false, "task_id": "reportBack"}], "time_since_launch": 629.25}	188
"26073112312081961"	"AQUALAB"	"2026-07-31T19:41:51.131000+00:00"	"close_bestiary"	{"server_time": "2026-07-31T14:41:51+00:00"}	"GAME"	"120"	"production"	"6"	"UTC-07:00"	"AbundantBank"	{}	{"job_argumentation": 1, "job_experimentation": 1, "job_modeling": 0, "job_name": "kelp-welcome", "money": 100, "region": "KelpStation", "scene_type": "station-interior", "science_level": 1, "science_points": 0, "site": "RS-Kelp", "task_list": [{"is_complete": true, "task_id": "gotoSiteC"}, {"is_complete": true, "task_id": "scanGiantKelp"}, {"is_complete": true, "task_id": "scanUrchin"}, {"is_complete": true, "task_id": "scanOtter"}, {"is_complete": true, "task_id": "returnToShip"}, {"is_complete": true, "task_id": "runExperiment"}, {"is_complete": false, "task_id": "reportBack"}], "time_since_launch": 631.39}	189
"26073112312081961"	"AQUALAB"	"2026-07-31T19:41:51.132000+00:00"	"open_status"	{"server_time": "2026-07-31T14:41:51+00:00"}	"GAME"	"120"	"production"	"6"	"UTC-07:00"	"AbundantBank"	{}	{"job_argumentation": 1, "job_experimentation": 1, "job_modeling": 0, "job_name": "kelp-welcome", "money": 100, "region": "KelpStation", "scene_type": "station-interior", "science_level": 1, "science_points": 0, "site": "RS-Kelp", "task_list": [{"is_complete": true, "task_id": "gotoSiteC"}, {"is_complete": true, "task_id": "scanGiantKelp"}, {"is_complete": true, "task_id": "scanUrchin"}, {"is_complete": true, "task_id": "scanOtter"}, {"is_complete": true, "task_id": "returnToShip"}, {"is_complete": true, "task_id": "runExperiment"}, {"is_complete": false, "task_id": "reportBack"}], "time_since_launch": 631.39}	190
"26073112312081961"	"AQUALAB"	"2026-07-31T19:41:51.133000+00:00"	"status_open_job_tab"	{"server_time": "2026-07-31T14:41:51+00:00"}	"GAME"	"120"	"production"	"6"	"UTC-07:00"	"AbundantBank"	{}	{"job_argumentation": 1, "job_experimentation": 1, "job_modeling": 0, "job_name": "kelp-welcome", "money": 100, "region": "KelpStation", "scene_type": "station-interior", "science_level": 1, "science_points": 0, "site": "RS-Kelp", "task_list": [{"is_complete": true, "task_id": "gotoSiteC"}, {"is_complete": true, "task_id": "scanGiantKelp"}, {"is_complete": true, "task_id": "scanUrchin"}, {"is_complete": true, "task_id": "scanOtter"}, {"is_complete": true, "task_id": "returnToShip"}, {"is_complete": true, "task_id": "runExperiment"}, {"is_complete": false, "task_id": "reportBack"}], "time_since_launch": 631.39}	191
"26073112312081961"	"AQUALAB"	"2026-07-31T19:41:51.133000+00:00"	"status_open_job_tab"	{"server_time": "2026-07-31T14:41:51+00:00"}	"GAME"	"120"	"production"	"6"	"UTC-07:00"	"AbundantBank"	{}	{"job_argumentation": 1, "job_experimentation": 1, "job_modeling": 0, "job_name": "kelp-welcome", "money": 100, "region": "KelpStation", "scene_type": "station-interior", "science_level": 1, "science_points": 0, "site": "RS-Kelp", "task_list": [{"is_complete": true, "task_id": "gotoSiteC"}, {"is_complete": true, "task_id": "scanGiantKelp"}, {"is_complete": true, "task_id": "scanUrchin"}, {"is_complete": true, "task_id": "scanOtter"}, {"is_complete": true, "task_id": "returnToShip"}, {"is_complete": true, "task_id": "runExperiment"}, {"is_complete": false, "task_id": "reportBack"}], "time_since_launch": 631.39}	192
"26073112312081961"	"AQUALAB"	"2026-07-31T19:42:08.616000+00:00"	"close_status"	{"server_time": "2026-07-31T14:42:09+00:00"}	"GAME"	"120"	"production"	"6"	"UTC-07:00"	"AbundantBank"	{}	{"job_argumentation": 1, "job_experimentation": 1, "job_modeling": 0, "job_name": "kelp-welcome", "money": 100, "region": "KelpStation", "scene_type": "station-interior", "science_level": 1, "science_points": 0, "site": "RS-Kelp", "task_list": [{"is_complete": true, "task_id": "gotoSiteC"}, {"is_complete": true, "task_id": "scanGiantKelp"}, {"is_complete": true, "task_id": "scanUrchin"}, {"is_complete": true, "task_id": "scanOtter"}, {"is_complete": true, "task_id": "returnToShip"}, {"is_complete": true, "task_id": "runExperiment"}, {"is_complete": false, "task_id": "reportBack"}], "time_since_launch": 648.88}	193
"26073112312081961"	"AQUALAB"	"2026-07-31T19:42:08.627000+00:00"	"open_bestiary"	{"server_time": "2026-07-31T14:42:09+00:00"}	"GAME"	"120"	"production"	"6"	"UTC-07:00"	"AbundantBank"	{}	{"job_argumentation": 1, "job_experimentation": 1, "job_modeling": 0, "job_name": "kelp-welcome", "money": 100, "region": "KelpStation", "scene_type": "station-interior", "science_level": 1, "science_points": 0, "site": "RS-Kelp", "task_list": [{"is_complete": true, "task_id": "gotoSiteC"}, {"is_complete": true, "task_id": "scanGiantKelp"}, {"is_complete": true, "task_id": "scanUrchin"}, {"is_complete": true, "task_id": "scanOtter"}, {"is_complete": true, "task_id": "returnToShip"}, {"is_complete": true, "task_id": "runExperiment"}, {"is_complete": false, "task_id": "reportBack"}], "time_since_launch": 648.89}	194
"26073112312081961"	"AQUALAB"	"2026-07-31T19:42:08.627000+00:00"	"bestiary_open_species_tab"	{"server_time": "2026-07-31T14:42:09+00:00"}	"GAME"	"120"	"production"	"6"	"UTC-07:00"	"AbundantBank"	{}	{"job_argumentation": 1, "job_experimentation": 1, "job_modeling": 0, "job_name": "kelp-welcome", "money": 100, "region": "KelpStation", "scene_type": "station-interior", "science_level": 1, "science_points": 0, "site": "RS-Kelp", "task_list": [{"is_complete": true, "task_id": "gotoSiteC"}, {"is_complete": true, "task_id": "scanGiantKelp"}, {"is_complete": true, "task_id": "scanUrchin"}, {"is_complete": true, "task_id": "scanOtter"}, {"is_complete": true, "task_id": "returnToShip"}, {"is_complete": true, "task_id": "runExperiment"}, {"is_complete": false, "task_id": "reportBack"}], "time_since_launch": 648.89}	195
"26073112312081961"	"AQUALAB"	"2026-07-31T19:42:10.353000+00:00"	"bestiary_select_species"	{"server_time": "2026-07-31T14:42:10+00:00", "species_id": "GiantKelp"}	"GAME"	"120"	"production"	"6"	"UTC-07:00"	"AbundantBank"	{}	{"job_argumentation": 1, "job_experimentation": 1, "job_modeling": 0, "job_name": "kelp-welcome", "money": 100, "region": "KelpStation", "scene_type": "station-interior", "science_level": 1, "science_points": 0, "site": "RS-Kelp", "task_list": [{"is_complete": true, "task_id": "gotoSiteC"}, {"is_complete": true, "task_id": "scanGiantKelp"}, {"is_complete": true, "task_id": "scanUrchin"}, {"is_complete": true, "task_id": "scanOtter"}, {"is_complete": true, "task_id": "returnToShip"}, {"is_complete": true, "task_id": "runExperiment"}, {"is_complete": false, "task_id": "reportBack"}], "time_since_launch": 650.61}	196
"26073112312081961"	"AQUALAB"	"2026-07-31T19:42:13.117000+00:00"	"bestiary_select_species"	{"server_time": "2026-07-31T14:42:13+00:00", "species_id": "Mussel"}	"GAME"	"120"	"production"	"6"	"UTC-07:00"	"AbundantBank"	{}	{"job_argumentation": 1, "job_experimentation": 1, "job_modeling": 0, "job_name": "kelp-welcome", "money": 100, "region": "KelpStation", "scene_type": "station-interior", "science_level": 1, "science_points": 0, "site": "RS-Kelp", "task_list": [{"is_complete": true, "task_id": "gotoSiteC"}, {"is_complete": true, "task_id": "scanGiantKelp"}, {"is_complete": true, "task_id": "scanUrchin"}, {"is_complete": true, "task_id": "scanOtter"}, {"is_complete": true, "task_id": "returnToShip"}, {"is_complete": true, "task_id": "runExperiment"}, {"is_complete": false, "task_id": "reportBack"}], "time_since_launch": 653.38}	197
"26073112312081961"	"AQUALAB"	"2026-07-31T19:42:20.151000+00:00"	"bestiary_select_species"	{"server_time": "2026-07-31T14:42:20+00:00", "species_id": "SeaOtter"}	"GAME"	"120"	"production"	"6"	"UTC-07:00"	"AbundantBank"	{}	{"job_argumentation": 1, "job_experimentation": 1, "job_modeling": 0, "job_name": "kelp-welcome", "money": 100, "region": "KelpStation", "scene_type": "station-interior", "science_level": 1, "science_points": 0, "site": "RS-Kelp", "task_list": [{"is_complete": true, "task_id": "gotoSiteC"}, {"is_complete": true, "task_id": "scanGiantKelp"}, {"is_complete": true, "task_id": "scanUrchin"}, {"is_complete": true, "task_id": "scanOtter"}, {"is_complete": true, "task_id": "returnToShip"}, {"is_complete": true, "task_id": "runExperiment"}, {"is_complete": false, "task_id": "reportBack"}], "time_since_launch": 660.41}	198
"26073112312081961"	"AQUALAB"	"2026-07-31T19:42:22.151000+00:00"	"bestiary_select_species"	{"server_time": "2026-07-31T14:42:22+00:00", "species_id": "Urchin"}	"GAME"	"120"	"production"	"6"	"UTC-07:00"	"AbundantBank"	{}	{"job_argumentation": 1, "job_experimentation": 1, "job_modeling": 0, "job_name": "kelp-welcome", "money": 100, "region": "KelpStation", "scene_type": "station-interior", "science_level": 1, "science_points": 0, "site": "RS-Kelp", "task_list": [{"is_complete": true, "task_id": "gotoSiteC"}, {"is_complete": true, "task_id": "scanGiantKelp"}, {"is_complete": true, "task_id": "scanUrchin"}, {"is_complete": true, "task_id": "scanOtter"}, {"is_complete": true, "task_id": "returnToShip"}, {"is_complete": true, "task_id": "runExperiment"}, {"is_complete": false, "task_id": "reportBack"}], "time_since_launch": 662.41}	199
"26073112312081961"	"AQUALAB"	"2026-07-31T19:42:26.388000+00:00"	"bestiary_select_species"	{"server_time": "2026-07-31T14:42:26+00:00", "species_id": "SeaOtter"}	"GAME"	"120"	"production"	"6"	"UTC-07:00"	"AbundantBank"	{}	{"job_argumentation": 1, "job_experimentation": 1, "job_modeling": 0, "job_name": "kelp-welcome", "money": 100, "region": "KelpStation", "scene_type": "station-interior", "science_level": 1, "science_points": 0, "site": "RS-Kelp", "task_list": [{"is_complete": true, "task_id": "gotoSiteC"}, {"is_complete": true, "task_id": "scanGiantKelp"}, {"is_complete": true, "task_id": "scanUrchin"}, {"is_complete": true, "task_id": "scanOtter"}, {"is_complete": true, "task_id": "returnToShip"}, {"is_complete": true, "task_id": "runExperiment"}, {"is_complete": false, "task_id": "reportBack"}], "time_since_launch": 666.65}	200
"26073113054722981"	"AQUALAB"	"2026-07-31T20:06:32.964000+00:00"	"room_changed"	{"room_name": "Station", "server_time": "2026-07-31T15:06:34+00:00"}	"GAME"	"120"	"production"	"6"	"UTC-07:00"	"AbundantBank"	{}	{"job_name": "no-active-job", "money": 0, "region": "no-active-region", "scene_type": "menu", "science_level": 0, "science_points": 0, "site": "no-active-site", "time_since_launch": 10.68}	0
"26073113054722981"	"AQUALAB"	"2026-07-31T20:06:32.974000+00:00"	"scene_changed"	{"scene_name": "RS-1C-StationInterior", "server_time": "2026-07-31T15:06:34+00:00"}	"GAME"	"120"	"production"	"6"	"UTC-07:00"	"AbundantBank"	{}	{"job_argumentation": 1, "job_experimentation": 1, "job_modeling": 0, "job_name": "kelp-welcome", "money": 100, "region": "no-active-region", "scene_type": "menu", "science_level": 1, "science_points": 0, "site": "no-active-site", "task_list": [{"is_complete": true, "task_id": "gotoSiteC"}, {"is_complete": true, "task_id": "scanGiantKelp"}, {"is_complete": true, "task_id": "scanUrchin"}, {"is_complete": true, "task_id": "scanOtter"}, {"is_complete": true, "task_id": "returnToShip"}, {"is_complete": true, "task_id": "runExperiment"}, {"is_complete": false, "task_id": "reportBack"}], "time_since_launch": 45.96}	1
"26073113054722981"	"AQUALAB"	"2026-07-31T20:06:32.980000+00:00"	"switch_job"	{"prev_job_name": "kelp-welcome", "server_time": "2026-07-31T15:06:34+00:00"}	"GAME"	"120"	"production"	"6"	"UTC-07:00"	"AbundantBank"	{}	{"job_argumentation": 1, "job_experimentation": 1, "job_modeling": 0, "job_name": "kelp-welcome", "money": 100, "region": "KelpStation", "scene_type": "station-interior", "science_level": 1, "science_points": 0, "site": "RS-Kelp", "task_list": [{"is_complete": true, "task_id": "gotoSiteC"}, {"is_complete": true, "task_id": "scanGiantKelp"}, {"is_complete": true, "task_id": "scanUrchin"}, {"is_complete": true, "task_id": "scanOtter"}, {"is_complete": true, "task_id": "returnToShip"}, {"is_complete": true, "task_id": "runExperiment"}, {"is_complete": false, "task_id": "reportBack"}], "time_since_launch": 45.97}	2
"26073113054722981"	"AQUALAB"	"2026-07-31T20:06:37.860000+00:00"	"scene_changed"	{"scene_name": "KelpStation", "server_time": "2026-07-31T15:06:38+00:00"}	"GAME"	"120"	"production"	"6"	"UTC-07:00"	"AbundantBank"	{}	{"job_argumentation": 1, "job_experimentation": 1, "job_modeling": 0, "job_name": "kelp-welcome", "money": 100, "region": "KelpStation", "scene_type": "station-interior", "science_level": 1, "science_points": 0, "site": "RS-Kelp", "task_list": [{"is_complete": true, "task_id": "gotoSiteC"}, {"is_complete": true, "task_id": "scanGiantKelp"}, {"is_complete": true, "task_id": "scanUrchin"}, {"is_complete": true, "task_id": "scanOtter"}, {"is_complete": true, "task_id": "returnToShip"}, {"is_complete": true, "task_id": "runExperiment"}, {"is_complete": false, "task_id": "reportBack"}], "time_since_launch": 45.98}	3
"26073113054722981"	"AQUALAB"	"2026-07-31T20:06:43.176000+00:00"	"open_status"	{"server_time": "2026-07-31T15:06:44+00:00"}	"GAME"	"120"	"production"	"6"	"UTC-07:00"	"AbundantBank"	{}	{"job_argumentation": 1, "job_experimentation": 1, "job_modeling": 0, "job_name": "kelp-welcome", "money": 100, "region": "KelpStation", "scene_type": "surface", "science_level": 1, "science_points": 0, "site": "KelpStation", "task_list": [{"is_complete": true, "task_id": "gotoSiteC"}, {"is_complete": true, "task_id": "scanGiantKelp"}, {"is_complete": true, "task_id": "scanUrchin"}, {"is_complete": true, "task_id": "scanOtter"}, {"is_complete": true, "task_id": "returnToShip"}, {"is_complete": true, "task_id": "runExperiment"}, {"is_complete": false, "task_id": "reportBack"}], "time_since_launch": 56.17}	4
"26073113054722981"	"AQUALAB"	"2026-07-31T20:06:43.177000+00:00"	"status_open_job_tab"	{"server_time": "2026-07-31T15:06:44+00:00"}	"GAME"	"120"	"production"	"6"	"UTC-07:00"	"AbundantBank"	{}	{"job_argumentation": 1, "job_experimentation": 1, "job_modeling": 0, "job_name": "kelp-welcome", "money": 100, "region": "KelpStation", "scene_type": "surface", "science_level": 1, "science_points": 0, "site": "KelpStation", "task_list": [{"is_complete": true, "task_id": "gotoSiteC"}, {"is_complete": true, "task_id": "scanGiantKelp"}, {"is_complete": true, "task_id": "scanUrchin"}, {"is_complete": true, "task_id": "scanOtter"}, {"is_complete": true, "task_id": "returnToShip"}, {"is_complete": true, "task_id": "runExperiment"}, {"is_complete": false, "task_id": "reportBack"}], "time_since_launch": 56.17}	5
"26073113054722981"	"AQUALAB"	"2026-07-31T20:06:43.177000+00:00"	"status_open_job_tab"	{"server_time": "2026-07-31T15:06:44+00:00"}	"GAME"	"120"	"production"	"6"	"UTC-07:00"	"AbundantBank"	{}	{"job_argumentation": 1, "job_experimentation": 1, "job_modeling": 0, "job_name": "kelp-welcome", "money": 100, "region": "KelpStation", "scene_type": "surface", "science_level": 1, "science_points": 0, "site": "KelpStation", "task_list": [{"is_complete": true, "task_id": "gotoSiteC"}, {"is_complete": true, "task_id": "scanGiantKelp"}, {"is_complete": true, "task_id": "scanUrchin"}, {"is_complete": true, "task_id": "scanOtter"}, {"is_complete": true, "task_id": "returnToShip"}, {"is_complete": true, "task_id": "runExperiment"}, {"is_complete": false, "task_id": "reportBack"}], "time_since_launch": 56.17}	6
"26073113054722981"	"AQUALAB"	"2026-07-31T20:06:49.544000+00:00"	"close_status"	{"server_time": "2026-07-31T15:06:50+00:00"}	"GAME"	"120"	"production"	"6"	"UTC-07:00"	"AbundantBank"	{}	{"job_argumentation": 1, "job_experimentation": 1, "job_modeling": 0, "job_name": "kelp-welcome", "money": 100, "region": "KelpStation", "scene_type": "surface", "science_level": 1, "science_points": 0, "site": "KelpStation", "task_list": [{"is_complete": true, "task_id": "gotoSiteC"}, {"is_complete": true, "task_id": "scanGiantKelp"}, {"is_complete": true, "task_id": "scanUrchin"}, {"is_complete": true, "task_id": "scanOtter"}, {"is_complete": true, "task_id": "returnToShip"}, {"is_complete": true, "task_id": "runExperiment"}, {"is_complete": false, "task_id": "reportBack"}], "time_since_launch": 62.54}	7
"26073113054722981"	"AQUALAB"	"2026-07-31T20:07:03.458000+00:00"	"room_changed"	{"room_name": "Station", "server_time": "2026-07-31T15:07:04+00:00"}	"GAME"	"120"	"production"	"6"	"UTC-07:00"	"AbundantBank"	{}	{"job_argumentation": 1, "job_experimentation": 1, "job_modeling": 0, "job_name": "kelp-welcome", "money": 100, "region": "KelpStation", "scene_type": "surface", "science_level": 1, "science_points": 0, "site": "KelpStation", "task_list": [{"is_complete": true, "task_id": "gotoSiteC"}, {"is_complete": true, "task_id": "scanGiantKelp"}, {"is_complete": true, "task_id": "scanUrchin"}, {"is_complete": true, "task_id": "scanOtter"}, {"is_complete": true, "task_id": "returnToShip"}, {"is_complete": true, "task_id": "runExperiment"}, {"is_complete": false, "task_id": "reportBack"}], "time_since_launch": 62.54}	8
"26073113054722981"	"AQUALAB"	"2026-07-31T20:07:03.459000+00:00"	"scene_changed"	{"scene_name": "RS-1C-StationInterior", "server_time": "2026-07-31T15:07:04+00:00"}	"GAME"	"120"	"production"	"6"	"UTC-07:00"	"AbundantBank"	{}	{"job_argumentation": 1, "job_experimentation": 1, "job_modeling": 0, "job_name": "kelp-welcome", "money": 100, "region": "KelpStation", "scene_type": "surface", "science_level": 1, "science_points": 0, "site": "KelpStation", "task_list": [{"is_complete": true, "task_id": "gotoSiteC"}, {"is_complete": true, "task_id": "scanGiantKelp"}, {"is_complete": true, "task_id": "scanUrchin"}, {"is_complete": true, "task_id": "scanOtter"}, {"is_complete": true, "task_id": "returnToShip"}, {"is_complete": true, "task_id": "runExperiment"}, {"is_complete": false, "task_id": "reportBack"}], "time_since_launch": 76.45}	9
"26073113054722981"	"AQUALAB"	"2026-07-31T20:07:08.535000+00:00"	"room_changed"	{"room_name": "JobGiver", "server_time": "2026-07-31T15:07:09+00:00"}	"GAME"	"120"	"production"	"6"	"UTC-07:00"	"AbundantBank"	{}	{"job_argumentation": 1, "job_experimentation": 1, "job_modeling": 0, "job_name": "kelp-welcome", "money": 100, "region": "KelpStation", "scene_type": "station-interior", "science_level": 1, "science_points": 0, "site": "RS-Kelp", "task_list": [{"is_complete": true, "task_id": "gotoSiteC"}, {"is_complete": true, "task_id": "scanGiantKelp"}, {"is_complete": true, "task_id": "scanUrchin"}, {"is_complete": true, "task_id": "scanOtter"}, {"is_complete": true, "task_id": "returnToShip"}, {"is_complete": true, "task_id": "runExperiment"}, {"is_complete": false, "task_id": "reportBack"}], "time_since_launch": 76.45}	10
"26073113054722981"	"AQUALAB"	"2026-07-31T20:07:10.461000+00:00"	"script_began"	{"node_id": "interior.job.kelp.jobGiver.hasJob.a", "server_time": "2026-07-31T15:07:11+00:00"}	"GAME"	"120"	"production"	"6"	"UTC-07:00"	"AbundantBank"	{}	{"job_argumentation": 1, "job_experimentation": 1, "job_modeling": 0, "job_name": "kelp-welcome", "money": 100, "region": "KelpStation", "scene_type": "station-interior", "science_level": 1, "science_points": 0, "site": "RS-Kelp", "task_list": [{"is_complete": true, "task_id": "gotoSiteC"}, {"is_complete": true, "task_id": "scanGiantKelp"}, {"is_complete": true, "task_id": "scanUrchin"}, {"is_complete": true, "task_id": "scanOtter"}, {"is_complete": true, "task_id": "returnToShip"}, {"is_complete": true, "task_id": "runExperiment"}, {"is_complete": false, "task_id": "reportBack"}], "time_since_launch": 83.45}	11
"26073113054722981"	"AQUALAB"	"2026-07-31T20:07:10.486000+00:00"	"script_line_displayed"	{"node_id": "interior.job.kelp.jobGiver.hasJob.a", "server_time": "2026-07-31T15:07:11+00:00", "speaker": "", "text_string": "Olivia! Do you need help with something?"}	"GAME"	"120"	"production"	"6"	"UTC-07:00"	"AbundantBank"	{}	{"job_argumentation": 1, "job_experimentation": 1, "job_modeling": 0, "job_name": "kelp-welcome", "money": 100, "region": "KelpStation", "scene_type": "station-interior", "science_level": 1, "science_points": 0, "site": "RS-Kelp", "task_list": [{"is_complete": true, "task_id": "gotoSiteC"}, {"is_complete": true, "task_id": "scanGiantKelp"}, {"is_complete": true, "task_id": "scanUrchin"}, {"is_complete": true, "task_id": "scanOtter"}, {"is_complete": true, "task_id": "returnToShip"}, {"is_complete": true, "task_id": "runExperiment"}, {"is_complete": false, "task_id": "reportBack"}], "time_since_launch": 83.48}	12
"26073113054722981"	"AQUALAB"	"2026-07-31T20:07:15.763000+00:00"	"script_began"	{"node_id": "job.kelp-welcome.argue.intro", "server_time": "2026-07-31T15:07:16+00:00"}	"GAME"	"120"	"production"	"6"	"UTC-07:00"	"AbundantBank"	{}	{"job_argumentation": 1, "job_experimentation": 1, "job_modeling": 0, "job_name": "kelp-welcome", "money": 100, "region": "KelpStation", "scene_type": "station-interior", "science_level": 1, "science_points": 0, "site": "RS-Kelp", "task_list": [{"is_complete": true, "task_id": "gotoSiteC"}, {"is_complete": true, "task_id": "scanGiantKelp"}, {"is_complete": true, "task_id": "scanUrchin"}, {"is_complete": true, "task_id": "scanOtter"}, {"is_complete": true, "task_id": "returnToShip"}, {"is_complete": true, "task_id": "runExperiment"}, {"is_complete": false, "task_id": "reportBack"}], "time_since_launch": 88.76}	13
"26073113054722981"	"AQUALAB"	"2026-07-31T20:07:15.796000+00:00"	"begin_argument"	{"server_time": "2026-07-31T15:07:16+00:00"}	"GAME"	"120"	"production"	"6"	"UTC-07:00"	"AbundantBank"	{}	{"job_argumentation": 1, "job_experimentation": 1, "job_modeling": 0, "job_name": "kelp-welcome", "money": 100, "region": "KelpStation", "scene_type": "station-interior", "science_level": 1, "science_points": 0, "site": "RS-Kelp", "task_list": [{"is_complete": true, "task_id": "gotoSiteC"}, {"is_complete": true, "task_id": "scanGiantKelp"}, {"is_complete": true, "task_id": "scanUrchin"}, {"is_complete": true, "task_id": "scanOtter"}, {"is_complete": true, "task_id": "returnToShip"}, {"is_complete": true, "task_id": "runExperiment"}, {"is_complete": false, "task_id": "reportBack"}], "time_since_launch": 88.79}	14
"26073113054722981"	"AQUALAB"	"2026-07-31T20:07:15.797000+00:00"	"script_line_displayed"	{"node_id": "job.kelp-welcome.argue.hello", "server_time": "2026-07-31T15:07:16+00:00", "speaker": "", "text_string": "This is so exciting! Your first job!"}	"GAME"	"120"	"production"	"6"	"UTC-07:00"	"AbundantBank"	{}	{"job_argumentation": 1, "job_experimentation": 1, "job_modeling": 0, "job_name": "kelp-welcome", "money": 100, "region": "KelpStation", "scene_type": "station-interior", "science_level": 1, "science_points": 0, "site": "RS-Kelp", "task_list": [{"is_complete": true, "task_id": "gotoSiteC"}, {"is_complete": true, "task_id": "scanGiantKelp"}, {"is_complete": true, "task_id": "scanUrchin"}, {"is_complete": true, "task_id": "scanOtter"}, {"is_complete": true, "task_id": "returnToShip"}, {"is_complete": true, "task_id": "runExperiment"}, {"is_complete": false, "task_id": "reportBack"}], "time_since_launch": 88.79}	15
"26073113054722981"	"AQUALAB"	"2026-07-31T20:07:17.829000+00:00"	"script_line_displayed"	{"node_id": "job.kelp-welcome.argue.hello", "server_time": "2026-07-31T15:07:18+00:00", "speaker": "", "text_string": "How are you feeling? Tired? Hungry?"}	"GAME"	"120"	"production"	"6"	"UTC-07:00"	"AbundantBank"	{}	{"job_argumentation": 1, "job_experimentation": 1, "job_modeling": 0, "job_name": "kelp-welcome", "money": 100, "region": "KelpStation", "scene_type": "station-interior", "science_level": 1, "science_points": 0, "site": "RS-Kelp", "task_list": [{"is_complete": true, "task_id": "gotoSiteC"}, {"is_complete": true, "task_id": "scanGiantKelp"}, {"is_complete": true, "task_id": "scanUrchin"}, {"is_complete": true, "task_id": "scanOtter"}, {"is_complete": true, "task_id": "returnToShip"}, {"is_complete": true, "task_id": "runExperiment"}, {"is_complete": false, "task_id": "reportBack"}], "time_since_launch": 90.82}	16
"26073113054722981"	"AQUALAB"	"2026-07-31T20:07:18.525000+00:00"	"script_line_displayed"	{"node_id": "job.kelp-welcome.argue.hello", "server_time": "2026-07-31T15:07:19+00:00", "speaker": "", "text_string": "I've got a recipe for cinnamon kelp rolls that I've been dying to try..."}	"GAME"	"120"	"production"	"6"	"UTC-07:00"	"AbundantBank"	{}	{"job_argumentation": 1, "job_experimentation": 1, "job_modeling": 0, "job_name": "kelp-welcome", "money": 100, "region": "KelpStation", "scene_type": "station-interior", "science_level": 1, "science_points": 0, "site": "RS-Kelp", "task_list": [{"is_complete": true, "task_id": "gotoSiteC"}, {"is_complete": true, "task_id": "scanGiantKelp"}, {"is_complete": true, "task_id": "scanUrchin"}, {"is_complete": true, "task_id": "scanOtter"}, {"is_complete": true, "task_id": "returnToShip"}, {"is_complete": true, "task_id": "runExperiment"}, {"is_complete": false, "task_id": "reportBack"}], "time_since_launch": 91.52}	17
"26073113054722981"	"AQUALAB"	"2026-07-31T20:07:19.127000+00:00"	"script_line_displayed"	{"node_id": "job.kelp-welcome.argue.hello", "server_time": "2026-07-31T15:07:20+00:00", "speaker": "", "text_string": "Maybe later, Mom."}	"GAME"	"120"	"production"	"6"	"UTC-07:00"	"AbundantBank"	{}	{"job_argumentation": 1, "job_experimentation": 1, "job_modeling": 0, "job_name": "kelp-welcome", "money": 100, "region": "KelpStation", "scene_type": "station-interior", "science_level": 1, "science_points": 0, "site": "RS-Kelp", "task_list": [{"is_complete": true, "task_id": "gotoSiteC"}, {"is_complete": true, "task_id": "scanGiantKelp"}, {"is_complete": true, "task_id": "scanUrchin"}, {"is_complete": true, "task_id": "scanOtter"}, {"is_complete": true, "task_id": "returnToShip"}, {"is_complete": true, "task_id": "runExperiment"}, {"is_complete": false, "task_id": "reportBack"}], "time_since_launch": 92.12}	18
"26073113054722981"	"AQUALAB"	"2026-07-31T20:07:19.993000+00:00"	"script_line_displayed"	{"node_id": "job.kelp-welcome.argue.hello", "server_time": "2026-07-31T15:07:20+00:00", "speaker": "", "text_string": "Ok, Mija. Let's see what behaviors you discovered about the species here at Site C!"}	"GAME"	"120"	"production"	"6"	"UTC-07:00"	"AbundantBank"	{}	{"job_argumentation": 1, "job_experimentation": 1, "job_modeling": 0, "job_name": "kelp-welcome", "money": 100, "region": "KelpStation", "scene_type": "station-interior", "science_level": 1, "science_points": 0, "site": "RS-Kelp", "task_list": [{"is_complete": true, "task_id": "gotoSiteC"}, {"is_complete": true, "task_id": "scanGiantKelp"}, {"is_complete": true, "task_id": "scanUrchin"}, {"is_complete": true, "task_id": "scanOtter"}, {"is_complete": true, "task_id": "returnToShip"}, {"is_complete": true, "task_id": "runExperiment"}, {"is_complete": false, "task_id": "reportBack"}], "time_since_launch": 92.99}	19
"26073113054722981"	"AQUALAB"	"2026-07-31T20:07:25.498000+00:00"	"open_bestiary"	{"server_time": "2026-07-31T15:07:26+00:00"}	"GAME"	"120"	"production"	"6"	"UTC-07:00"	"AbundantBank"	{}	{"job_argumentation": 1, "job_experimentation": 1, "job_modeling": 0, "job_name": "kelp-welcome", "money": 100, "region": "KelpStation", "scene_type": "station-interior", "science_level": 1, "science_points": 0, "site": "RS-Kelp", "task_list": [{"is_complete": true, "task_id": "gotoSiteC"}, {"is_complete": true, "task_id": "scanGiantKelp"}, {"is_complete": true, "task_id": "scanUrchin"}, {"is_complete": true, "task_id": "scanOtter"}, {"is_complete": true, "task_id": "returnToShip"}, {"is_complete": true, "task_id": "runExperiment"}, {"is_complete": false, "task_id": "reportBack"}], "time_since_launch": 98.49}	20
"26073113054722981"	"AQUALAB"	"2026-07-31T20:07:25.499000+00:00"	"bestiary_open_species_tab"	{"server_time": "2026-07-31T15:07:26+00:00"}	"GAME"	"120"	"production"	"6"	"UTC-07:00"	"AbundantBank"	{}	{"job_argumentation": 1, "job_experimentation": 1, "job_modeling": 0, "job_name": "kelp-welcome", "money": 100, "region": "KelpStation", "scene_type": "station-interior", "science_level": 1, "science_points": 0, "site": "RS-Kelp", "task_list": [{"is_complete": true, "task_id": "gotoSiteC"}, {"is_complete": true, "task_id": "scanGiantKelp"}, {"is_complete": true, "task_id": "scanUrchin"}, {"is_complete": true, "task_id": "scanOtter"}, {"is_complete": true, "task_id": "returnToShip"}, {"is_complete": true, "task_id": "runExperiment"}, {"is_complete": false, "task_id": "reportBack"}], "time_since_launch": 98.49}	21
"26073113054722981"	"AQUALAB"	"2026-07-31T20:07:34.307000+00:00"	"close_bestiary"	{"server_time": "2026-07-31T15:07:35+00:00"}	"GAME"	"120"	"production"	"6"	"UTC-07:00"	"AbundantBank"	{}	{"job_argumentation": 1, "job_experimentation": 1, "job_modeling": 0, "job_name": "kelp-welcome", "money": 100, "region": "KelpStation", "scene_type": "station-interior", "science_level": 1, "science_points": 0, "site": "RS-Kelp", "task_list": [{"is_complete": true, "task_id": "gotoSiteC"}, {"is_complete": true, "task_id": "scanGiantKelp"}, {"is_complete": true, "task_id": "scanUrchin"}, {"is_complete": true, "task_id": "scanOtter"}, {"is_complete": true, "task_id": "returnToShip"}, {"is_complete": true, "task_id": "runExperiment"}, {"is_complete": false, "task_id": "reportBack"}], "time_since_launch": 107.3}	22
"26073113054722981"	"AQUALAB"	"2026-07-31T20:07:34.309000+00:00"	"open_bestiary"	{"server_time": "2026-07-31T15:07:35+00:00"}	"GAME"	"120"	"production"	"6"	"UTC-07:00"	"AbundantBank"	{}	{"job_argumentation": 1, "job_experimentation": 1, "job_modeling": 0, "job_name": "kelp-welcome", "money": 100, "region": "KelpStation", "scene_type": "station-interior", "science_level": 1, "science_points": 0, "site": "RS-Kelp", "task_list": [{"is_complete": true, "task_id": "gotoSiteC"}, {"is_complete": true, "task_id": "scanGiantKelp"}, {"is_complete": true, "task_id": "scanUrchin"}, {"is_complete": true, "task_id": "scanOtter"}, {"is_complete": true, "task_id": "returnToShip"}, {"is_complete": true, "task_id": "runExperiment"}, {"is_complete": false, "task_id": "reportBack"}], "time_since_launch": 107.3}	23
"26073113054722981"	"AQUALAB"	"2026-07-31T20:07:34.311000+00:00"	"bestiary_open_environments_tab"	{"server_time": "2026-07-31T15:07:35+00:00"}	"GAME"	"120"	"production"	"6"	"UTC-07:00"	"AbundantBank"	{}	{"job_argumentation": 1, "job_experimentation": 1, "job_modeling": 0, "job_name": "kelp-welcome", "money": 100, "region": "KelpStation", "scene_type": "station-interior", "science_level": 1, "science_points": 0, "site": "RS-Kelp", "task_list": [{"is_complete": true, "task_id": "gotoSiteC"}, {"is_complete": true, "task_id": "scanGiantKelp"}, {"is_complete": true, "task_id": "scanUrchin"}, {"is_complete": true, "task_id": "scanOtter"}, {"is_complete": true, "task_id": "returnToShip"}, {"is_complete": true, "task_id": "runExperiment"}, {"is_complete": false, "task_id": "reportBack"}], "time_since_launch": 107.3}	24
"26073113054722981"	"AQUALAB"	"2026-07-31T20:07:37.931000+00:00"	"close_bestiary"	{"server_time": "2026-07-31T15:07:38+00:00"}	"GAME"	"120"	"production"	"6"	"UTC-07:00"	"AbundantBank"	{}	{"job_argumentation": 1, "job_experimentation": 1, "job_modeling": 0, "job_name": "kelp-welcome", "money": 100, "region": "KelpStation", "scene_type": "station-interior", "science_level": 1, "science_points": 0, "site": "RS-Kelp", "task_list": [{"is_complete": true, "task_id": "gotoSiteC"}, {"is_complete": true, "task_id": "scanGiantKelp"}, {"is_complete": true, "task_id": "scanUrchin"}, {"is_complete": true, "task_id": "scanOtter"}, {"is_complete": true, "task_id": "returnToShip"}, {"is_complete": true, "task_id": "runExperiment"}, {"is_complete": false, "task_id": "reportBack"}], "time_since_launch": 110.92}	25
"26073113054722981"	"AQUALAB"	"2026-07-31T20:07:37.934000+00:00"	"open_status"	{"server_time": "2026-07-31T15:07:38+00:00"}	"GAME"	"120"	"production"	"6"	"UTC-07:00"	"AbundantBank"	{}	{"job_argumentation": 1, "job_experimentation": 1, "job_modeling": 0, "job_name": "kelp-welcome", "money": 100, "region": "KelpStation", "scene_type": "station-interior", "science_level": 1, "science_points": 0, "site": "RS-Kelp", "task_list": [{"is_complete": true, "task_id": "gotoSiteC"}, {"is_complete": true, "task_id": "scanGiantKelp"}, {"is_complete": true, "task_id": "scanUrchin"}, {"is_complete": true, "task_id": "scanOtter"}, {"is_complete": true, "task_id": "returnToShip"}, {"is_complete": true, "task_id": "runExperiment"}, {"is_complete": false, "task_id": "reportBack"}], "time_since_launch": 110.93}	26
"26073113054722981"	"AQUALAB"	"2026-07-31T20:07:37.934000+00:00"	"status_open_job_tab"	{"server_time": "2026-07-31T15:07:38+00:00"}	"GAME"	"120"	"production"	"6"	"UTC-07:00"	"AbundantBank"	{}	{"job_argumentation": 1, "job_experimentation": 1, "job_modeling": 0, "job_name": "kelp-welcome", "money": 100, "region": "KelpStation", "scene_type": "station-interior", "science_level": 1, "science_points": 0, "site": "RS-Kelp", "task_list": [{"is_complete": true, "task_id": "gotoSiteC"}, {"is_complete": true, "task_id": "scanGiantKelp"}, {"is_complete": true, "task_id": "scanUrchin"}, {"is_complete": true, "task_id": "scanOtter"}, {"is_complete": true, "task_id": "returnToShip"}, {"is_complete": true, "task_id": "runExperiment"}, {"is_complete": false, "task_id": "reportBack"}], "time_since_launch": 110.93}	27
"26073113054722981"	"AQUALAB"	"2026-07-31T20:07:37.934000+00:00"	"status_open_job_tab"	{"server_time": "2026-07-31T15:07:38+00:00"}	"GAME"	"120"	"production"	"6"	"UTC-07:00"	"AbundantBank"	{}	{"job_argumentation": 1, "job_experimentation": 1, "job_modeling": 0, "job_name": "kelp-welcome", "money": 100, "region": "KelpStation", "scene_type": "station-interior", "science_level": 1, "science_points": 0, "site": "RS-Kelp", "task_list": [{"is_complete": true, "task_id": "gotoSiteC"}, {"is_complete": true, "task_id": "scanGiantKelp"}, {"is_complete": true, "task_id": "scanUrchin"}, {"is_complete": true, "task_id": "scanOtter"}, {"is_complete": true, "task_id": "returnToShip"}, {"is_complete": true, "task_id": "runExperiment"}, {"is_complete": false, "task_id": "reportBack"}], "time_since_launch": 110.93}	28
"26073113054722981"	"AQUALAB"	"2026-07-31T20:07:38.763000+00:00"	"close_status"	{"server_time": "2026-07-31T15:07:39+00:00"}	"GAME"	"120"	"production"	"6"	"UTC-07:00"	"AbundantBank"	{}	{"job_argumentation": 1, "job_experimentation": 1, "job_modeling": 0, "job_name": "kelp-welcome", "money": 100, "region": "KelpStation", "scene_type": "station-interior", "science_level": 1, "science_points": 0, "site": "RS-Kelp", "task_list": [{"is_complete": true, "task_id": "gotoSiteC"}, {"is_complete": true, "task_id": "scanGiantKelp"}, {"is_complete": true, "task_id": "scanUrchin"}, {"is_complete": true, "task_id": "scanOtter"}, {"is_complete": true, "task_id": "returnToShip"}, {"is_complete": true, "task_id": "runExperiment"}, {"is_complete": false, "task_id": "reportBack"}], "time_since_launch": 111.76}	29
"26073113054722981"	"AQUALAB"	"2026-07-31T20:07:41.529000+00:00"	"open_bestiary"	{"server_time": "2026-07-31T15:07:42+00:00"}	"GAME"	"120"	"production"	"6"	"UTC-07:00"	"AbundantBank"	{}	{"job_argumentation": 1, "job_experimentation": 1, "job_modeling": 0, "job_name": "kelp-welcome", "money": 100, "region": "KelpStation", "scene_type": "station-interior", "science_level": 1, "science_points": 0, "site": "RS-Kelp", "task_list": [{"is_complete": true, "task_id": "gotoSiteC"}, {"is_complete": true, "task_id": "scanGiantKelp"}, {"is_complete": true, "task_id": "scanUrchin"}, {"is_complete": true, "task_id": "scanOtter"}, {"is_complete": true, "task_id": "returnToShip"}, {"is_complete": true, "task_id": "runExperiment"}, {"is_complete": false, "task_id": "reportBack"}], "time_since_launch": 114.52}	30
"26073113054722981"	"AQUALAB"	"2026-07-31T20:07:41.530000+00:00"	"bestiary_open_species_tab"	{"server_time": "2026-07-31T15:07:42+00:00"}	"GAME"	"120"	"production"	"6"	"UTC-07:00"	"AbundantBank"	{}	{"job_argumentation": 1, "job_experimentation": 1, "job_modeling": 0, "job_name": "kelp-welcome", "money": 100, "region": "KelpStation", "scene_type": "station-interior", "science_level": 1, "science_points": 0, "site": "RS-Kelp", "task_list": [{"is_complete": true, "task_id": "gotoSiteC"}, {"is_complete": true, "task_id": "scanGiantKelp"}, {"is_complete": true, "task_id": "scanUrchin"}, {"is_complete": true, "task_id": "scanOtter"}, {"is_complete": true, "task_id": "returnToShip"}, {"is_complete": true, "task_id": "runExperiment"}, {"is_complete": false, "task_id": "reportBack"}], "time_since_launch": 114.52}	31
"26073113054722981"	"AQUALAB"	"2026-07-31T20:07:46.370000+00:00"	"close_bestiary"	{"server_time": "2026-07-31T15:07:47+00:00"}	"GAME"	"120"	"production"	"6"	"UTC-07:00"	"AbundantBank"	{}	{"job_argumentation": 1, "job_experimentation": 1, "job_modeling": 0, "job_name": "kelp-welcome", "money": 100, "region": "KelpStation", "scene_type": "station-interior", "science_level": 1, "science_points": 0, "site": "RS-Kelp", "task_list": [{"is_complete": true, "task_id": "gotoSiteC"}, {"is_complete": true, "task_id": "scanGiantKelp"}, {"is_complete": true, "task_id": "scanUrchin"}, {"is_complete": true, "task_id": "scanOtter"}, {"is_complete": true, "task_id": "returnToShip"}, {"is_complete": true, "task_id": "runExperiment"}, {"is_complete": false, "task_id": "reportBack"}], "time_since_launch": 119.36}	32
"26073113054722981"	"AQUALAB"	"2026-07-31T20:07:48.374000+00:00"	"open_status"	{"server_time": "2026-07-31T15:07:49+00:00"}	"GAME"	"120"	"production"	"6"	"UTC-07:00"	"AbundantBank"	{}	{"job_argumentation": 1, "job_experimentation": 1, "job_modeling": 0, "job_name": "kelp-welcome", "money": 100, "region": "KelpStation", "scene_type": "station-interior", "science_level": 1, "science_points": 0, "site": "RS-Kelp", "task_list": [{"is_complete": true, "task_id": "gotoSiteC"}, {"is_complete": true, "task_id": "scanGiantKelp"}, {"is_complete": true, "task_id": "scanUrchin"}, {"is_complete": true, "task_id": "scanOtter"}, {"is_complete": true, "task_id": "returnToShip"}, {"is_complete": true, "task_id": "runExperiment"}, {"is_complete": false, "task_id": "reportBack"}], "time_since_launch": 121.37}	33
"26073113054722981"	"AQUALAB"	"2026-07-31T20:07:48.375000+00:00"	"status_open_job_tab"	{"server_time": "2026-07-31T15:07:49+00:00"}	"GAME"	"120"	"production"	"6"	"UTC-07:00"	"AbundantBank"	{}	{"job_argumentation": 1, "job_experimentation": 1, "job_modeling": 0, "job_name": "kelp-welcome", "money": 100, "region": "KelpStation", "scene_type": "station-interior", "science_level": 1, "science_points": 0, "site": "RS-Kelp", "task_list": [{"is_complete": true, "task_id": "gotoSiteC"}, {"is_complete": true, "task_id": "scanGiantKelp"}, {"is_complete": true, "task_id": "scanUrchin"}, {"is_complete": true, "task_id": "scanOtter"}, {"is_complete": true, "task_id": "returnToShip"}, {"is_complete": true, "task_id": "runExperiment"}, {"is_complete": false, "task_id": "reportBack"}], "time_since_launch": 121.37}	34
"26073113054722981"	"AQUALAB"	"2026-07-31T20:07:48.375000+00:00"	"status_open_job_tab"	{"server_time": "2026-07-31T15:07:49+00:00"}	"GAME"	"120"	"production"	"6"	"UTC-07:00"	"AbundantBank"	{}	{"job_argumentation": 1, "job_experimentation": 1, "job_modeling": 0, "job_name": "kelp-welcome", "money": 100, "region": "KelpStation", "scene_type": "station-interior", "science_level": 1, "science_points": 0, "site": "RS-Kelp", "task_list": [{"is_complete": true, "task_id": "gotoSiteC"}, {"is_complete": true, "task_id": "scanGiantKelp"}, {"is_complete": true, "task_id": "scanUrchin"}, {"is_complete": true, "task_id": "scanOtter"}, {"is_complete": true, "task_id": "returnToShip"}, {"is_complete": true, "task_id": "runExperiment"}, {"is_complete": false, "task_id": "reportBack"}], "time_since_launch": 121.37}	35
"26073113054722981"	"AQUALAB"	"2026-07-31T20:07:53.954000+00:00"	"close_status"	{"server_time": "2026-07-31T15:07:54+00:00"}	"GAME"	"120"	"production"	"6"	"UTC-07:00"	"AbundantBank"	{}	{"job_argumentation": 1, "job_experimentation": 1, "job_modeling": 0, "job_name": "kelp-welcome", "money": 100, "region": "KelpStation", "scene_type": "station-interior", "science_level": 1, "science_points": 0, "site": "RS-Kelp", "task_list": [{"is_complete": true, "task_id": "gotoSiteC"}, {"is_complete": true, "task_id": "scanGiantKelp"}, {"is_complete": true, "task_id": "scanUrchin"}, {"is_complete": true, "task_id": "scanOtter"}, {"is_complete": true, "task_id": "returnToShip"}, {"is_complete": true, "task_id": "runExperiment"}, {"is_complete": false, "task_id": "reportBack"}], "time_since_launch": 126.95}	36
"26073113054722981"	"AQUALAB"	"2026-07-31T20:07:53.964000+00:00"	"open_bestiary"	{"server_time": "2026-07-31T15:07:54+00:00"}	"GAME"	"120"	"production"	"6"	"UTC-07:00"	"AbundantBank"	{}	{"job_argumentation": 1, "job_experimentation": 1, "job_modeling": 0, "job_name": "kelp-welcome", "money": 100, "region": "KelpStation", "scene_type": "station-interior", "science_level": 1, "science_points": 0, "site": "RS-Kelp", "task_list": [{"is_complete": true, "task_id": "gotoSiteC"}, {"is_complete": true, "task_id": "scanGiantKelp"}, {"is_complete": true, "task_id": "scanUrchin"}, {"is_complete": true, "task_id": "scanOtter"}, {"is_complete": true, "task_id": "returnToShip"}, {"is_complete": true, "task_id": "runExperiment"}, {"is_complete": false, "task_id": "reportBack"}], "time_since_launch": 126.96}	37
"26073113054722981"	"AQUALAB"	"2026-07-31T20:07:53.964000+00:00"	"bestiary_open_species_tab"	{"server_time": "2026-07-31T15:07:54+00:00"}	"GAME"	"120"	"production"	"6"	"UTC-07:00"	"AbundantBank"	{}	{"job_argumentation": 1, "job_experimentation": 1, "job_modeling": 0, "job_name": "kelp-welcome", "money": 100, "region": "KelpStation", "scene_type": "station-interior", "science_level": 1, "science_points": 0, "site": "RS-Kelp", "task_list": [{"is_complete": true, "task_id": "gotoSiteC"}, {"is_complete": true, "task_id": "scanGiantKelp"}, {"is_complete": true, "task_id": "scanUrchin"}, {"is_complete": true, "task_id": "scanOtter"}, {"is_complete": true, "task_id": "returnToShip"}, {"is_complete": true, "task_id": "runExperiment"}, {"is_complete": false, "task_id": "reportBack"}], "time_since_launch": 126.96}	38
"26073113054722981"	"AQUALAB"	"2026-07-31T20:07:55.322000+00:00"	"bestiary_select_species"	{"server_time": "2026-07-31T15:07:56+00:00", "species_id": "GiantKelp"}	"GAME"	"120"	"production"	"6"	"UTC-07:00"	"AbundantBank"	{}	{"job_argumentation": 1, "job_experimentation": 1, "job_modeling": 0, "job_name": "kelp-welcome", "money": 100, "region": "KelpStation", "scene_type": "station-interior", "science_level": 1, "science_points": 0, "site": "RS-Kelp", "task_list": [{"is_complete": true, "task_id": "gotoSiteC"}, {"is_complete": true, "task_id": "scanGiantKelp"}, {"is_complete": true, "task_id": "scanUrchin"}, {"is_complete": true, "task_id": "scanOtter"}, {"is_complete": true, "task_id": "returnToShip"}, {"is_complete": true, "task_id": "runExperiment"}, {"is_complete": false, "task_id": "reportBack"}], "time_since_launch": 128.31}	39
"26073113054722981"	"AQUALAB"	"2026-07-31T20:08:08.154000+00:00"	"bestiary_select_species"	{"server_time": "2026-07-31T15:08:09+00:00", "species_id": "Urchin"}	"GAME"	"120"	"production"	"6"	"UTC-07:00"	"AbundantBank"	{}	{"job_argumentation": 1, "job_experimentation": 1, "job_modeling": 0, "job_name": "kelp-welcome", "money": 100, "region": "KelpStation", "scene_type": "station-interior", "science_level": 1, "science_points": 0, "site": "RS-Kelp", "task_list": [{"is_complete": true, "task_id": "gotoSiteC"}, {"is_complete": true, "task_id": "scanGiantKelp"}, {"is_complete": true, "task_id": "scanUrchin"}, {"is_complete": true, "task_id": "scanOtter"}, {"is_complete": true, "task_id": "returnToShip"}, {"is_complete": true, "task_id": "runExperiment"}, {"is_complete": false, "task_id": "reportBack"}], "time_since_launch": 141.15}	40
"26073113054722981"	"AQUALAB"	"2026-07-31T20:08:11.052000+00:00"	"bestiary_select_species"	{"server_time": "2026-07-31T15:08:11+00:00", "species_id": "GiantKelp"}	"GAME"	"120"	"production"	"6"	"UTC-07:00"	"AbundantBank"	{}	{"job_argumentation": 1, "job_experimentation": 1, "job_modeling": 0, "job_name": "kelp-welcome", "money": 100, "region": "KelpStation", "scene_type": "station-interior", "science_level": 1, "science_points": 0, "site": "RS-Kelp", "task_list": [{"is_complete": true, "task_id": "gotoSiteC"}, {"is_complete": true, "task_id": "scanGiantKelp"}, {"is_complete": true, "task_id": "scanUrchin"}, {"is_complete": true, "task_id": "scanOtter"}, {"is_complete": true, "task_id": "returnToShip"}, {"is_complete": true, "task_id": "runExperiment"}, {"is_complete": false, "task_id": "reportBack"}], "time_since_launch": 144.04}	41
"26073113054722981"	"AQUALAB"	"2026-07-31T20:08:15.261000+00:00"	"close_bestiary"	{"server_time": "2026-07-31T15:08:16+00:00"}	"GAME"	"120"	"production"	"6"	"UTC-07:00"	"AbundantBank"	{}	{"job_argumentation": 1, "job_experimentation": 1, "job_modeling": 0, "job_name": "kelp-welcome", "money": 100, "region": "KelpStation", "scene_type": "station-interior", "science_level": 1, "science_points": 0, "site": "RS-Kelp", "task_list": [{"is_complete": true, "task_id": "gotoSiteC"}, {"is_complete": true, "task_id": "scanGiantKelp"}, {"is_complete": true, "task_id": "scanUrchin"}, {"is_complete": true, "task_id": "scanOtter"}, {"is_complete": true, "task_id": "returnToShip"}, {"is_complete": true, "task_id": "runExperiment"}, {"is_complete": false, "task_id": "reportBack"}], "time_since_launch": 148.25}	42
"26073113054722981"	"AQUALAB"	"2026-07-31T20:08:15.300000+00:00"	"fact_submitted"	{"fact_id": "Urchin.Eats.GiantKelp", "server_time": "2026-07-31T15:08:16+00:00"}	"GAME"	"120"	"production"	"6"	"UTC-07:00"	"AbundantBank"	{}	{"job_argumentation": 1, "job_experimentation": 1, "job_modeling": 0, "job_name": "kelp-welcome", "money": 100, "region": "KelpStation", "scene_type": "station-interior", "science_level": 1, "science_points": 0, "site": "RS-Kelp", "task_list": [{"is_complete": true, "task_id": "gotoSiteC"}, {"is_complete": true, "task_id": "scanGiantKelp"}, {"is_complete": true, "task_id": "scanUrchin"}, {"is_complete": true, "task_id": "scanOtter"}, {"is_complete": true, "task_id": "returnToShip"}, {"is_complete": true, "task_id": "runExperiment"}, {"is_complete": false, "task_id": "reportBack"}], "time_since_launch": 148.29}	43
"26073113054722981"	"AQUALAB"	"2026-07-31T20:08:16.089000+00:00"	"script_line_displayed"	{"node_id": "job.kelp-welcome.argue.urchin", "server_time": "2026-07-31T15:08:17+00:00", "speaker": "", "text_string": "Perfect! The Urchins eat Giant Kelp. Did you learn anything about the Sea Otters?"}	"GAME"	"120"	"production"	"6"	"UTC-07:00"	"AbundantBank"	{}	{"job_argumentation": 1, "job_experimentation": 1, "job_modeling": 0, "job_name": "kelp-welcome", "money": 100, "region": "KelpStation", "scene_type": "station-interior", "science_level": 1, "science_points": 0, "site": "RS-Kelp", "task_list": [{"is_complete": true, "task_id": "gotoSiteC"}, {"is_complete": true, "task_id": "scanGiantKelp"}, {"is_complete": true, "task_id": "scanUrchin"}, {"is_complete": true, "task_id": "scanOtter"}, {"is_complete": true, "task_id": "returnToShip"}, {"is_complete": true, "task_id": "runExperiment"}, {"is_complete": false, "task_id": "reportBack"}], "time_since_launch": 149.08}	44
"26073113054722981"	"AQUALAB"	"2026-07-31T20:08:21.823000+00:00"	"open_bestiary"	{"server_time": "2026-07-31T15:08:22+00:00"}	"GAME"	"120"	"production"	"6"	"UTC-07:00"	"AbundantBank"	{}	{"job_argumentation": 1, "job_experimentation": 1, "job_modeling": 0, "job_name": "kelp-welcome", "money": 100, "region": "KelpStation", "scene_type": "station-interior", "science_level": 1, "science_points": 0, "site": "RS-Kelp", "task_list": [{"is_complete": true, "task_id": "gotoSiteC"}, {"is_complete": true, "task_id": "scanGiantKelp"}, {"is_complete": true, "task_id": "scanUrchin"}, {"is_complete": true, "task_id": "scanOtter"}, {"is_complete": true, "task_id": "returnToShip"}, {"is_complete": true, "task_id": "runExperiment"}, {"is_complete": false, "task_id": "reportBack"}], "time_since_launch": 154.82}	45
"26073113054722981"	"AQUALAB"	"2026-07-31T20:08:21.823000+00:00"	"bestiary_open_species_tab"	{"server_time": "2026-07-31T15:08:22+00:00"}	"GAME"	"120"	"production"	"6"	"UTC-07:00"	"AbundantBank"	{}	{"job_argumentation": 1, "job_experimentation": 1, "job_modeling": 0, "job_name": "kelp-welcome", "money": 100, "region": "KelpStation", "scene_type": "station-interior", "science_level": 1, "science_points": 0, "site": "RS-Kelp", "task_list": [{"is_complete": true, "task_id": "gotoSiteC"}, {"is_complete": true, "task_id": "scanGiantKelp"}, {"is_complete": true, "task_id": "scanUrchin"}, {"is_complete": true, "task_id": "scanOtter"}, {"is_complete": true, "task_id": "returnToShip"}, {"is_complete": true, "task_id": "runExperiment"}, {"is_complete": false, "task_id": "reportBack"}], "time_since_launch": 154.82}	46
"26073113054722981"	"AQUALAB"	"2026-07-31T20:08:28.520000+00:00"	"bestiary_select_species"	{"server_time": "2026-07-31T15:08:29+00:00", "species_id": "Urchin"}	"GAME"	"120"	"production"	"6"	"UTC-07:00"	"AbundantBank"	{}	{"job_argumentation": 1, "job_experimentation": 1, "job_modeling": 0, "job_name": "kelp-welcome", "money": 100, "region": "KelpStation", "scene_type": "station-interior", "science_level": 1, "science_points": 0, "site": "RS-Kelp", "task_list": [{"is_complete": true, "task_id": "gotoSiteC"}, {"is_complete": true, "task_id": "scanGiantKelp"}, {"is_complete": true, "task_id": "scanUrchin"}, {"is_complete": true, "task_id": "scanOtter"}, {"is_complete": true, "task_id": "returnToShip"}, {"is_complete": true, "task_id": "runExperiment"}, {"is_complete": false, "task_id": "reportBack"}], "time_since_launch": 161.51}	47
"26073113054722981"	"AQUALAB"	"2026-07-31T20:08:30.420000+00:00"	"bestiary_select_species"	{"server_time": "2026-07-31T15:08:31+00:00", "species_id": "SeaOtter"}	"GAME"	"120"	"production"	"6"	"UTC-07:00"	"AbundantBank"	{}	{"job_argumentation": 1, "job_experimentation": 1, "job_modeling": 0, "job_name": "kelp-welcome", "money": 100, "region": "KelpStation", "scene_type": "station-interior", "science_level": 1, "science_points": 0, "site": "RS-Kelp", "task_list": [{"is_complete": true, "task_id": "gotoSiteC"}, {"is_complete": true, "task_id": "scanGiantKelp"}, {"is_complete": true, "task_id": "scanUrchin"}, {"is_complete": true, "task_id": "scanOtter"}, {"is_complete": true, "task_id": "returnToShip"}, {"is_complete": true, "task_id": "runExperiment"}, {"is_complete": false, "task_id": "reportBack"}], "time_since_launch": 163.41}	48
"26073113054722981"	"AQUALAB"	"2026-07-31T20:08:33.261000+00:00"	"close_bestiary"	{"server_time": "2026-07-31T15:08:34+00:00"}	"GAME"	"120"	"production"	"6"	"UTC-07:00"	"AbundantBank"	{}	{"job_argumentation": 1, "job_experimentation": 1, "job_modeling": 0, "job_name": "kelp-welcome", "money": 100, "region": "KelpStation", "scene_type": "station-interior", "science_level": 1, "science_points": 0, "site": "RS-Kelp", "task_list": [{"is_complete": true, "task_id": "gotoSiteC"}, {"is_complete": true, "task_id": "scanGiantKelp"}, {"is_complete": true, "task_id": "scanUrchin"}, {"is_complete": true, "task_id": "scanOtter"}, {"is_complete": true, "task_id": "returnToShip"}, {"is_complete": true, "task_id": "runExperiment"}, {"is_complete": false, "task_id": "reportBack"}], "time_since_launch": 166.25}	49
"26073113054722981"	"AQUALAB"	"2026-07-31T20:08:33.298000+00:00"	"fact_submitted"	{"fact_id": "SeaOtter.Eats.Urchin", "server_time": "2026-07-31T15:08:34+00:00"}	"GAME"	"120"	"production"	"6"	"UTC-07:00"	"AbundantBank"	{}	{"job_argumentation": 1, "job_experimentation": 1, "job_modeling": 0, "job_name": "kelp-welcome", "money": 100, "region": "KelpStation", "scene_type": "station-interior", "science_level": 1, "science_points": 0, "site": "RS-Kelp", "task_list": [{"is_complete": true, "task_id": "gotoSiteC"}, {"is_complete": true, "task_id": "scanGiantKelp"}, {"is_complete": true, "task_id": "scanUrchin"}, {"is_complete": true, "task_id": "scanOtter"}, {"is_complete": true, "task_id": "returnToShip"}, {"is_complete": true, "task_id": "runExperiment"}, {"is_complete": false, "task_id": "reportBack"}], "time_since_launch": 166.29}	50
"26073113054722981"	"AQUALAB"	"2026-07-31T20:08:34.052000+00:00"	"complete_argument"	{"server_time": "2026-07-31T15:08:34+00:00"}	"GAME"	"120"	"production"	"6"	"UTC-07:00"	"AbundantBank"	{}	{"job_argumentation": 1, "job_experimentation": 1, "job_modeling": 0, "job_name": "kelp-welcome", "money": 100, "region": "KelpStation", "scene_type": "station-interior", "science_level": 1, "science_points": 0, "site": "RS-Kelp", "task_list": [{"is_complete": true, "task_id": "gotoSiteC"}, {"is_complete": true, "task_id": "scanGiantKelp"}, {"is_complete": true, "task_id": "scanUrchin"}, {"is_complete": true, "task_id": "scanOtter"}, {"is_complete": true, "task_id": "returnToShip"}, {"is_complete": true, "task_id": "runExperiment"}, {"is_complete": false, "task_id": "reportBack"}], "time_since_launch": 167.04}	51
"26073113054722981"	"AQUALAB"	"2026-07-31T20:08:34.053000+00:00"	"script_line_displayed"	{"node_id": "job.kelp-welcome.argue.done", "server_time": "2026-07-31T15:08:34+00:00", "speaker": "", "text_string": "Excellent work. You just explained the basis of the Forested Lagoon Food Web!"}	"GAME"	"120"	"production"	"6"	"UTC-07:00"	"AbundantBank"	{}	{"job_argumentation": 1, "job_experimentation": 1, "job_modeling": 0, "job_name": "kelp-welcome", "money": 100, "region": "KelpStation", "scene_type": "station-interior", "science_level": 1, "science_points": 0, "site": "RS-Kelp", "task_list": [{"is_complete": true, "task_id": "gotoSiteC"}, {"is_complete": true, "task_id": "scanGiantKelp"}, {"is_complete": true, "task_id": "scanUrchin"}, {"is_complete": true, "task_id": "scanOtter"}, {"is_complete": true, "task_id": "returnToShip"}, {"is_complete": true, "task_id": "runExperiment"}, {"is_complete": false, "task_id": "reportBack"}], "time_since_launch": 167.05}	52
"26073113054722981"	"AQUALAB"	"2026-07-31T20:08:36.719000+00:00"	"script_began"	{"node_id": "job.kelp-welcome.end", "server_time": "2026-07-31T15:08:37+00:00"}	"GAME"	"120"	"production"	"6"	"UTC-07:00"	"AbundantBank"	{}	{"job_argumentation": 1, "job_experimentation": 1, "job_modeling": 0, "job_name": "kelp-welcome", "money": 100, "region": "KelpStation", "scene_type": "station-interior", "science_level": 1, "science_points": 0, "site": "RS-Kelp", "task_list": [{"is_complete": true, "task_id": "gotoSiteC"}, {"is_complete": true, "task_id": "scanGiantKelp"}, {"is_complete": true, "task_id": "scanUrchin"}, {"is_complete": true, "task_id": "scanOtter"}, {"is_complete": true, "task_id": "returnToShip"}, {"is_complete": true, "task_id": "runExperiment"}, {"is_complete": false, "task_id": "reportBack"}], "time_since_launch": 169.71}	53
"26073113054722981"	"AQUALAB"	"2026-07-31T20:08:36.728000+00:00"	"complete_job"	{"job_name": "kelp-welcome", "server_time": "2026-07-31T15:08:37+00:00"}	"GAME"	"120"	"production"	"6"	"UTC-07:00"	"AbundantBank"	{}	{"job_argumentation": 1, "job_experimentation": 1, "job_modeling": 0, "job_name": "kelp-welcome", "money": 100, "region": "KelpStation", "scene_type": "station-interior", "science_level": 1, "science_points": 0, "site": "RS-Kelp", "task_list": [{"is_complete": true, "task_id": "gotoSiteC"}, {"is_complete": true, "task_id": "scanGiantKelp"}, {"is_complete": true, "task_id": "scanUrchin"}, {"is_complete": true, "task_id": "scanOtter"}, {"is_complete": true, "task_id": "returnToShip"}, {"is_complete": true, "task_id": "runExperiment"}, {"is_complete": false, "task_id": "reportBack"}], "time_since_launch": 169.72}	54
"26073113054722981"	"AQUALAB"	"2026-07-31T20:08:36.729000+00:00"	"switch_job"	{"prev_job_name": "kelp-welcome", "server_time": "2026-07-31T15:08:37+00:00"}	"GAME"	"120"	"production"	"6"	"UTC-07:00"	"AbundantBank"	{}	{"job_argumentation": -1, "job_experimentation": 1, "job_modeling": -1, "job_name": "no-active-job", "money": 100, "region": "KelpStation", "scene_type": "station-interior", "science_level": 1, "science_points": 0, "site": "RS-Kelp", "task_list": [], "time_since_launch": 169.72}	55
"26073113054722981"	"AQUALAB"	"2026-07-31T20:08:36.790000+00:00"	"script_line_displayed"	{"node_id": "job.kelp-welcome.end", "server_time": "2026-07-31T15:08:37+00:00", "speaker": "", "text_string": "I'm so thrilled, Mija."}	"GAME"	"120"	"production"	"6"	"UTC-07:00"	"AbundantBank"	{}	{"job_argumentation": -1, "job_experimentation": 1, "job_modeling": -1, "job_name": "no-active-job", "money": 100, "region": "KelpStation", "scene_type": "station-interior", "science_level": 1, "science_points": 0, "site": "RS-Kelp", "task_list": [], "time_since_launch": 169.78}	56
"26073113054722981"	"AQUALAB"	"2026-07-31T20:08:36.858000+00:00"	"leave_argument"	{"server_time": "2026-07-31T15:08:37+00:00"}	"GAME"	"120"	"production"	"6"	"UTC-07:00"	"AbundantBank"	{}	{"job_argumentation": -1, "job_experimentation": 1, "job_modeling": -1, "job_name": "no-active-job", "money": 100, "region": "KelpStation", "scene_type": "station-interior", "science_level": 1, "science_points": 0, "site": "RS-Kelp", "task_list": [], "time_since_launch": 169.85}	57
"26073113054722981"	"AQUALAB"	"2026-07-31T20:08:38.158000+00:00"	"script_line_displayed"	{"node_id": "job.kelp-welcome.end", "server_time": "2026-07-31T15:08:39+00:00", "speaker": "", "text_string": "With your help, we might actually be able to get the Kelp Refuge up and running!"}	"GAME"	"120"	"production"	"6"	"UTC-07:00"	"AbundantBank"	{}	{"job_argumentation": -1, "job_experimentation": 1, "job_modeling": -1, "job_name": "no-active-job", "money": 100, "region": "KelpStation", "scene_type": "station-interior", "science_level": 1, "science_points": 0, "site": "RS-Kelp", "task_list": [], "time_since_launch": 171.15}	58
"26073113054722981"	"AQUALAB"	"2026-07-31T20:08:40.292000+00:00"	"script_line_displayed"	{"node_id": "job.kelp-welcome.end", "server_time": "2026-07-31T15:08:41+00:00", "speaker": "", "text_string": "Your sister used to love this place. I can't think of a better way to honor her."}	"GAME"	"120"	"production"	"6"	"UTC-07:00"	"AbundantBank"	{}	{"job_argumentation": -1, "job_experimentation": 1, "job_modeling": -1, "job_name": "no-active-job", "money": 100, "region": "KelpStation", "scene_type": "station-interior", "science_level": 1, "science_points": 0, "site": "RS-Kelp", "task_list": [], "time_since_launch": 173.28}	59
"26073113054722981"	"AQUALAB"	"2026-07-31T20:08:42.823000+00:00"	"script_line_displayed"	{"node_id": "job.kelp-welcome.end", "server_time": "2026-07-31T15:08:43+00:00", "speaker": "", "text_string": "What about the other research stations? Do they need help, too?"}	"GAME"	"120"	"production"	"6"	"UTC-07:00"	"AbundantBank"	{}	{"job_argumentation": -1, "job_experimentation": 1, "job_modeling": -1, "job_name": "no-active-job", "money": 100, "region": "KelpStation", "scene_type": "station-interior", "science_level": 1, "science_points": 0, "site": "RS-Kelp", "task_list": [], "time_since_launch": 175.82}	60
"26073113054722981"	"AQUALAB"	"2026-07-31T20:08:44.822000+00:00"	"script_line_displayed"	{"node_id": "job.kelp-welcome.end", "server_time": "2026-07-31T15:08:45+00:00", "speaker": "", "text_string": "Hmm. You mean in other ecosystems?"}	"GAME"	"120"	"production"	"6"	"UTC-07:00"	"AbundantBank"	{}	{"job_argumentation": -1, "job_experimentation": 1, "job_modeling": -1, "job_name": "no-active-job", "money": 100, "region": "KelpStation", "scene_type": "station-interior", "science_level": 1, "science_points": 0, "site": "RS-Kelp", "task_list": [], "time_since_launch": 177.81}	61
"26073113054722981"	"AQUALAB"	"2026-07-31T20:08:45.661000+00:00"	"script_line_displayed"	{"node_id": "job.kelp-welcome.end", "server_time": "2026-07-31T15:08:46+00:00", "speaker": "", "text_string": "For now, I'd rather have you stay closer to home. Just in case."}	"GAME"	"120"	"production"	"6"	"UTC-07:00"	"AbundantBank"	{}	{"job_argumentation": -1, "job_experimentation": 1, "job_modeling": -1, "job_name": "no-active-job", "money": 100, "region": "KelpStation", "scene_type": "station-interior", "science_level": 1, "science_points": 0, "site": "RS-Kelp", "task_list": [], "time_since_launch": 178.65}	62
"26073113054722981"	"AQUALAB"	"2026-07-31T20:08:46.756000+00:00"	"script_line_displayed"	{"node_id": "job.kelp-welcome.end", "server_time": "2026-07-31T15:08:47+00:00", "speaker": "", "text_string": "In case of what?"}	"GAME"	"120"	"production"	"6"	"UTC-07:00"	"AbundantBank"	{}	{"job_argumentation": -1, "job_experimentation": 1, "job_modeling": -1, "job_name": "no-active-job", "money": 100, "region": "KelpStation", "scene_type": "station-interior", "science_level": 1, "science_points": 0, "site": "RS-Kelp", "task_list": [], "time_since_launch": 179.75}	63
"26073113054722981"	"AQUALAB"	"2026-07-31T20:08:47.592000+00:00"	"script_line_displayed"	{"node_id": "job.kelp-welcome.end", "server_time": "2026-07-31T15:08:48+00:00", "speaker": "", "text_string": "Never mind, Sweetie. Let's get you set up with your next job!"}	"GAME"	"120"	"production"	"6"	"UTC-07:00"	"AbundantBank"	{}	{"job_argumentation": -1, "job_experimentation": 1, "job_modeling": -1, "job_name": "no-active-job", "money": 100, "region": "KelpStation", "scene_type": "station-interior", "science_level": 1, "science_points": 0, "site": "RS-Kelp", "task_list": [], "time_since_launch": 180.58}	64
"26073113054722981"	"AQUALAB"	"2026-07-31T20:08:48.537000+00:00"	"script_line_displayed"	{"node_id": "job.kelp-welcome.end", "server_time": "2026-07-31T15:08:49+00:00", "speaker": "", "text_string": "Talk to me to view your Job Board whenever you're ready."}	"GAME"	"120"	"production"	"6"	"UTC-07:00"	"AbundantBank"	{}	{"job_argumentation": -1, "job_experimentation": 1, "job_modeling": -1, "job_name": "no-active-job", "money": 100, "region": "KelpStation", "scene_type": "station-interior", "science_level": 1, "science_points": 0, "site": "RS-Kelp", "task_list": [], "time_since_launch": 181.53}	65
"26073113054722981"	"AQUALAB"	"2026-07-31T20:09:12.300000+00:00"	"script_began"	{"node_id": "partner.talk.help.noJob.default.2", "server_time": "2026-07-31T15:09:13+00:00"}	"GAME"	"120"	"production"	"6"	"UTC-07:00"	"AbundantBank"	{}	{"job_argumentation": -1, "job_experimentation": 1, "job_modeling": -1, "job_name": "no-active-job", "money": 150, "region": "KelpStation", "scene_type": "station-interior", "science_level": 1, "science_points": 5, "site": "RS-Kelp", "task_list": [], "time_since_launch": 205.29}	66
"26073113054722981"	"AQUALAB"	"2026-07-31T20:09:12.302000+00:00"	"ask_for_help"	{"node_id": "partner.talk.help.noJob.default.2", "server_time": "2026-07-31T15:09:13+00:00"}	"GAME"	"120"	"production"	"6"	"UTC-07:00"	"AbundantBank"	{}	{"job_argumentation": -1, "job_experimentation": 1, "job_modeling": -1, "job_name": "no-active-job", "money": 150, "region": "KelpStation", "scene_type": "station-interior", "science_level": 1, "science_points": 5, "site": "RS-Kelp", "task_list": [], "time_since_launch": 205.29}	67
"26073113054722981"	"AQUALAB"	"2026-07-31T20:09:12.306000+00:00"	"script_line_displayed"	{"node_id": "partner.talk.help.noJob.default.2", "server_time": "2026-07-31T15:09:13+00:00", "speaker": "", "text_string": "V1ctor, any words of wisdom? I'm a bit stuck."}	"GAME"	"120"	"production"	"6"	"UTC-07:00"	"AbundantBank"	{}	{"job_argumentation": -1, "job_experimentation": 1, "job_modeling": -1, "job_name": "no-active-job", "money": 150, "region": "KelpStation", "scene_type": "station-interior", "science_level": 1, "science_points": 5, "site": "RS-Kelp", "task_list": [], "time_since_launch": 205.3}	68
"26073113054722981"	"AQUALAB"	"2026-07-31T20:09:14.166000+00:00"	"script_line_displayed"	{"node_id": "partner.talk.help.noJob.default.2", "server_time": "2026-07-31T15:09:15+00:00", "speaker": "", "text_string": "I wonder if there are any jobs available for us to take..."}	"GAME"	"120"	"production"	"6"	"UTC-07:00"	"AbundantBank"	{}	{"job_argumentation": -1, "job_experimentation": 1, "job_modeling": -1, "job_name": "no-active-job", "money": 150, "region": "KelpStation", "scene_type": "station-interior", "science_level": 1, "science_points": 5, "site": "RS-Kelp", "task_list": [], "time_since_launch": 207.16}	69
"26073113054722981"	"AQUALAB"	"2026-07-31T20:09:18.530000+00:00"	"script_began"	{"node_id": "interior.job.kelp.jobGiver.noJob.a", "server_time": "2026-07-31T15:09:19+00:00"}	"GAME"	"120"	"production"	"6"	"UTC-07:00"	"AbundantBank"	{}	{"job_argumentation": -1, "job_experimentation": 1, "job_modeling": -1, "job_name": "no-active-job", "money": 150, "region": "KelpStation", "scene_type": "station-interior", "science_level": 1, "science_points": 5, "site": "RS-Kelp", "task_list": [], "time_since_launch": 211.52}	70
"26073113054722981"	"AQUALAB"	"2026-07-31T20:09:18.536000+00:00"	"script_line_displayed"	{"node_id": "interior.job.kelp.jobGiver.noJob.a", "server_time": "2026-07-31T15:09:19+00:00", "speaker": "", "text_string": "Would you like to see the Job Board, Mija?"}	"GAME"	"120"	"production"	"6"	"UTC-07:00"	"AbundantBank"	{}	{"job_argumentation": -1, "job_experimentation": 1, "job_modeling": -1, "job_name": "no-active-job", "money": 150, "region": "KelpStation", "scene_type": "station-interior", "science_level": 1, "science_points": 5, "site": "RS-Kelp", "task_list": [], "time_since_launch": 211.53}	71
"26073113054722981"	"AQUALAB"	"2026-07-31T20:09:33.277000+00:00"	"accept_job"	{"server_time": "2026-07-31T15:09:34+00:00"}	"GAME"	"120"	"production"	"6"	"UTC-07:00"	"AbundantBank"	{}	{"job_argumentation": -1, "job_experimentation": 1, "job_modeling": -1, "job_name": "no-active-job", "money": 150, "region": "KelpStation", "scene_type": "station-interior", "science_level": 1, "science_points": 5, "site": "RS-Kelp", "task_list": [], "time_since_launch": 226.27}	72
"26073113054722981"	"AQUALAB"	"2026-07-31T20:09:33.277000+00:00"	"switch_job"	{"prev_job_name": "no-active-job", "server_time": "2026-07-31T15:09:34+00:00"}	"GAME"	"120"	"production"	"6"	"UTC-07:00"	"AbundantBank"	{}	{"job_argumentation": 1, "job_experimentation": 1, "job_modeling": 0, "job_name": "kelp-bull-kelp-forest", "money": 150, "region": "KelpStation", "scene_type": "station-interior", "science_level": 1, "science_points": 5, "site": "RS-Kelp", "task_list": [{"is_complete": false, "task_id": "siteA"}, {"is_complete": false, "task_id": "foodweb"}, {"is_complete": false, "task_id": "reportBack"}], "time_since_launch": 226.27}	73
"26073113054722981"	"AQUALAB"	"2026-07-31T20:09:34.330000+00:00"	"script_began"	{"node_id": "job.kelp-bull-kelp-forest.start", "server_time": "2026-07-31T15:09:35+00:00"}	"GAME"	"120"	"production"	"6"	"UTC-07:00"	"AbundantBank"	{}	{"job_argumentation": 1, "job_experimentation": 1, "job_modeling": 0, "job_name": "kelp-bull-kelp-forest", "money": 150, "region": "KelpStation", "scene_type": "station-interior", "science_level": 1, "science_points": 5, "site": "RS-Kelp", "task_list": [{"is_complete": false, "task_id": "siteA"}, {"is_complete": false, "task_id": "foodweb"}, {"is_complete": false, "task_id": "reportBack"}], "time_since_launch": 227.32}	74
"26073113054722981"	"AQUALAB"	"2026-07-31T20:09:34.366000+00:00"	"script_line_displayed"	{"node_id": "job.kelp-bull-kelp-forest.start", "server_time": "2026-07-31T15:09:35+00:00", "speaker": "", "text_string": "Okay, Mija. You already identified all the species here at Site C."}	"GAME"	"120"	"production"	"6"	"UTC-07:00"	"AbundantBank"	{}	{"job_argumentation": 1, "job_experimentation": 1, "job_modeling": 0, "job_name": "kelp-bull-kelp-forest", "money": 150, "region": "KelpStation", "scene_type": "station-interior", "science_level": 1, "science_points": 5, "site": "RS-Kelp", "task_list": [{"is_complete": false, "task_id": "siteA"}, {"is_complete": false, "task_id": "foodweb"}, {"is_complete": false, "task_id": "reportBack"}], "time_since_launch": 227.36}	75
"26073113054722981"	"AQUALAB"	"2026-07-31T20:09:36.231000+00:00"	"script_line_displayed"	{"node_id": "job.kelp-bull-kelp-forest.start", "server_time": "2026-07-31T15:09:37+00:00", "speaker": "", "text_string": "Now you'll need to head to Site A, Rodeo Cove, and do the same thing."}	"GAME"	"120"	"production"	"6"	"UTC-07:00"	"AbundantBank"	{}	{"job_argumentation": 1, "job_experimentation": 1, "job_modeling": 0, "job_name": "kelp-bull-kelp-forest", "money": 150, "region": "KelpStation", "scene_type": "station-interior", "science_level": 1, "science_points": 5, "site": "RS-Kelp", "task_list": [{"is_complete": false, "task_id": "siteA"}, {"is_complete": false, "task_id": "foodweb"}, {"is_complete": false, "task_id": "reportBack"}], "time_since_launch": 229.22}	76
"26073113054722981"	"AQUALAB"	"2026-07-31T20:09:38.400000+00:00"	"script_line_displayed"	{"node_id": "job.kelp-bull-kelp-forest.start", "server_time": "2026-07-31T15:09:39+00:00", "speaker": "", "text_string": "And remember--"}	"GAME"	"120"	"production"	"6"	"UTC-07:00"	"AbundantBank"	{}	{"job_argumentation": 1, "job_experimentation": 1, "job_modeling": 0, "job_name": "kelp-bull-kelp-forest", "money": 150, "region": "KelpStation", "scene_type": "station-interior", "science_level": 1, "science_points": 5, "site": "RS-Kelp", "task_list": [{"is_complete": false, "task_id": "siteA"}, {"is_complete": false, "task_id": "foodweb"}, {"is_complete": false, "task_id": "reportBack"}], "time_since_launch": 231.39}	77
"26073113054722981"	"AQUALAB"	"2026-07-31T20:09:39.264000+00:00"	"script_line_displayed"	{"node_id": "job.kelp-bull-kelp-forest.start", "server_time": "2026-07-31T15:09:40+00:00", "speaker": "", "text_string": "I know, I know. Be careful."}	"GAME"	"120"	"production"	"6"	"UTC-07:00"	"AbundantBank"	{}	{"job_argumentation": 1, "job_experimentation": 1, "job_modeling": 0, "job_name": "kelp-bull-kelp-forest", "money": 150, "region": "KelpStation", "scene_type": "station-interior", "science_level": 1, "science_points": 5, "site": "RS-Kelp", "task_list": [{"is_complete": false, "task_id": "siteA"}, {"is_complete": false, "task_id": "foodweb"}, {"is_complete": false, "task_id": "reportBack"}], "time_since_launch": 232.26}	78
"26073113054722981"	"AQUALAB"	"2026-07-31T20:09:40.495000+00:00"	"script_line_displayed"	{"node_id": "job.kelp-bull-kelp-forest.start", "server_time": "2026-07-31T15:09:41+00:00", "speaker": "", "text_string": "I will, Mom."}	"GAME"	"120"	"production"	"6"	"UTC-07:00"	"AbundantBank"	{}	{"job_argumentation": 1, "job_experimentation": 1, "job_modeling": 0, "job_name": "kelp-bull-kelp-forest", "money": 150, "region": "KelpStation", "scene_type": "station-interior", "science_level": 1, "science_points": 5, "site": "RS-Kelp", "task_list": [{"is_complete": false, "task_id": "siteA"}, {"is_complete": false, "task_id": "foodweb"}, {"is_complete": false, "task_id": "reportBack"}], "time_since_launch": 233.49}	79
"26073113054722981"	"AQUALAB"	"2026-07-31T20:09:44.362000+00:00"	"open_status"	{"server_time": "2026-07-31T15:09:45+00:00"}	"GAME"	"120"	"production"	"6"	"UTC-07:00"	"AbundantBank"	{}	{"job_argumentation": 1, "job_experimentation": 1, "job_modeling": 0, "job_name": "kelp-bull-kelp-forest", "money": 150, "region": "KelpStation", "scene_type": "station-interior", "science_level": 1, "science_points": 5, "site": "RS-Kelp", "task_list": [{"is_complete": false, "task_id": "siteA"}, {"is_complete": false, "task_id": "foodweb"}, {"is_complete": false, "task_id": "reportBack"}], "time_since_launch": 237.35}	80
"26073113054722981"	"AQUALAB"	"2026-07-31T20:09:44.362000+00:00"	"status_open_job_tab"	{"server_time": "2026-07-31T15:09:45+00:00"}	"GAME"	"120"	"production"	"6"	"UTC-07:00"	"AbundantBank"	{}	{"job_argumentation": 1, "job_experimentation": 1, "job_modeling": 0, "job_name": "kelp-bull-kelp-forest", "money": 150, "region": "KelpStation", "scene_type": "station-interior", "science_level": 1, "science_points": 5, "site": "RS-Kelp", "task_list": [{"is_complete": false, "task_id": "siteA"}, {"is_complete": false, "task_id": "foodweb"}, {"is_complete": false, "task_id": "reportBack"}], "time_since_launch": 237.35}	81
"26073113054722981"	"AQUALAB"	"2026-07-31T20:09:44.363000+00:00"	"status_open_job_tab"	{"server_time": "2026-07-31T15:09:45+00:00"}	"GAME"	"120"	"production"	"6"	"UTC-07:00"	"AbundantBank"	{}	{"job_argumentation": 1, "job_experimentation": 1, "job_modeling": 0, "job_name": "kelp-bull-kelp-forest", "money": 150, "region": "KelpStation", "scene_type": "station-interior", "science_level": 1, "science_points": 5, "site": "RS-Kelp", "task_list": [{"is_complete": false, "task_id": "siteA"}, {"is_complete": false, "task_id": "foodweb"}, {"is_complete": false, "task_id": "reportBack"}], "time_since_launch": 237.35}	82
"26073113054722981"	"AQUALAB"	"2026-07-31T20:09:46.099000+00:00"	"close_status"	{"server_time": "2026-07-31T15:09:46+00:00"}	"GAME"	"120"	"production"	"6"	"UTC-07:00"	"AbundantBank"	{}	{"job_argumentation": 1, "job_experimentation": 1, "job_modeling": 0, "job_name": "kelp-bull-kelp-forest", "money": 150, "region": "KelpStation", "scene_type": "station-interior", "science_level": 1, "science_points": 5, "site": "RS-Kelp", "task_list": [{"is_complete": false, "task_id": "siteA"}, {"is_complete": false, "task_id": "foodweb"}, {"is_complete": false, "task_id": "reportBack"}], "time_since_launch": 239.09}	83
"26073113054722981"	"AQUALAB"	"2026-07-31T20:09:47.296000+00:00"	"room_changed"	{"room_name": "Station", "server_time": "2026-07-31T15:09:48+00:00"}	"GAME"	"120"	"production"	"6"	"UTC-07:00"	"AbundantBank"	{}	{"job_argumentation": 1, "job_experimentation": 1, "job_modeling": 0, "job_name": "kelp-bull-kelp-forest", "money": 150, "region": "KelpStation", "scene_type": "station-interior", "science_level": 1, "science_points": 5, "site": "RS-Kelp", "task_list": [{"is_complete": false, "task_id": "siteA"}, {"is_complete": false, "task_id": "foodweb"}, {"is_complete": false, "task_id": "reportBack"}], "time_since_launch": 239.09}	84
"26073113054722981"	"AQUALAB"	"2026-07-31T20:09:51.587000+00:00"	"scene_changed"	{"scene_name": "RS-1C", "server_time": "2026-07-31T15:09:52+00:00"}	"GAME"	"120"	"production"	"6"	"UTC-07:00"	"AbundantBank"	{}	{"job_argumentation": 1, "job_experimentation": 1, "job_modeling": 0, "job_name": "kelp-bull-kelp-forest", "money": 150, "region": "KelpStation", "scene_type": "station-interior", "science_level": 1, "science_points": 5, "site": "RS-Kelp", "task_list": [{"is_complete": false, "task_id": "siteA"}, {"is_complete": false, "task_id": "foodweb"}, {"is_complete": false, "task_id": "reportBack"}], "time_since_launch": 240.29}	85
"26073113054722981"	"AQUALAB"	"2026-07-31T20:10:00.989000+00:00"	"script_began"	{"node_id": "job.kelp-bull-kelp-forest.helpWrongSite", "server_time": "2026-07-31T15:10:02+00:00"}	"GAME"	"120"	"production"	"6"	"UTC-07:00"	"AbundantBank"	{}	{"job_argumentation": 1, "job_experimentation": 1, "job_modeling": 0, "job_name": "kelp-bull-kelp-forest", "money": 150, "region": "KelpStation", "scene_type": "dive-site", "science_level": 1, "science_points": 5, "site": "RS-1C", "task_list": [{"is_complete": false, "task_id": "siteA"}, {"is_complete": false, "task_id": "foodweb"}, {"is_complete": false, "task_id": "reportBack"}], "time_since_launch": 253.98}	86
"26073113054722981"	"AQUALAB"	"2026-07-31T20:10:00.990000+00:00"	"ask_for_help"	{"node_id": "job.kelp-bull-kelp-forest.helpWrongSite", "server_time": "2026-07-31T15:10:02+00:00"}	"GAME"	"120"	"production"	"6"	"UTC-07:00"	"AbundantBank"	{}	{"job_argumentation": 1, "job_experimentation": 1, "job_modeling": 0, "job_name": "kelp-bull-kelp-forest", "money": 150, "region": "KelpStation", "scene_type": "dive-site", "science_level": 1, "science_points": 5, "site": "RS-1C", "task_list": [{"is_complete": false, "task_id": "siteA"}, {"is_complete": false, "task_id": "foodweb"}, {"is_complete": false, "task_id": "reportBack"}], "time_since_launch": 253.98}	87
"26073113054722981"	"AQUALAB"	"2026-07-31T20:10:00.994000+00:00"	"script_line_displayed"	{"node_id": "job.kelp-bull-kelp-forest.helpWrongSite", "server_time": "2026-07-31T15:10:02+00:00", "speaker": "", "text_string": "What should I do next, V1ct0r?"}	"GAME"	"120"	"production"	"6"	"UTC-07:00"	"AbundantBank"	{}	{"job_argumentation": 1, "job_experimentation": 1, "job_modeling": 0, "job_name": "kelp-bull-kelp-forest", "money": 150, "region": "KelpStation", "scene_type": "dive-site", "science_level": 1, "science_points": 5, "site": "RS-1C", "task_list": [{"is_complete": false, "task_id": "siteA"}, {"is_complete": false, "task_id": "foodweb"}, {"is_complete": false, "task_id": "reportBack"}], "time_since_launch": 253.99}	88
"26073113054722981"	"AQUALAB"	"2026-07-31T20:10:03.255000+00:00"	"script_line_displayed"	{"node_id": "job.kelp-bull-kelp-forest.helpWrongSite", "server_time": "2026-07-31T15:10:04+00:00", "speaker": "", "text_string": "According to my data, you've taken a job at a different site."}	"GAME"	"120"	"production"	"6"	"UTC-07:00"	"AbundantBank"	{}	{"job_argumentation": 1, "job_experimentation": 1, "job_modeling": 0, "job_name": "kelp-bull-kelp-forest", "money": 150, "region": "KelpStation", "scene_type": "dive-site", "science_level": 1, "science_points": 5, "site": "RS-1C", "task_list": [{"is_complete": false, "task_id": "siteA"}, {"is_complete": false, "task_id": "foodweb"}, {"is_complete": false, "task_id": "reportBack"}], "time_since_launch": 256.25}	89
"26073113054722981"	"AQUALAB"	"2026-07-31T20:10:05.355000+00:00"	"script_line_displayed"	{"node_id": "job.kelp-bull-kelp-forest.helpWrongSite", "server_time": "2026-07-31T15:10:06+00:00", "speaker": "", "text_string": "You need to surface and navigate your ship to Site A."}	"GAME"	"120"	"production"	"6"	"UTC-07:00"	"AbundantBank"	{}	{"job_argumentation": 1, "job_experimentation": 1, "job_modeling": 0, "job_name": "kelp-bull-kelp-forest", "money": 150, "region": "KelpStation", "scene_type": "dive-site", "science_level": 1, "science_points": 5, "site": "RS-1C", "task_list": [{"is_complete": false, "task_id": "siteA"}, {"is_complete": false, "task_id": "foodweb"}, {"is_complete": false, "task_id": "reportBack"}], "time_since_launch": 258.35}	90
"26073113054722981"	"AQUALAB"	"2026-07-31T20:10:23.531000+00:00"	"scene_changed"	{"scene_name": "KelpStation", "server_time": "2026-07-31T15:10:24+00:00"}	"GAME"	"120"	"production"	"6"	"UTC-07:00"	"AbundantBank"	{}	{"job_argumentation": 1, "job_experimentation": 1, "job_modeling": 0, "job_name": "kelp-bull-kelp-forest", "money": 150, "region": "KelpStation", "scene_type": "dive-site", "science_level": 1, "science_points": 5, "site": "RS-1C", "task_list": [{"is_complete": false, "task_id": "siteA"}, {"is_complete": false, "task_id": "foodweb"}, {"is_complete": false, "task_id": "reportBack"}], "time_since_launch": 258.35}	91
"26073113054722981"	"AQUALAB"	"2026-07-31T20:10:28.822000+00:00"	"begin_dive"	{"server_time": "2026-07-31T15:10:29+00:00", "site_id": "RS-1C"}	"GAME"	"120"	"production"	"6"	"UTC-07:00"	"AbundantBank"	{}	{"job_argumentation": 1, "job_experimentation": 1, "job_modeling": 0, "job_name": "kelp-bull-kelp-forest", "money": 150, "region": "KelpStation", "scene_type": "surface", "science_level": 1, "science_points": 5, "site": "KelpStation", "task_list": [{"is_complete": false, "task_id": "siteA"}, {"is_complete": false, "task_id": "foodweb"}, {"is_complete": false, "task_id": "reportBack"}], "time_since_launch": 281.81}	92
"26073113054722981"	"AQUALAB"	"2026-07-31T20:10:36.917000+00:00"	"scene_changed"	{"scene_name": "RS-1C", "server_time": "2026-07-31T15:10:37+00:00"}	"GAME"	"120"	"production"	"6"	"UTC-07:00"	"AbundantBank"	{}	{"job_argumentation": 1, "job_experimentation": 1, "job_modeling": 0, "job_name": "kelp-bull-kelp-forest", "money": 150, "region": "KelpStation", "scene_type": "surface", "science_level": 1, "science_points": 5, "site": "KelpStation", "task_list": [{"is_complete": false, "task_id": "siteA"}, {"is_complete": false, "task_id": "foodweb"}, {"is_complete": false, "task_id": "reportBack"}], "time_since_launch": 281.81}	93
"26073113054722981"	"AQUALAB"	"2026-07-31T20:10:46.652000+00:00"	"scene_changed"	{"scene_name": "KelpStation", "server_time": "2026-07-31T15:10:47+00:00"}	"GAME"	"120"	"production"	"6"	"UTC-07:00"	"AbundantBank"	{}	{"job_argumentation": 1, "job_experimentation": 1, "job_modeling": 0, "job_name": "kelp-bull-kelp-forest", "money": 150, "region": "KelpStation", "scene_type": "dive-site", "science_level": 1, "science_points": 5, "site": "RS-1C", "task_list": [{"is_complete": false, "task_id": "siteA"}, {"is_complete": false, "task_id": "foodweb"}, {"is_complete": false, "task_id": "reportBack"}], "time_since_launch": 289.91}	94
"26073113054722981"	"AQUALAB"	"2026-07-31T20:11:01.458000+00:00"	"begin_dive"	{"server_time": "2026-07-31T15:11:02+00:00", "site_id": "RS-1A"}	"GAME"	"120"	"production"	"6"	"UTC-07:00"	"AbundantBank"	{}	{"job_argumentation": 1, "job_experimentation": 1, "job_modeling": 0, "job_name": "kelp-bull-kelp-forest", "money": 150, "region": "KelpStation", "scene_type": "surface", "science_level": 1, "science_points": 5, "site": "KelpStation", "task_list": [{"is_complete": false, "task_id": "siteA"}, {"is_complete": false, "task_id": "foodweb"}, {"is_complete": false, "task_id": "reportBack"}], "time_since_launch": 314.45}	95
"26073113054722981"	"AQUALAB"	"2026-07-31T20:11:09.384000+00:00"	"scene_changed"	{"scene_name": "RS-1A", "server_time": "2026-07-31T15:11:10+00:00"}	"GAME"	"120"	"production"	"6"	"UTC-07:00"	"AbundantBank"	{}	{"job_argumentation": 1, "job_experimentation": 1, "job_modeling": 0, "job_name": "kelp-bull-kelp-forest", "money": 150, "region": "KelpStation", "scene_type": "surface", "science_level": 1, "science_points": 5, "site": "KelpStation", "task_list": [{"is_complete": false, "task_id": "siteA"}, {"is_complete": false, "task_id": "foodweb"}, {"is_complete": false, "task_id": "reportBack"}], "time_since_launch": 314.45}	96
"26073113054722981"	"AQUALAB"	"2026-07-31T20:11:09.385000+00:00"	"script_began"	{"node_id": "job.kelp-bull-kelp-forest.diveSite", "server_time": "2026-07-31T15:11:10+00:00"}	"GAME"	"120"	"production"	"6"	"UTC-07:00"	"AbundantBank"	{}	{"job_argumentation": 1, "job_experimentation": 1, "job_modeling": 0, "job_name": "kelp-bull-kelp-forest", "money": 150, "region": "KelpStation", "scene_type": "dive-site", "science_level": 1, "science_points": 5, "site": "RS-1A", "task_list": [{"is_complete": false, "task_id": "siteA"}, {"is_complete": false, "task_id": "foodweb"}, {"is_complete": false, "task_id": "reportBack"}], "time_since_launch": 322.38}	97
"26073113054722981"	"AQUALAB"	"2026-07-31T20:11:09.921000+00:00"	"script_line_displayed"	{"node_id": "job.kelp-bull-kelp-forest.diveSite", "server_time": "2026-07-31T15:11:10+00:00", "speaker": "", "text_string": "Wow, Rodeo Cove! My sister used to bring me here when I was little."}	"GAME"	"120"	"production"	"6"	"UTC-07:00"	"AbundantBank"	{}	{"job_argumentation": 1, "job_experimentation": 1, "job_modeling": 0, "job_name": "kelp-bull-kelp-forest", "money": 150, "region": "KelpStation", "scene_type": "dive-site", "science_level": 1, "science_points": 5, "site": "RS-1A", "task_list": [{"is_complete": false, "task_id": "siteA"}, {"is_complete": false, "task_id": "foodweb"}, {"is_complete": false, "task_id": "reportBack"}], "time_since_launch": 322.91}	98
"26073113054722981"	"AQUALAB"	"2026-07-31T20:11:13.622000+00:00"	"script_line_displayed"	{"node_id": "job.kelp-bull-kelp-forest.diveSite", "server_time": "2026-07-31T15:11:14+00:00", "speaker": "", "text_string": "I wonder if Ovid the Otter still lives here. He was my favorite."}	"GAME"	"120"	"production"	"6"	"UTC-07:00"	"AbundantBank"	{}	{"job_argumentation": 1, "job_experimentation": 1, "job_modeling": 0, "job_name": "kelp-bull-kelp-forest", "money": 150, "region": "KelpStation", "scene_type": "dive-site", "science_level": 1, "science_points": 5, "site": "RS-1A", "task_list": [{"is_complete": false, "task_id": "siteA"}, {"is_complete": false, "task_id": "foodweb"}, {"is_complete": false, "task_id": "reportBack"}], "time_since_launch": 326.61}	99
"26073113054722981"	"AQUALAB"	"2026-07-31T20:11:15.891000+00:00"	"script_line_displayed"	{"node_id": "job.kelp-bull-kelp-forest.diveSite", "server_time": "2026-07-31T15:11:16+00:00", "speaker": "", "text_string": "According to my database, male sea otters live an average of 10 to 15 years in the wild..."}	"GAME"	"120"	"production"	"6"	"UTC-07:00"	"AbundantBank"	{}	{"job_argumentation": 1, "job_experimentation": 1, "job_modeling": 0, "job_name": "kelp-bull-kelp-forest", "money": 150, "region": "KelpStation", "scene_type": "dive-site", "science_level": 1, "science_points": 5, "site": "RS-1A", "task_list": [{"is_complete": false, "task_id": "siteA"}, {"is_complete": false, "task_id": "foodweb"}, {"is_complete": false, "task_id": "reportBack"}], "time_since_launch": 328.88}	100
"26073113054722981"	"AQUALAB"	"2026-07-31T20:11:18.722000+00:00"	"script_line_displayed"	{"node_id": "job.kelp-bull-kelp-forest.diveSite", "server_time": "2026-07-31T15:11:19+00:00", "speaker": "", "text_string": "So there is a 15.8% chance that Ovid is still alive!"}	"GAME"	"120"	"production"	"6"	"UTC-07:00"	"AbundantBank"	{}	{"job_argumentation": 1, "job_experimentation": 1, "job_modeling": 0, "job_name": "kelp-bull-kelp-forest", "money": 150, "region": "KelpStation", "scene_type": "dive-site", "science_level": 1, "science_points": 5, "site": "RS-1A", "task_list": [{"is_complete": false, "task_id": "siteA"}, {"is_complete": false, "task_id": "foodweb"}, {"is_complete": false, "task_id": "reportBack"}], "time_since_launch": 331.71}	101
"26073113054722981"	"AQUALAB"	"2026-07-31T20:11:20.522000+00:00"	"script_line_displayed"	{"node_id": "job.kelp-bull-kelp-forest.diveSite", "server_time": "2026-07-31T15:11:21+00:00", "speaker": "", "text_string": "Gee. Thanks for that cheery thought, V1ct0r."}	"GAME"	"120"	"production"	"6"	"UTC-07:00"	"AbundantBank"	{}	{"job_argumentation": 1, "job_experimentation": 1, "job_modeling": 0, "job_name": "kelp-bull-kelp-forest", "money": 150, "region": "KelpStation", "scene_type": "dive-site", "science_level": 1, "science_points": 5, "site": "RS-1A", "task_list": [{"is_complete": false, "task_id": "siteA"}, {"is_complete": false, "task_id": "foodweb"}, {"is_complete": false, "task_id": "reportBack"}], "time_since_launch": 333.51}	102
"26073113054722981"	"AQUALAB"	"2026-07-31T20:11:22.522000+00:00"	"script_line_displayed"	{"node_id": "job.kelp-bull-kelp-forest.diveSite", "server_time": "2026-07-31T15:11:23+00:00", "speaker": "", "text_string": "Don't mention it, O!"}	"GAME"	"120"	"production"	"6"	"UTC-07:00"	"AbundantBank"	{}	{"job_argumentation": 1, "job_experimentation": 1, "job_modeling": 0, "job_name": "kelp-bull-kelp-forest", "money": 150, "region": "KelpStation", "scene_type": "dive-site", "science_level": 1, "science_points": 5, "site": "RS-1A", "task_list": [{"is_complete": false, "task_id": "siteA"}, {"is_complete": false, "task_id": "foodweb"}, {"is_complete": false, "task_id": "reportBack"}], "time_since_launch": 335.51}	103
"26073113054722981"	"AQUALAB"	"2026-07-31T20:11:23.918000+00:00"	"receive_entity"	{"entity_id": "KelpForest", "server_time": "2026-07-31T15:11:24+00:00"}	"GAME"	"120"	"production"	"6"	"UTC-07:00"	"AbundantBank"	{}	{"job_argumentation": 1, "job_experimentation": 1, "job_modeling": 0, "job_name": "kelp-bull-kelp-forest", "money": 150, "region": "KelpStation", "scene_type": "dive-site", "science_level": 1, "science_points": 5, "site": "RS-1A", "task_list": [{"is_complete": false, "task_id": "siteA"}, {"is_complete": false, "task_id": "foodweb"}, {"is_complete": false, "task_id": "reportBack"}], "time_since_launch": 336.91}	104
"26073113054722981"	"AQUALAB"	"2026-07-31T20:11:37.462000+00:00"	"complete_task"	{"server_time": "2026-07-31T15:11:38+00:00", "task_id": "siteA"}	"GAME"	"120"	"production"	"6"	"UTC-07:00"	"AbundantBank"	{}	{"job_argumentation": 1, "job_experimentation": 1, "job_modeling": 0, "job_name": "kelp-bull-kelp-forest", "money": 150, "region": "KelpStation", "scene_type": "dive-site", "science_level": 1, "science_points": 5, "site": "RS-1A", "task_list": [{"is_complete": false, "task_id": "siteA"}, {"is_complete": false, "task_id": "foodweb"}, {"is_complete": false, "task_id": "reportBack"}], "time_since_launch": 350.45}	105
"26073113054722981"	"AQUALAB"	"2026-07-31T20:11:37.463000+00:00"	"receive_entity"	{"entity_id": "BullKelp", "server_time": "2026-07-31T15:11:38+00:00"}	"GAME"	"120"	"production"	"6"	"UTC-07:00"	"AbundantBank"	{}	{"job_argumentation": 1, "job_experimentation": 1, "job_modeling": 0, "job_name": "kelp-bull-kelp-forest", "money": 150, "region": "KelpStation", "scene_type": "dive-site", "science_level": 1, "science_points": 5, "site": "RS-1A", "task_list": [{"is_complete": true, "task_id": "siteA"}, {"is_complete": false, "task_id": "foodweb"}, {"is_complete": false, "task_id": "reportBack"}], "time_since_launch": 350.46}	106
"26073113054722981"	"AQUALAB"	"2026-07-31T20:11:46.260000+00:00"	"open_status"	{"server_time": "2026-07-31T15:11:47+00:00"}	"GAME"	"120"	"production"	"6"	"UTC-07:00"	"AbundantBank"	{}	{"job_argumentation": 1, "job_experimentation": 1, "job_modeling": 0, "job_name": "kelp-bull-kelp-forest", "money": 150, "region": "KelpStation", "scene_type": "dive-site", "science_level": 1, "science_points": 5, "site": "RS-1A", "task_list": [{"is_complete": true, "task_id": "siteA"}, {"is_complete": false, "task_id": "foodweb"}, {"is_complete": false, "task_id": "reportBack"}], "time_since_launch": 359.25}	107
"26073113054722981"	"AQUALAB"	"2026-07-31T20:11:46.260000+00:00"	"status_open_job_tab"	{"server_time": "2026-07-31T15:11:47+00:00"}	"GAME"	"120"	"production"	"6"	"UTC-07:00"	"AbundantBank"	{}	{"job_argumentation": 1, "job_experimentation": 1, "job_modeling": 0, "job_name": "kelp-bull-kelp-forest", "money": 150, "region": "KelpStation", "scene_type": "dive-site", "science_level": 1, "science_points": 5, "site": "RS-1A", "task_list": [{"is_complete": true, "task_id": "siteA"}, {"is_complete": false, "task_id": "foodweb"}, {"is_complete": false, "task_id": "reportBack"}], "time_since_launch": 359.25}	108
"26073113054722981"	"AQUALAB"	"2026-07-31T20:11:46.260000+00:00"	"status_open_job_tab"	{"server_time": "2026-07-31T15:11:47+00:00"}	"GAME"	"120"	"production"	"6"	"UTC-07:00"	"AbundantBank"	{}	{"job_argumentation": 1, "job_experimentation": 1, "job_modeling": 0, "job_name": "kelp-bull-kelp-forest", "money": 150, "region": "KelpStation", "scene_type": "dive-site", "science_level": 1, "science_points": 5, "site": "RS-1A", "task_list": [{"is_complete": true, "task_id": "siteA"}, {"is_complete": false, "task_id": "foodweb"}, {"is_complete": false, "task_id": "reportBack"}], "time_since_launch": 359.25}	109
"26073113054722981"	"AQUALAB"	"2026-07-31T20:12:00.462000+00:00"	"close_status"	{"server_time": "2026-07-31T15:12:01+00:00"}	"GAME"	"120"	"production"	"6"	"UTC-07:00"	"AbundantBank"	{}	{"job_argumentation": 1, "job_experimentation": 1, "job_modeling": 0, "job_name": "kelp-bull-kelp-forest", "money": 150, "region": "KelpStation", "scene_type": "dive-site", "science_level": 1, "science_points": 5, "site": "RS-1A", "task_list": [{"is_complete": true, "task_id": "siteA"}, {"is_complete": false, "task_id": "foodweb"}, {"is_complete": false, "task_id": "reportBack"}], "time_since_launch": 373.45}	110
"26073113054722981"	"AQUALAB"	"2026-07-31T20:12:12.927000+00:00"	"script_began"	{"node_id": "commonDiveSite.partner.onScan.probeHackerNotAcquired.2", "server_time": "2026-07-31T15:12:13+00:00"}	"GAME"	"120"	"production"	"6"	"UTC-07:00"	"AbundantBank"	{}	{"job_argumentation": 1, "job_experimentation": 1, "job_modeling": 0, "job_name": "kelp-bull-kelp-forest", "money": 150, "region": "KelpStation", "scene_type": "dive-site", "science_level": 1, "science_points": 5, "site": "RS-1A", "task_list": [{"is_complete": true, "task_id": "siteA"}, {"is_complete": false, "task_id": "foodweb"}, {"is_complete": false, "task_id": "reportBack"}], "time_since_launch": 385.92}	111
"26073113054722981"	"AQUALAB"	"2026-07-31T20:12:12.928000+00:00"	"guide_script_triggered"	{"node_id": "commonDiveSite.partner.onScan.probeHackerNotAcquired.2", "server_time": "2026-07-31T15:12:13+00:00"}	"GAME"	"120"	"production"	"6"	"UTC-07:00"	"AbundantBank"	{}	{"job_argumentation": 1, "job_experimentation": 1, "job_modeling": 0, "job_name": "kelp-bull-kelp-forest", "money": 150, "region": "KelpStation", "scene_type": "dive-site", "science_level": 1, "science_points": 5, "site": "RS-1A", "task_list": [{"is_complete": true, "task_id": "siteA"}, {"is_complete": false, "task_id": "foodweb"}, {"is_complete": false, "task_id": "reportBack"}], "time_since_launch": 385.92}	112
"26073113054722981"	"AQUALAB"	"2026-07-31T20:12:12.974000+00:00"	"script_line_displayed"	{"node_id": "commonDiveSite.partner.onScan.probeHackerNotAcquired.2", "server_time": "2026-07-31T15:12:13+00:00", "speaker": "", "text_string": "Looks like we'll need some new equipment if we're going to scan these probes."}	"GAME"	"120"	"production"	"6"	"UTC-07:00"	"AbundantBank"	{}	{"job_argumentation": 1, "job_experimentation": 1, "job_modeling": 0, "job_name": "kelp-bull-kelp-forest", "money": 150, "region": "KelpStation", "scene_type": "dive-site", "science_level": 1, "science_points": 5, "site": "RS-1A", "task_list": [{"is_complete": true, "task_id": "siteA"}, {"is_complete": false, "task_id": "foodweb"}, {"is_complete": false, "task_id": "reportBack"}], "time_since_launch": 385.97}	113
"26073113054722981"	"AQUALAB"	"2026-07-31T20:12:24.565000+00:00"	"scene_changed"	{"scene_name": "KelpStation", "server_time": "2026-07-31T15:12:25+00:00"}	"GAME"	"120"	"production"	"6"	"UTC-07:00"	"AbundantBank"	{}	{"job_argumentation": 1, "job_experimentation": 1, "job_modeling": 0, "job_name": "kelp-bull-kelp-forest", "money": 150, "region": "KelpStation", "scene_type": "dive-site", "science_level": 1, "science_points": 5, "site": "RS-1A", "task_list": [{"is_complete": true, "task_id": "siteA"}, {"is_complete": false, "task_id": "foodweb"}, {"is_complete": false, "task_id": "reportBack"}], "time_since_launch": 385.97}	114
"26073113054722981"	"AQUALAB"	"2026-07-31T20:12:32.039000+00:00"	"scene_changed"	{"scene_name": "ExperimentV2", "server_time": "2026-07-31T15:12:33+00:00"}	"GAME"	"120"	"production"	"6"	"UTC-07:00"	"AbundantBank"	{}	{"job_argumentation": 1, "job_experimentation": 1, "job_modeling": 0, "job_name": "kelp-bull-kelp-forest", "money": 150, "region": "KelpStation", "scene_type": "surface", "science_level": 1, "science_points": 5, "site": "KelpStation", "task_list": [{"is_complete": true, "task_id": "siteA"}, {"is_complete": false, "task_id": "foodweb"}, {"is_complete": false, "task_id": "reportBack"}], "time_since_launch": 397.56}	115
"26073113054722981"	"AQUALAB"	"2026-07-31T20:12:37.215000+00:00"	"add_environment"	{"environment": "KelpForest", "server_time": "2026-07-31T15:12:38+00:00", "tank_type": "Observation"}	"GAME"	"120"	"production"	"6"	"UTC-07:00"	"AbundantBank"	{}	{"job_argumentation": 1, "job_experimentation": 1, "job_modeling": 0, "job_name": "kelp-bull-kelp-forest", "money": 150, "region": "KelpStation", "scene_type": "ship", "science_level": 1, "science_points": 5, "site": "Experimentation", "task_list": [{"is_complete": true, "task_id": "siteA"}, {"is_complete": false, "task_id": "foodweb"}, {"is_complete": false, "task_id": "reportBack"}], "time_since_launch": 410.21}	116
"26073113054722981"	"AQUALAB"	"2026-07-31T20:12:46.915000+00:00"	"add_critter"	{"critter": "BullKelp", "environment": "KelpForest", "server_time": "2026-07-31T15:12:47+00:00", "tank_type": "Observation"}	"GAME"	"120"	"production"	"6"	"UTC-07:00"	"AbundantBank"	{}	{"job_argumentation": 1, "job_experimentation": 1, "job_modeling": 0, "job_name": "kelp-bull-kelp-forest", "money": 150, "region": "KelpStation", "scene_type": "ship", "science_level": 1, "science_points": 5, "site": "Experimentation", "task_list": [{"is_complete": true, "task_id": "siteA"}, {"is_complete": false, "task_id": "foodweb"}, {"is_complete": false, "task_id": "reportBack"}], "time_since_launch": 419.91}	117
"26073113054722981"	"AQUALAB"	"2026-07-31T20:12:49.357000+00:00"	"begin_experiment"	{"autofeeder_enabled": false, "critters": "BullKelp", "environment": "KelpForest", "server_time": "2026-07-31T15:12:50+00:00", "stabilizer_enabled": false, "tank_type": "Observation"}	"GAME"	"120"	"production"	"6"	"UTC-07:00"	"AbundantBank"	{}	{"job_argumentation": 1, "job_experimentation": 1, "job_modeling": 0, "job_name": "kelp-bull-kelp-forest", "money": 150, "region": "KelpStation", "scene_type": "ship", "science_level": 1, "science_points": 5, "site": "Experimentation", "task_list": [{"is_complete": true, "task_id": "siteA"}, {"is_complete": false, "task_id": "foodweb"}, {"is_complete": false, "task_id": "reportBack"}], "time_since_launch": 422.35}	118
"26073113054722981"	"AQUALAB"	"2026-07-31T20:12:57.715000+00:00"	"script_began"	{"node_id": "job.kelp-bull-kelp-forest.helpDoExperiment", "server_time": "2026-07-31T15:12:58+00:00"}	"GAME"	"120"	"production"	"6"	"UTC-07:00"	"AbundantBank"	{}	{"job_argumentation": 1, "job_experimentation": 1, "job_modeling": 0, "job_name": "kelp-bull-kelp-forest", "money": 150, "region": "KelpStation", "scene_type": "ship", "science_level": 1, "science_points": 5, "site": "Experimentation", "task_list": [{"is_complete": true, "task_id": "siteA"}, {"is_complete": false, "task_id": "foodweb"}, {"is_complete": false, "task_id": "reportBack"}], "time_since_launch": 430.71}	119
"26073113054722981"	"AQUALAB"	"2026-07-31T20:12:57.716000+00:00"	"ask_for_help"	{"node_id": "job.kelp-bull-kelp-forest.helpDoExperiment", "server_time": "2026-07-31T15:12:58+00:00"}	"GAME"	"120"	"production"	"6"	"UTC-07:00"	"AbundantBank"	{}	{"job_argumentation": 1, "job_experimentation": 1, "job_modeling": 0, "job_name": "kelp-bull-kelp-forest", "money": 150, "region": "KelpStation", "scene_type": "ship", "science_level": 1, "science_points": 5, "site": "Experimentation", "task_list": [{"is_complete": true, "task_id": "siteA"}, {"is_complete": false, "task_id": "foodweb"}, {"is_complete": false, "task_id": "reportBack"}], "time_since_launch": 430.71}	120
"26073113054722981"	"AQUALAB"	"2026-07-31T20:12:57.720000+00:00"	"script_line_displayed"	{"node_id": "job.kelp-bull-kelp-forest.helpDoExperiment", "server_time": "2026-07-31T15:12:58+00:00", "speaker": "", "text_string": "What should we do now?"}	"GAME"	"120"	"production"	"6"	"UTC-07:00"	"AbundantBank"	{}	{"job_argumentation": 1, "job_experimentation": 1, "job_modeling": 0, "job_name": "kelp-bull-kelp-forest", "money": 150, "region": "KelpStation", "scene_type": "ship", "science_level": 1, "science_points": 5, "site": "Experimentation", "task_list": [{"is_complete": true, "task_id": "siteA"}, {"is_complete": false, "task_id": "foodweb"}, {"is_complete": false, "task_id": "reportBack"}], "time_since_launch": 430.71}	121
"26073113054722981"	"AQUALAB"	"2026-07-31T20:12:58.915000+00:00"	"script_line_displayed"	{"node_id": "job.kelp-bull-kelp-forest.helpDoExperiment.InExperiment", "server_time": "2026-07-31T15:12:59+00:00", "speaker": "", "text_string": "Is anything interacting with the Bull Kelp?"}	"GAME"	"120"	"production"	"6"	"UTC-07:00"	"AbundantBank"	{}	{"job_argumentation": 1, "job_experimentation": 1, "job_modeling": 0, "job_name": "kelp-bull-kelp-forest", "money": 150, "region": "KelpStation", "scene_type": "ship", "science_level": 1, "science_points": 5, "site": "Experimentation", "task_list": [{"is_complete": true, "task_id": "siteA"}, {"is_complete": false, "task_id": "foodweb"}, {"is_complete": false, "task_id": "reportBack"}], "time_since_launch": 431.91}	122
"26073113054722981"	"AQUALAB"	"2026-07-31T20:13:05.983000+00:00"	"end_experiment"	{"autofeeder_enabled": false, "critters": "BullKelp", "environment": "KelpForest", "server_time": "2026-07-31T15:13:07+00:00", "stabilizer_enabled": false, "tank_type": "Observation"}	"GAME"	"120"	"production"	"6"	"UTC-07:00"	"AbundantBank"	{}	{"job_argumentation": 1, "job_experimentation": 1, "job_modeling": 0, "job_name": "kelp-bull-kelp-forest", "money": 150, "region": "KelpStation", "scene_type": "ship", "science_level": 1, "science_points": 5, "site": "Experimentation", "task_list": [{"is_complete": true, "task_id": "siteA"}, {"is_complete": false, "task_id": "foodweb"}, {"is_complete": false, "task_id": "reportBack"}], "time_since_launch": 438.98}	123
"26073113054722981"	"AQUALAB"	"2026-07-31T20:13:08.983000+00:00"	"add_environment"	{"environment": "KelpForest", "server_time": "2026-07-31T15:13:09+00:00", "tank_type": ""}	"GAME"	"120"	"production"	"6"	"UTC-07:00"	"AbundantBank"	{}	{"job_argumentation": 1, "job_experimentation": 1, "job_modeling": 0, "job_name": "kelp-bull-kelp-forest", "money": 150, "region": "KelpStation", "scene_type": "ship", "science_level": 1, "science_points": 5, "site": "Experimentation", "task_list": [{"is_complete": true, "task_id": "siteA"}, {"is_complete": false, "task_id": "foodweb"}, {"is_complete": false, "task_id": "reportBack"}], "time_since_launch": 441.98}	124
"26073113054722981"	"AQUALAB"	"2026-07-31T20:13:14.948000+00:00"	"add_critter"	{"critter": "BullKelp", "environment": "KelpForest", "server_time": "2026-07-31T15:13:15+00:00", "tank_type": ""}	"GAME"	"120"	"production"	"6"	"UTC-07:00"	"AbundantBank"	{}	{"job_argumentation": 1, "job_experimentation": 1, "job_modeling": 0, "job_name": "kelp-bull-kelp-forest", "money": 150, "region": "KelpStation", "scene_type": "ship", "science_level": 1, "science_points": 5, "site": "Experimentation", "task_list": [{"is_complete": true, "task_id": "siteA"}, {"is_complete": false, "task_id": "foodweb"}, {"is_complete": false, "task_id": "reportBack"}], "time_since_launch": 447.94}	125
"26073113054722981"	"AQUALAB"	"2026-07-31T20:13:18.150000+00:00"	"add_critter"	{"critter": "Urchin", "environment": "KelpForest", "server_time": "2026-07-31T15:13:19+00:00", "tank_type": ""}	"GAME"	"120"	"production"	"6"	"UTC-07:00"	"AbundantBank"	{}	{"job_argumentation": 1, "job_experimentation": 1, "job_modeling": 0, "job_name": "kelp-bull-kelp-forest", "money": 150, "region": "KelpStation", "scene_type": "ship", "science_level": 1, "science_points": 5, "site": "Experimentation", "task_list": [{"is_complete": true, "task_id": "siteA"}, {"is_complete": false, "task_id": "foodweb"}, {"is_complete": false, "task_id": "reportBack"}], "time_since_launch": 451.14}	126
"26073113054722981"	"AQUALAB"	"2026-07-31T20:13:18.783000+00:00"	"add_critter"	{"critter": "SeaOtter", "environment": "KelpForest", "server_time": "2026-07-31T15:13:19+00:00", "tank_type": ""}	"GAME"	"120"	"production"	"6"	"UTC-07:00"	"AbundantBank"	{}	{"job_argumentation": 1, "job_experimentation": 1, "job_modeling": 0, "job_name": "kelp-bull-kelp-forest", "money": 150, "region": "KelpStation", "scene_type": "ship", "science_level": 1, "science_points": 5, "site": "Experimentation", "task_list": [{"is_complete": true, "task_id": "siteA"}, {"is_complete": false, "task_id": "foodweb"}, {"is_complete": false, "task_id": "reportBack"}], "time_since_launch": 451.77}	127
"26073113054722981"	"AQUALAB"	"2026-07-31T20:13:19.448000+00:00"	"add_critter"	{"critter": "Mussel", "environment": "KelpForest", "server_time": "2026-07-31T15:13:20+00:00", "tank_type": ""}	"GAME"	"120"	"production"	"6"	"UTC-07:00"	"AbundantBank"	{}	{"job_argumentation": 1, "job_experimentation": 1, "job_modeling": 0, "job_name": "kelp-bull-kelp-forest", "money": 150, "region": "KelpStation", "scene_type": "ship", "science_level": 1, "science_points": 5, "site": "Experimentation", "task_list": [{"is_complete": true, "task_id": "siteA"}, {"is_complete": false, "task_id": "foodweb"}, {"is_complete": false, "task_id": "reportBack"}], "time_since_launch": 452.44}	128
"26073113054722981"	"AQUALAB"	"2026-07-31T20:13:22.448000+00:00"	"begin_experiment"	{"autofeeder_enabled": false, "critters": "BullKelp,Urchin,SeaOtter,Mussel", "environment": "KelpForest", "server_time": "2026-07-31T15:13:23+00:00", "stabilizer_enabled": false, "tank_type": "Observation"}	"GAME"	"120"	"production"	"6"	"UTC-07:00"	"AbundantBank"	{}	{"job_argumentation": 1, "job_experimentation": 1, "job_modeling": 0, "job_name": "kelp-bull-kelp-forest", "money": 150, "region": "KelpStation", "scene_type": "ship", "science_level": 1, "science_points": 5, "site": "Experimentation", "task_list": [{"is_complete": true, "task_id": "siteA"}, {"is_complete": false, "task_id": "foodweb"}, {"is_complete": false, "task_id": "reportBack"}], "time_since_launch": 455.44}	129
"26073113054722981"	"AQUALAB"	"2026-07-31T20:13:28.965000+00:00"	"complete_task"	{"server_time": "2026-07-31T15:13:30+00:00", "task_id": "foodweb"}	"GAME"	"120"	"production"	"6"	"UTC-07:00"	"AbundantBank"	{}	{"job_argumentation": 1, "job_experimentation": 1, "job_modeling": 0, "job_name": "kelp-bull-kelp-forest", "money": 150, "region": "KelpStation", "scene_type": "ship", "science_level": 1, "science_points": 5, "site": "Experimentation", "task_list": [{"is_complete": true, "task_id": "siteA"}, {"is_complete": false, "task_id": "foodweb"}, {"is_complete": false, "task_id": "reportBack"}], "time_since_launch": 461.96}	130
"26073113054722981"	"AQUALAB"	"2026-07-31T20:13:28.966000+00:00"	"receive_fact"	{"fact_entity": "Urchin", "fact_id": "Urchin.Eats.BullKelp", "fact_rate": true, "fact_stressed": false, "fact_type": "Eat", "has_rate": false, "server_time": "2026-07-31T15:13:30+00:00"}	"GAME"	"120"	"production"	"6"	"UTC-07:00"	"AbundantBank"	{}	{"job_argumentation": 1, "job_experimentation": 1, "job_modeling": 0, "job_name": "kelp-bull-kelp-forest", "money": 150, "region": "KelpStation", "scene_type": "ship", "science_level": 1, "science_points": 5, "site": "Experimentation", "task_list": [{"is_complete": true, "task_id": "siteA"}, {"is_complete": true, "task_id": "foodweb"}, {"is_complete": false, "task_id": "reportBack"}], "time_since_launch": 461.96}	131
"26073113054722981"	"AQUALAB"	"2026-07-31T20:13:35.653000+00:00"	"script_began"	{"node_id": "partner.talk.experiment.behavior.idle.nothingLeft.2", "server_time": "2026-07-31T15:13:36+00:00"}	"GAME"	"120"	"production"	"6"	"UTC-07:00"	"AbundantBank"	{}	{"job_argumentation": 1, "job_experimentation": 1, "job_modeling": 0, "job_name": "kelp-bull-kelp-forest", "money": 150, "region": "KelpStation", "scene_type": "ship", "science_level": 1, "science_points": 5, "site": "Experimentation", "task_list": [{"is_complete": true, "task_id": "siteA"}, {"is_complete": true, "task_id": "foodweb"}, {"is_complete": false, "task_id": "reportBack"}], "time_since_launch": 468.64}	132
"26073113054722981"	"AQUALAB"	"2026-07-31T20:13:35.653000+00:00"	"guide_script_triggered"	{"node_id": "partner.talk.experiment.behavior.idle.nothingLeft.2", "server_time": "2026-07-31T15:13:36+00:00"}	"GAME"	"120"	"production"	"6"	"UTC-07:00"	"AbundantBank"	{}	{"job_argumentation": 1, "job_experimentation": 1, "job_modeling": 0, "job_name": "kelp-bull-kelp-forest", "money": 150, "region": "KelpStation", "scene_type": "ship", "science_level": 1, "science_points": 5, "site": "Experimentation", "task_list": [{"is_complete": true, "task_id": "siteA"}, {"is_complete": true, "task_id": "foodweb"}, {"is_complete": false, "task_id": "reportBack"}], "time_since_launch": 468.65}	133
"26073113054722981"	"AQUALAB"	"2026-07-31T20:13:35.703000+00:00"	"script_line_displayed"	{"node_id": "partner.talk.experiment.behavior.idle.nothingLeft.2", "server_time": "2026-07-31T15:13:36+00:00", "speaker": "", "text_string": "You've been pretty thorough here! I doubt we'll learn anything more from this experiment."}	"GAME"	"120"	"production"	"6"	"UTC-07:00"	"AbundantBank"	{}	{"job_argumentation": 1, "job_experimentation": 1, "job_modeling": 0, "job_name": "kelp-bull-kelp-forest", "money": 150, "region": "KelpStation", "scene_type": "ship", "science_level": 1, "science_points": 5, "site": "Experimentation", "task_list": [{"is_complete": true, "task_id": "siteA"}, {"is_complete": true, "task_id": "foodweb"}, {"is_complete": false, "task_id": "reportBack"}], "time_since_launch": 468.7}	134
"26073113054722981"	"AQUALAB"	"2026-07-31T20:13:41.815000+00:00"	"end_experiment"	{"autofeeder_enabled": false, "critters": "BullKelp,Urchin,SeaOtter,Mussel", "environment": "KelpForest", "server_time": "2026-07-31T15:13:42+00:00", "stabilizer_enabled": false, "tank_type": "Observation"}	"GAME"	"120"	"production"	"6"	"UTC-07:00"	"AbundantBank"	{}	{"job_argumentation": 1, "job_experimentation": 1, "job_modeling": 0, "job_name": "kelp-bull-kelp-forest", "money": 150, "region": "KelpStation", "scene_type": "ship", "science_level": 1, "science_points": 5, "site": "Experimentation", "task_list": [{"is_complete": true, "task_id": "siteA"}, {"is_complete": true, "task_id": "foodweb"}, {"is_complete": false, "task_id": "reportBack"}], "time_since_launch": 474.81}	135
"26073113054722981"	"AQUALAB"	"2026-07-31T20:13:43.782000+00:00"	"open_status"	{"server_time": "2026-07-31T15:13:44+00:00"}	"GAME"	"120"	"production"	"6"	"UTC-07:00"	"AbundantBank"	{}	{"job_argumentation": 1, "job_experimentation": 1, "job_modeling": 0, "job_name": "kelp-bull-kelp-forest", "money": 150, "region": "KelpStation", "scene_type": "ship", "science_level": 1, "science_points": 5, "site": "Experimentation", "task_list": [{"is_complete": true, "task_id": "siteA"}, {"is_complete": true, "task_id": "foodweb"}, {"is_complete": false, "task_id": "reportBack"}], "time_since_launch": 476.77}	136
"26073113054722981"	"AQUALAB"	"2026-07-31T20:13:43.783000+00:00"	"status_open_job_tab"	{"server_time": "2026-07-31T15:13:44+00:00"}	"GAME"	"120"	"production"	"6"	"UTC-07:00"	"AbundantBank"	{}	{"job_argumentation": 1, "job_experimentation": 1, "job_modeling": 0, "job_name": "kelp-bull-kelp-forest", "money": 150, "region": "KelpStation", "scene_type": "ship", "science_level": 1, "science_points": 5, "site": "Experimentation", "task_list": [{"is_complete": true, "task_id": "siteA"}, {"is_complete": true, "task_id": "foodweb"}, {"is_complete": false, "task_id": "reportBack"}], "time_since_launch": 476.78}	137
"26073113054722981"	"AQUALAB"	"2026-07-31T20:13:43.783000+00:00"	"status_open_job_tab"	{"server_time": "2026-07-31T15:13:44+00:00"}	"GAME"	"120"	"production"	"6"	"UTC-07:00"	"AbundantBank"	{}	{"job_argumentation": 1, "job_experimentation": 1, "job_modeling": 0, "job_name": "kelp-bull-kelp-forest", "money": 150, "region": "KelpStation", "scene_type": "ship", "science_level": 1, "science_points": 5, "site": "Experimentation", "task_list": [{"is_complete": true, "task_id": "siteA"}, {"is_complete": true, "task_id": "foodweb"}, {"is_complete": false, "task_id": "reportBack"}], "time_since_launch": 476.78}	138
"26073113054722981"	"AQUALAB"	"2026-07-31T20:13:45.349000+00:00"	"close_status"	{"server_time": "2026-07-31T15:13:46+00:00"}	"GAME"	"120"	"production"	"6"	"UTC-07:00"	"AbundantBank"	{}	{"job_argumentation": 1, "job_experimentation": 1, "job_modeling": 0, "job_name": "kelp-bull-kelp-forest", "money": 150, "region": "KelpStation", "scene_type": "ship", "science_level": 1, "science_points": 5, "site": "Experimentation", "task_list": [{"is_complete": true, "task_id": "siteA"}, {"is_complete": true, "task_id": "foodweb"}, {"is_complete": false, "task_id": "reportBack"}], "time_since_launch": 478.34}	139
"26073113054722981"	"AQUALAB"	"2026-07-31T20:13:51.030000+00:00"	"room_changed"	{"room_name": "Station", "server_time": "2026-07-31T15:13:52+00:00"}	"GAME"	"120"	"production"	"6"	"UTC-07:00"	"AbundantBank"	{}	{"job_argumentation": 1, "job_experimentation": 1, "job_modeling": 0, "job_name": "kelp-bull-kelp-forest", "money": 150, "region": "KelpStation", "scene_type": "ship", "science_level": 1, "science_points": 5, "site": "Experimentation", "task_list": [{"is_complete": true, "task_id": "siteA"}, {"is_complete": true, "task_id": "foodweb"}, {"is_complete": false, "task_id": "reportBack"}], "time_since_launch": 478.34}	140
"26073113054722981"	"AQUALAB"	"2026-07-31T20:13:51.032000+00:00"	"scene_changed"	{"scene_name": "RS-1C-StationInterior", "server_time": "2026-07-31T15:13:52+00:00"}	"GAME"	"120"	"production"	"6"	"UTC-07:00"	"AbundantBank"	{}	{"job_argumentation": 1, "job_experimentation": 1, "job_modeling": 0, "job_name": "kelp-bull-kelp-forest", "money": 150, "region": "KelpStation", "scene_type": "ship", "science_level": 1, "science_points": 5, "site": "Experimentation", "task_list": [{"is_complete": true, "task_id": "siteA"}, {"is_complete": true, "task_id": "foodweb"}, {"is_complete": false, "task_id": "reportBack"}], "time_since_launch": 484.02}	141
"26073113054722981"	"AQUALAB"	"2026-07-31T20:13:56.116000+00:00"	"room_changed"	{"room_name": "JobGiver", "server_time": "2026-07-31T15:13:57+00:00"}	"GAME"	"120"	"production"	"6"	"UTC-07:00"	"AbundantBank"	{}	{"job_argumentation": 1, "job_experimentation": 1, "job_modeling": 0, "job_name": "kelp-bull-kelp-forest", "money": 150, "region": "KelpStation", "scene_type": "station-interior", "science_level": 1, "science_points": 5, "site": "RS-Kelp", "task_list": [{"is_complete": true, "task_id": "siteA"}, {"is_complete": true, "task_id": "foodweb"}, {"is_complete": false, "task_id": "reportBack"}], "time_since_launch": 484.02}	142
"26073113054722981"	"AQUALAB"	"2026-07-31T20:13:57.612000+00:00"	"script_began"	{"node_id": "interior.job.kelp.jobGiver.hasJob.a", "server_time": "2026-07-31T15:13:58+00:00"}	"GAME"	"120"	"production"	"6"	"UTC-07:00"	"AbundantBank"	{}	{"job_argumentation": 1, "job_experimentation": 1, "job_modeling": 0, "job_name": "kelp-bull-kelp-forest", "money": 150, "region": "KelpStation", "scene_type": "station-interior", "science_level": 1, "science_points": 5, "site": "RS-Kelp", "task_list": [{"is_complete": true, "task_id": "siteA"}, {"is_complete": true, "task_id": "foodweb"}, {"is_complete": false, "task_id": "reportBack"}], "time_since_launch": 490.6}	143
"26073113054722981"	"AQUALAB"	"2026-07-31T20:13:57.619000+00:00"	"script_line_displayed"	{"node_id": "interior.job.kelp.jobGiver.hasJob.a", "server_time": "2026-07-31T15:13:58+00:00", "speaker": "", "text_string": "Do you need something, Mija?"}	"GAME"	"120"	"production"	"6"	"UTC-07:00"	"AbundantBank"	{}	{"job_argumentation": 1, "job_experimentation": 1, "job_modeling": 0, "job_name": "kelp-bull-kelp-forest", "money": 150, "region": "KelpStation", "scene_type": "station-interior", "science_level": 1, "science_points": 5, "site": "RS-Kelp", "task_list": [{"is_complete": true, "task_id": "siteA"}, {"is_complete": true, "task_id": "foodweb"}, {"is_complete": false, "task_id": "reportBack"}], "time_since_launch": 490.61}	144
"26073113054722981"	"AQUALAB"	"2026-07-31T20:14:01.783000+00:00"	"script_began"	{"node_id": "job.kelp-bull-kelp-forest.argue.intro", "server_time": "2026-07-31T15:14:02+00:00"}	"GAME"	"120"	"production"	"6"	"UTC-07:00"	"AbundantBank"	{}	{"job_argumentation": 1, "job_experimentation": 1, "job_modeling": 0, "job_name": "kelp-bull-kelp-forest", "money": 150, "region": "KelpStation", "scene_type": "station-interior", "science_level": 1, "science_points": 5, "site": "RS-Kelp", "task_list": [{"is_complete": true, "task_id": "siteA"}, {"is_complete": true, "task_id": "foodweb"}, {"is_complete": false, "task_id": "reportBack"}], "time_since_launch": 494.78}	145
"26073113054722981"	"AQUALAB"	"2026-07-31T20:14:01.817000+00:00"	"begin_argument"	{"server_time": "2026-07-31T15:14:02+00:00"}	"GAME"	"120"	"production"	"6"	"UTC-07:00"	"AbundantBank"	{}	{"job_argumentation": 1, "job_experimentation": 1, "job_modeling": 0, "job_name": "kelp-bull-kelp-forest", "money": 150, "region": "KelpStation", "scene_type": "station-interior", "science_level": 1, "science_points": 5, "site": "RS-Kelp", "task_list": [{"is_complete": true, "task_id": "siteA"}, {"is_complete": true, "task_id": "foodweb"}, {"is_complete": false, "task_id": "reportBack"}], "time_since_launch": 494.81}	146
"26073113054722981"	"AQUALAB"	"2026-07-31T20:14:01.853000+00:00"	"script_line_displayed"	{"node_id": "job.kelp-bull-kelp-forest.argue.introQuestion", "server_time": "2026-07-31T15:14:02+00:00", "speaker": "", "text_string": "Wonderful, Mija! And you're back so soon!"}	"GAME"	"120"	"production"	"6"	"UTC-07:00"	"AbundantBank"	{}	{"job_argumentation": 1, "job_experimentation": 1, "job_modeling": 0, "job_name": "kelp-bull-kelp-forest", "money": 150, "region": "KelpStation", "scene_type": "station-interior", "science_level": 1, "science_points": 5, "site": "RS-Kelp", "task_list": [{"is_complete": true, "task_id": "siteA"}, {"is_complete": true, "task_id": "foodweb"}, {"is_complete": false, "task_id": "reportBack"}], "time_since_launch": 494.85}	147
"26073113054722981"	"AQUALAB"	"2026-07-31T20:14:03.281000+00:00"	"script_line_displayed"	{"node_id": "job.kelp-bull-kelp-forest.argue.introQuestion", "server_time": "2026-07-31T15:14:04+00:00", "speaker": "", "text_string": "What behaviors did you learn about Bull Kelp in Site A?"}	"GAME"	"120"	"production"	"6"	"UTC-07:00"	"AbundantBank"	{}	{"job_argumentation": 1, "job_experimentation": 1, "job_modeling": 0, "job_name": "kelp-bull-kelp-forest", "money": 150, "region": "KelpStation", "scene_type": "station-interior", "science_level": 1, "science_points": 5, "site": "RS-Kelp", "task_list": [{"is_complete": true, "task_id": "siteA"}, {"is_complete": true, "task_id": "foodweb"}, {"is_complete": false, "task_id": "reportBack"}], "time_since_launch": 496.27}	148
"26073113054722981"	"AQUALAB"	"2026-07-31T20:14:06.814000+00:00"	"open_bestiary"	{"server_time": "2026-07-31T15:14:07+00:00"}	"GAME"	"120"	"production"	"6"	"UTC-07:00"	"AbundantBank"	{}	{"job_argumentation": 1, "job_experimentation": 1, "job_modeling": 0, "job_name": "kelp-bull-kelp-forest", "money": 150, "region": "KelpStation", "scene_type": "station-interior", "science_level": 1, "science_points": 5, "site": "RS-Kelp", "task_list": [{"is_complete": true, "task_id": "siteA"}, {"is_complete": true, "task_id": "foodweb"}, {"is_complete": false, "task_id": "reportBack"}], "time_since_launch": 499.81}	149
"26073113054722981"	"AQUALAB"	"2026-07-31T20:14:06.814000+00:00"	"bestiary_open_species_tab"	{"server_time": "2026-07-31T15:14:07+00:00"}	"GAME"	"120"	"production"	"6"	"UTC-07:00"	"AbundantBank"	{}	{"job_argumentation": 1, "job_experimentation": 1, "job_modeling": 0, "job_name": "kelp-bull-kelp-forest", "money": 150, "region": "KelpStation", "scene_type": "station-interior", "science_level": 1, "science_points": 5, "site": "RS-Kelp", "task_list": [{"is_complete": true, "task_id": "siteA"}, {"is_complete": true, "task_id": "foodweb"}, {"is_complete": false, "task_id": "reportBack"}], "time_since_launch": 499.81}	150
"26073113054722981"	"AQUALAB"	"2026-07-31T20:14:12.218000+00:00"	"close_bestiary"	{"server_time": "2026-07-31T15:14:13+00:00"}	"GAME"	"120"	"production"	"6"	"UTC-07:00"	"AbundantBank"	{}	{"job_argumentation": 1, "job_experimentation": 1, "job_modeling": 0, "job_name": "kelp-bull-kelp-forest", "money": 150, "region": "KelpStation", "scene_type": "station-interior", "science_level": 1, "science_points": 5, "site": "RS-Kelp", "task_list": [{"is_complete": true, "task_id": "siteA"}, {"is_complete": true, "task_id": "foodweb"}, {"is_complete": false, "task_id": "reportBack"}], "time_since_launch": 505.21}	151
"26073113054722981"	"AQUALAB"	"2026-07-31T20:14:12.257000+00:00"	"fact_submitted"	{"fact_id": "Urchin.Eats.BullKelp", "server_time": "2026-07-31T15:14:13+00:00"}	"GAME"	"120"	"production"	"6"	"UTC-07:00"	"AbundantBank"	{}	{"job_argumentation": 1, "job_experimentation": 1, "job_modeling": 0, "job_name": "kelp-bull-kelp-forest", "money": 150, "region": "KelpStation", "scene_type": "station-interior", "science_level": 1, "science_points": 5, "site": "RS-Kelp", "task_list": [{"is_complete": true, "task_id": "siteA"}, {"is_complete": true, "task_id": "foodweb"}, {"is_complete": false, "task_id": "reportBack"}], "time_since_launch": 505.25}	152
"26073113054722981"	"AQUALAB"	"2026-07-31T20:14:12.984000+00:00"	"complete_argument"	{"server_time": "2026-07-31T15:14:13+00:00"}	"GAME"	"120"	"production"	"6"	"UTC-07:00"	"AbundantBank"	{}	{"job_argumentation": 1, "job_experimentation": 1, "job_modeling": 0, "job_name": "kelp-bull-kelp-forest", "money": 150, "region": "KelpStation", "scene_type": "station-interior", "science_level": 1, "science_points": 5, "site": "RS-Kelp", "task_list": [{"is_complete": true, "task_id": "siteA"}, {"is_complete": true, "task_id": "foodweb"}, {"is_complete": false, "task_id": "reportBack"}], "time_since_launch": 505.98}	153
"26073113054722981"	"AQUALAB"	"2026-07-31T20:14:12.985000+00:00"	"script_line_displayed"	{"node_id": "job.kelp-bull-kelp-forest.argue.done", "server_time": "2026-07-31T15:14:13+00:00", "speaker": "", "text_string": "Yes, that looks right!"}	"GAME"	"120"	"production"	"6"	"UTC-07:00"	"AbundantBank"	{}	{"job_argumentation": 1, "job_experimentation": 1, "job_modeling": 0, "job_name": "kelp-bull-kelp-forest", "money": 150, "region": "KelpStation", "scene_type": "station-interior", "science_level": 1, "science_points": 5, "site": "RS-Kelp", "task_list": [{"is_complete": true, "task_id": "siteA"}, {"is_complete": true, "task_id": "foodweb"}, {"is_complete": false, "task_id": "reportBack"}], "time_since_launch": 505.98}	154
"26073113054722981"	"AQUALAB"	"2026-07-31T20:14:14.148000+00:00"	"script_line_displayed"	{"node_id": "job.kelp-bull-kelp-forest.argue.done", "server_time": "2026-07-31T15:14:15+00:00", "speaker": "", "text_string": "Just like here at the Forested Lagoon, Sea Otters eat the Urchins."}	"GAME"	"120"	"production"	"6"	"UTC-07:00"	"AbundantBank"	{}	{"job_argumentation": 1, "job_experimentation": 1, "job_modeling": 0, "job_name": "kelp-bull-kelp-forest", "money": 150, "region": "KelpStation", "scene_type": "station-interior", "science_level": 1, "science_points": 5, "site": "RS-Kelp", "task_list": [{"is_complete": true, "task_id": "siteA"}, {"is_complete": true, "task_id": "foodweb"}, {"is_complete": false, "task_id": "reportBack"}], "time_since_launch": 507.14}	155
"26073113054722981"	"AQUALAB"	"2026-07-31T20:14:16.249000+00:00"	"script_line_displayed"	{"node_id": "job.kelp-bull-kelp-forest.argue.done", "server_time": "2026-07-31T15:14:17+00:00", "speaker": "", "text_string": "And Urchins eat the Kelp!"}	"GAME"	"120"	"production"	"6"	"UTC-07:00"	"AbundantBank"	{}	{"job_argumentation": 1, "job_experimentation": 1, "job_modeling": 0, "job_name": "kelp-bull-kelp-forest", "money": 150, "region": "KelpStation", "scene_type": "station-interior", "science_level": 1, "science_points": 5, "site": "RS-Kelp", "task_list": [{"is_complete": true, "task_id": "siteA"}, {"is_complete": true, "task_id": "foodweb"}, {"is_complete": false, "task_id": "reportBack"}], "time_since_launch": 509.24}	156
"26073113054722981"	"AQUALAB"	"2026-07-31T20:14:17.282000+00:00"	"script_began"	{"node_id": "job.kelp-bull-kelp-forest.end", "server_time": "2026-07-31T15:14:18+00:00"}	"GAME"	"120"	"production"	"6"	"UTC-07:00"	"AbundantBank"	{}	{"job_argumentation": 1, "job_experimentation": 1, "job_modeling": 0, "job_name": "kelp-bull-kelp-forest", "money": 150, "region": "KelpStation", "scene_type": "station-interior", "science_level": 1, "science_points": 5, "site": "RS-Kelp", "task_list": [{"is_complete": true, "task_id": "siteA"}, {"is_complete": true, "task_id": "foodweb"}, {"is_complete": false, "task_id": "reportBack"}], "time_since_launch": 510.27}	157
"26073113054722981"	"AQUALAB"	"2026-07-31T20:14:17.286000+00:00"	"complete_job"	{"job_name": "kelp-bull-kelp-forest", "server_time": "2026-07-31T15:14:18+00:00"}	"GAME"	"120"	"production"	"6"	"UTC-07:00"	"AbundantBank"	{}	{"job_argumentation": 1, "job_experimentation": 1, "job_modeling": 0, "job_name": "kelp-bull-kelp-forest", "money": 150, "region": "KelpStation", "scene_type": "station-interior", "science_level": 1, "science_points": 5, "site": "RS-Kelp", "task_list": [{"is_complete": true, "task_id": "siteA"}, {"is_complete": true, "task_id": "foodweb"}, {"is_complete": false, "task_id": "reportBack"}], "time_since_launch": 510.28}	158
"26073113054722981"	"AQUALAB"	"2026-07-31T20:14:17.287000+00:00"	"switch_job"	{"prev_job_name": "kelp-bull-kelp-forest", "server_time": "2026-07-31T15:14:18+00:00"}	"GAME"	"120"	"production"	"6"	"UTC-07:00"	"AbundantBank"	{}	{"job_argumentation": -1, "job_experimentation": 1, "job_modeling": -1, "job_name": "no-active-job", "money": 150, "region": "KelpStation", "scene_type": "station-interior", "science_level": 1, "science_points": 5, "site": "RS-Kelp", "task_list": [], "time_since_launch": 510.28}	159
"26073113054722981"	"AQUALAB"	"2026-07-31T20:14:17.344000+00:00"	"script_line_displayed"	{"node_id": "job.kelp-bull-kelp-forest.end", "server_time": "2026-07-31T15:14:18+00:00", "speaker": "", "text_string": "You've proven that both Bull Kelp and Giant Kelp provide energy to their ecosystems."}	"GAME"	"120"	"production"	"6"	"UTC-07:00"	"AbundantBank"	{}	{"job_argumentation": -1, "job_experimentation": 1, "job_modeling": -1, "job_name": "no-active-job", "money": 150, "region": "KelpStation", "scene_type": "station-interior", "science_level": 1, "science_points": 5, "site": "RS-Kelp", "task_list": [], "time_since_launch": 510.34}	160
"26073113054722981"	"AQUALAB"	"2026-07-31T20:14:17.401000+00:00"	"leave_argument"	{"server_time": "2026-07-31T15:14:18+00:00"}	"GAME"	"120"	"production"	"6"	"UTC-07:00"	"AbundantBank"	{}	{"job_argumentation": -1, "job_experimentation": 1, "job_modeling": -1, "job_name": "no-active-job", "money": 150, "region": "KelpStation", "scene_type": "station-interior", "science_level": 1, "science_points": 5, "site": "RS-Kelp", "task_list": [], "time_since_launch": 510.39}	161
"26073113054722981"	"AQUALAB"	"2026-07-31T20:14:18.316000+00:00"	"script_line_displayed"	{"node_id": "job.kelp-bull-kelp-forest.end", "server_time": "2026-07-31T15:14:19+00:00", "speaker": "", "text_string": "Nice job out there, Mija."}	"GAME"	"120"	"production"	"6"	"UTC-07:00"	"AbundantBank"	{}	{"job_argumentation": -1, "job_experimentation": 1, "job_modeling": -1, "job_name": "no-active-job", "money": 150, "region": "KelpStation", "scene_type": "station-interior", "science_level": 1, "science_points": 5, "site": "RS-Kelp", "task_list": [], "time_since_launch": 511.31}	162
"26073113054722981"	"AQUALAB"	"2026-07-31T20:14:19.448000+00:00"	"script_line_displayed"	{"node_id": "job.kelp-bull-kelp-forest.end", "server_time": "2026-07-31T15:14:20+00:00", "speaker": "", "text_string": "Does that mean I can take a job at another station?"}	"GAME"	"120"	"production"	"6"	"UTC-07:00"	"AbundantBank"	{}	{"job_argumentation": -1, "job_experimentation": 1, "job_modeling": -1, "job_name": "no-active-job", "money": 150, "region": "KelpStation", "scene_type": "station-interior", "science_level": 1, "science_points": 5, "site": "RS-Kelp", "task_list": [], "time_since_launch": 512.44}	163
"26073113054722981"	"AQUALAB"	"2026-07-31T20:14:21.114000+00:00"	"script_line_displayed"	{"node_id": "job.kelp-bull-kelp-forest.end", "server_time": "2026-07-31T15:14:21+00:00", "speaker": "", "text_string": "Well... if that's what you really want."}	"GAME"	"120"	"production"	"6"	"UTC-07:00"	"AbundantBank"	{}	{"job_argumentation": -1, "job_experimentation": 1, "job_modeling": -1, "job_name": "no-active-job", "money": 150, "region": "KelpStation", "scene_type": "station-interior", "science_level": 1, "science_points": 5, "site": "RS-Kelp", "task_list": [], "time_since_launch": 514.11}	164
"26073113054722981"	"AQUALAB"	"2026-07-31T20:14:22.249000+00:00"	"script_line_displayed"	{"node_id": "job.kelp-bull-kelp-forest.end", "server_time": "2026-07-31T15:14:23+00:00", "speaker": "", "text_string": "But are you sure you don't want to stay here? You're still so new at this."}	"GAME"	"120"	"production"	"6"	"UTC-07:00"	"AbundantBank"	{}	{"job_argumentation": -1, "job_experimentation": 1, "job_modeling": -1, "job_name": "no-active-job", "money": 150, "region": "KelpStation", "scene_type": "station-interior", "science_level": 1, "science_points": 5, "site": "RS-Kelp", "task_list": [], "time_since_launch": 515.24}	165
"26073113054722981"	"AQUALAB"	"2026-07-31T20:14:23.247000+00:00"	"script_line_displayed"	{"node_id": "job.kelp-bull-kelp-forest.end", "server_time": "2026-07-31T15:14:24+00:00", "speaker": "", "text_string": "No te preocupes, Mom. I'll be careful."}	"GAME"	"120"	"production"	"6"	"UTC-07:00"	"AbundantBank"	{}	{"job_argumentation": -1, "job_experimentation": 1, "job_modeling": -1, "job_name": "no-active-job", "money": 150, "region": "KelpStation", "scene_type": "station-interior", "science_level": 1, "science_points": 5, "site": "RS-Kelp", "task_list": [], "time_since_launch": 516.24}	166
"26073113054722981"	"AQUALAB"	"2026-07-31T20:14:24.678000+00:00"	"script_line_displayed"	{"node_id": "job.kelp-bull-kelp-forest.end", "server_time": "2026-07-31T15:14:25+00:00", "speaker": "", "text_string": "Okay, then."}	"GAME"	"120"	"production"	"6"	"UTC-07:00"	"AbundantBank"	{}	{"job_argumentation": -1, "job_experimentation": 1, "job_modeling": -1, "job_name": "no-active-job", "money": 150, "region": "KelpStation", "scene_type": "station-interior", "science_level": 1, "science_points": 5, "site": "RS-Kelp", "task_list": [], "time_since_launch": 517.67}	167
"26073113054722981"	"AQUALAB"	"2026-07-31T20:14:25.550000+00:00"	"script_line_displayed"	{"node_id": "job.kelp-bull-kelp-forest.end", "server_time": "2026-07-31T15:14:26+00:00", "speaker": "", "text_string": "I'll have V1ct0r update the map aboard your AquaLab."}	"GAME"	"120"	"production"	"6"	"UTC-07:00"	"AbundantBank"	{}	{"job_argumentation": -1, "job_experimentation": 1, "job_modeling": -1, "job_name": "no-active-job", "money": 150, "region": "KelpStation", "scene_type": "station-interior", "science_level": 1, "science_points": 5, "site": "RS-Kelp", "task_list": [], "time_since_launch": 518.54}	168
"26073113054722981"	"AQUALAB"	"2026-07-31T20:14:26.746000+00:00"	"script_line_displayed"	{"node_id": "job.kelp-bull-kelp-forest.end", "server_time": "2026-07-31T15:14:27+00:00", "speaker": "", "text_string": "In the meantime, stop by your uncle's shop. You'll need some upgrades."}	"GAME"	"120"	"production"	"6"	"UTC-07:00"	"AbundantBank"	{}	{"job_argumentation": -1, "job_experimentation": 1, "job_modeling": -1, "job_name": "no-active-job", "money": 150, "region": "KelpStation", "scene_type": "station-interior", "science_level": 1, "science_points": 5, "site": "RS-Kelp", "task_list": [], "time_since_launch": 519.74}	169
"26073113054722981"	"AQUALAB"	"2026-07-31T20:14:28.056000+00:00"	"accept_job"	{"server_time": "2026-07-31T15:14:28+00:00"}	"GAME"	"120"	"production"	"6"	"UTC-07:00"	"AbundantBank"	{}	{"job_argumentation": -1, "job_experimentation": 1, "job_modeling": -1, "job_name": "no-active-job", "money": 150, "region": "KelpStation", "scene_type": "station-interior", "science_level": 1, "science_points": 5, "site": "RS-Kelp", "task_list": [], "time_since_launch": 521.05}	170
"26073113054722981"	"AQUALAB"	"2026-07-31T20:14:28.056000+00:00"	"switch_job"	{"prev_job_name": "no-active-job", "server_time": "2026-07-31T15:14:28+00:00"}	"GAME"	"120"	"production"	"6"	"UTC-07:00"	"AbundantBank"	{}	{"job_argumentation": 0, "job_experimentation": 0, "job_modeling": 0, "job_name": "kelp-shop-welcome", "money": 150, "region": "KelpStation", "scene_type": "station-interior", "science_level": 1, "science_points": 5, "site": "RS-Kelp", "task_list": [{"is_complete": false, "task_id": "getTagger"}, {"is_complete": false, "task_id": "getVisualModel"}, {"is_complete": false, "task_id": "returnShip"}], "time_since_launch": 521.05}	171
"26073113054722981"	"AQUALAB"	"2026-07-31T20:14:50.489000+00:00"	"script_began"	{"node_id": "job.kelp-shop-welcome.helpGetTagger", "server_time": "2026-07-31T15:14:51+00:00"}	"GAME"	"120"	"production"	"6"	"UTC-07:00"	"AbundantBank"	{}	{"job_argumentation": 0, "job_experimentation": 0, "job_modeling": 0, "job_name": "kelp-shop-welcome", "money": 250, "region": "KelpStation", "scene_type": "station-interior", "science_level": 1, "science_points": 10, "site": "RS-Kelp", "task_list": [{"is_complete": false, "task_id": "getTagger"}, {"is_complete": false, "task_id": "getVisualModel"}, {"is_complete": false, "task_id": "returnShip"}], "time_since_launch": 543.48}	172
"26073113054722981"	"AQUALAB"	"2026-07-31T20:14:50.491000+00:00"	"ask_for_help"	{"node_id": "job.kelp-shop-welcome.helpGetTagger", "server_time": "2026-07-31T15:14:51+00:00"}	"GAME"	"120"	"production"	"6"	"UTC-07:00"	"AbundantBank"	{}	{"job_argumentation": 0, "job_experimentation": 0, "job_modeling": 0, "job_name": "kelp-shop-welcome", "money": 250, "region": "KelpStation", "scene_type": "station-interior", "science_level": 1, "science_points": 10, "site": "RS-Kelp", "task_list": [{"is_complete": false, "task_id": "getTagger"}, {"is_complete": false, "task_id": "getVisualModel"}, {"is_complete": false, "task_id": "returnShip"}], "time_since_launch": 543.48}	173
"26073113054722981"	"AQUALAB"	"2026-07-31T20:14:50.495000+00:00"	"script_line_displayed"	{"node_id": "job.kelp-shop-welcome.helpGetTagger", "server_time": "2026-07-31T15:14:51+00:00", "speaker": "", "text_string": "So... where do we head now?"}	"GAME"	"120"	"production"	"6"	"UTC-07:00"	"AbundantBank"	{}	{"job_argumentation": 0, "job_experimentation": 0, "job_modeling": 0, "job_name": "kelp-shop-welcome", "money": 250, "region": "KelpStation", "scene_type": "station-interior", "science_level": 1, "science_points": 10, "site": "RS-Kelp", "task_list": [{"is_complete": false, "task_id": "getTagger"}, {"is_complete": false, "task_id": "getVisualModel"}, {"is_complete": false, "task_id": "returnShip"}], "time_since_launch": 543.49}	174
"26073113054722981"	"AQUALAB"	"2026-07-31T20:14:51.956000+00:00"	"script_line_displayed"	{"node_id": "job.kelp-shop-welcome.helpGetTagger", "server_time": "2026-07-31T15:14:52+00:00", "speaker": "", "text_string": "Talk to your uncle. He'll have some items for you!"}	"GAME"	"120"	"production"	"6"	"UTC-07:00"	"AbundantBank"	{}	{"job_argumentation": 0, "job_experimentation": 0, "job_modeling": 0, "job_name": "kelp-shop-welcome", "money": 250, "region": "KelpStation", "scene_type": "station-interior", "science_level": 1, "science_points": 10, "site": "RS-Kelp", "task_list": [{"is_complete": false, "task_id": "getTagger"}, {"is_complete": false, "task_id": "getVisualModel"}, {"is_complete": false, "task_id": "returnShip"}], "time_since_launch": 544.95}	175
"26073113054722981"	"AQUALAB"	"2026-07-31T20:14:56.089000+00:00"	"room_changed"	{"room_name": "Station", "server_time": "2026-07-31T15:14:57+00:00"}	"GAME"	"120"	"production"	"6"	"UTC-07:00"	"AbundantBank"	{}	{"job_argumentation": 0, "job_experimentation": 0, "job_modeling": 0, "job_name": "kelp-shop-welcome", "money": 250, "region": "KelpStation", "scene_type": "station-interior", "science_level": 1, "science_points": 10, "site": "RS-Kelp", "task_list": [{"is_complete": false, "task_id": "getTagger"}, {"is_complete": false, "task_id": "getVisualModel"}, {"is_complete": false, "task_id": "returnShip"}], "time_since_launch": 544.95}	176
"26073113054722981"	"AQUALAB"	"2026-07-31T20:14:57.127000+00:00"	"room_changed"	{"room_name": "Shop", "server_time": "2026-07-31T15:14:58+00:00"}	"GAME"	"120"	"production"	"6"	"UTC-07:00"	"AbundantBank"	{}	{"job_argumentation": 0, "job_experimentation": 0, "job_modeling": 0, "job_name": "kelp-shop-welcome", "money": 250, "region": "KelpStation", "scene_type": "station-interior", "science_level": 1, "science_points": 10, "site": "RS-Kelp", "task_list": [{"is_complete": false, "task_id": "getTagger"}, {"is_complete": false, "task_id": "getVisualModel"}, {"is_complete": false, "task_id": "returnShip"}], "time_since_launch": 549.08}	177
"26073113054722981"	"AQUALAB"	"2026-07-31T20:14:58.625000+00:00"	"script_began"	{"node_id": "interior.shop.kelp.shopOpen.first", "server_time": "2026-07-31T15:14:59+00:00"}	"GAME"	"120"	"production"	"6"	"UTC-07:00"	"AbundantBank"	{}	{"job_argumentation": 0, "job_experimentation": 0, "job_modeling": 0, "job_name": "kelp-shop-welcome", "money": 250, "region": "KelpStation", "scene_type": "station-interior", "science_level": 1, "science_points": 10, "site": "RS-Kelp", "task_list": [{"is_complete": false, "task_id": "getTagger"}, {"is_complete": false, "task_id": "getVisualModel"}, {"is_complete": false, "task_id": "returnShip"}], "time_since_launch": 551.62}	178
"26073113054722981"	"AQUALAB"	"2026-07-31T20:14:58.629000+00:00"	"script_line_displayed"	{"node_id": "interior.shop.kelp.shopOpen.first", "server_time": "2026-07-31T15:14:59+00:00", "speaker": "", "text_string": "\u00a1Hola, mijita!"}	"GAME"	"120"	"production"	"6"	"UTC-07:00"	"AbundantBank"	{}	{"job_argumentation": 0, "job_experimentation": 0, "job_modeling": 0, "job_name": "kelp-shop-welcome", "money": 250, "region": "KelpStation", "scene_type": "station-interior", "science_level": 1, "science_points": 10, "site": "RS-Kelp", "task_list": [{"is_complete": false, "task_id": "getTagger"}, {"is_complete": false, "task_id": "getVisualModel"}, {"is_complete": false, "task_id": "returnShip"}], "time_since_launch": 551.62}	179
"26073113054722981"	"AQUALAB"	"2026-07-31T20:15:00.125000+00:00"	"script_line_displayed"	{"node_id": "interior.shop.kelp.shopOpen.first", "server_time": "2026-07-31T15:15:01+00:00", "speaker": "", "text_string": "What do you think of V1ct0r? Pretty sweet A.I., right?"}	"GAME"	"120"	"production"	"6"	"UTC-07:00"	"AbundantBank"	{}	{"job_argumentation": 0, "job_experimentation": 0, "job_modeling": 0, "job_name": "kelp-shop-welcome", "money": 250, "region": "KelpStation", "scene_type": "station-interior", "science_level": 1, "science_points": 10, "site": "RS-Kelp", "task_list": [{"is_complete": false, "task_id": "getTagger"}, {"is_complete": false, "task_id": "getVisualModel"}, {"is_complete": false, "task_id": "returnShip"}], "time_since_launch": 553.12}	180
"26073113054722981"	"AQUALAB"	"2026-07-31T20:15:01.722000+00:00"	"script_line_displayed"	{"node_id": "interior.shop.kelp.shopOpen.first", "server_time": "2026-07-31T15:15:02+00:00", "speaker": "", "text_string": "His love of data was Mer's idea."}	"GAME"	"120"	"production"	"6"	"UTC-07:00"	"AbundantBank"	{}	{"job_argumentation": 0, "job_experimentation": 0, "job_modeling": 0, "job_name": "kelp-shop-welcome", "money": 250, "region": "KelpStation", "scene_type": "station-interior", "science_level": 1, "science_points": 10, "site": "RS-Kelp", "task_list": [{"is_complete": false, "task_id": "getTagger"}, {"is_complete": false, "task_id": "getVisualModel"}, {"is_complete": false, "task_id": "returnShip"}], "time_since_launch": 554.71}	181
"26073113054722981"	"AQUALAB"	"2026-07-31T20:15:02.922000+00:00"	"script_line_displayed"	{"node_id": "interior.shop.kelp.shopOpen.first", "server_time": "2026-07-31T15:15:03+00:00", "speaker": "", "text_string": "Wait... you and Mer created V1ct0r?"}	"GAME"	"120"	"production"	"6"	"UTC-07:00"	"AbundantBank"	{}	{"job_argumentation": 0, "job_experimentation": 0, "job_modeling": 0, "job_name": "kelp-shop-welcome", "money": 250, "region": "KelpStation", "scene_type": "station-interior", "science_level": 1, "science_points": 10, "site": "RS-Kelp", "task_list": [{"is_complete": false, "task_id": "getTagger"}, {"is_complete": false, "task_id": "getVisualModel"}, {"is_complete": false, "task_id": "returnShip"}], "time_since_launch": 555.91}	182
"26073113054722981"	"AQUALAB"	"2026-07-31T20:15:04.462000+00:00"	"script_line_displayed"	{"node_id": "interior.shop.kelp.shopOpen.first", "server_time": "2026-07-31T15:15:05+00:00", "speaker": "", "text_string": "\u00a1Claro que s\u00ed! Didn't I tell you?"}	"GAME"	"120"	"production"	"6"	"UTC-07:00"	"AbundantBank"	{}	{"job_argumentation": 0, "job_experimentation": 0, "job_modeling": 0, "job_name": "kelp-shop-welcome", "money": 250, "region": "KelpStation", "scene_type": "station-interior", "science_level": 1, "science_points": 10, "site": "RS-Kelp", "task_list": [{"is_complete": false, "task_id": "getTagger"}, {"is_complete": false, "task_id": "getVisualModel"}, {"is_complete": false, "task_id": "returnShip"}], "time_since_launch": 557.45}	183
"26073113054722981"	"AQUALAB"	"2026-07-31T20:15:12.534000+00:00"	"script_began"	{"node_id": "interior.shop.kelp.ContinueAfterTioVictorJournal", "server_time": "2026-07-31T15:15:13+00:00"}	"GAME"	"120"	"production"	"6"	"UTC-07:00"	"AbundantBank"	{}	{"job_argumentation": 0, "job_experimentation": 0, "job_modeling": 0, "job_name": "kelp-shop-welcome", "money": 250, "region": "KelpStation", "scene_type": "station-interior", "science_level": 1, "science_points": 10, "site": "RS-Kelp", "task_list": [{"is_complete": false, "task_id": "getTagger"}, {"is_complete": false, "task_id": "getVisualModel"}, {"is_complete": false, "task_id": "returnShip"}], "time_since_launch": 565.53}	184
"26073113054722981"	"AQUALAB"	"2026-07-31T20:15:12.564000+00:00"	"script_line_displayed"	{"node_id": "interior.shop.kelp.ContinueAfterTioVictorJournal", "server_time": "2026-07-31T15:15:13+00:00", "speaker": "", "text_string": "Now that you and V1ct0r will be traveling outside the Kelp Forest, you'll need some upgrades."}	"GAME"	"120"	"production"	"6"	"UTC-07:00"	"AbundantBank"	{}	{"job_argumentation": 0, "job_experimentation": 0, "job_modeling": 0, "job_name": "kelp-shop-welcome", "money": 250, "region": "KelpStation", "scene_type": "station-interior", "science_level": 1, "science_points": 10, "site": "RS-Kelp", "task_list": [{"is_complete": false, "task_id": "getTagger"}, {"is_complete": false, "task_id": "getVisualModel"}, {"is_complete": false, "task_id": "returnShip"}], "time_since_launch": 565.56}	185
"26073113054722981"	"AQUALAB"	"2026-07-31T20:15:14.964000+00:00"	"script_line_displayed"	{"node_id": "interior.shop.kelp.ContinueAfterTioVictorJournal", "server_time": "2026-07-31T15:15:15+00:00", "speaker": "", "text_string": "You still only have Level 1 clearance, so you'll need to stick to the basics for now."}	"GAME"	"120"	"production"	"6"	"UTC-07:00"	"AbundantBank"	{}	{"job_argumentation": 0, "job_experimentation": 0, "job_modeling": 0, "job_name": "kelp-shop-welcome", "money": 250, "region": "KelpStation", "scene_type": "station-interior", "science_level": 1, "science_points": 10, "site": "RS-Kelp", "task_list": [{"is_complete": false, "task_id": "getTagger"}, {"is_complete": false, "task_id": "getVisualModel"}, {"is_complete": false, "task_id": "returnShip"}], "time_since_launch": 567.96}	186
"26073113054722981"	"AQUALAB"	"2026-07-31T20:15:16.661000+00:00"	"script_line_displayed"	{"node_id": "interior.shop.kelp.ContinueAfterTioVictorJournal", "server_time": "2026-07-31T15:15:17+00:00", "speaker": "", "text_string": "Want to take a look?"}	"GAME"	"120"	"production"	"6"	"UTC-07:00"	"AbundantBank"	{}	{"job_argumentation": 0, "job_experimentation": 0, "job_modeling": 0, "job_name": "kelp-shop-welcome", "money": 250, "region": "KelpStation", "scene_type": "station-interior", "science_level": 1, "science_points": 10, "site": "RS-Kelp", "task_list": [{"is_complete": false, "task_id": "getTagger"}, {"is_complete": false, "task_id": "getVisualModel"}, {"is_complete": false, "task_id": "returnShip"}], "time_since_launch": 569.65}	187
"26073113054722981"	"AQUALAB"	"2026-07-31T20:15:20.782000+00:00"	"script_began"	{"node_id": "interior.shop.kelp.open.b", "server_time": "2026-07-31T15:15:21+00:00"}	"GAME"	"120"	"production"	"6"	"UTC-07:00"	"AbundantBank"	{}	{"job_argumentation": 0, "job_experimentation": 0, "job_modeling": 0, "job_name": "kelp-shop-welcome", "money": 250, "region": "KelpStation", "scene_type": "station-interior", "science_level": 1, "science_points": 10, "site": "RS-Kelp", "task_list": [{"is_complete": false, "task_id": "getTagger"}, {"is_complete": false, "task_id": "getVisualModel"}, {"is_complete": false, "task_id": "returnShip"}], "time_since_launch": 573.77}	188
"26073113054722981"	"AQUALAB"	"2026-07-31T20:15:20.886000+00:00"	"script_line_displayed"	{"node_id": "interior.shop.kelp.open.b", "server_time": "2026-07-31T15:15:21+00:00", "speaker": "", "text_string": "Does anything catch your eye?"}	"GAME"	"120"	"production"	"6"	"UTC-07:00"	"AbundantBank"	{}	{"job_argumentation": 0, "job_experimentation": 0, "job_modeling": 0, "job_name": "kelp-shop-welcome", "money": 250, "region": "KelpStation", "scene_type": "station-interior", "science_level": 1, "science_points": 10, "site": "RS-Kelp", "task_list": [{"is_complete": false, "task_id": "getTagger"}, {"is_complete": false, "task_id": "getVisualModel"}, {"is_complete": false, "task_id": "returnShip"}], "time_since_launch": 573.88}	189
"26073113054722981"	"AQUALAB"	"2026-07-31T20:15:29.280000+00:00"	"script_began"	{"node_id": "interior.shop.kelp.openScience.b", "server_time": "2026-07-31T15:15:30+00:00"}	"GAME"	"120"	"production"	"6"	"UTC-07:00"	"AbundantBank"	{}	{"job_argumentation": 0, "job_experimentation": 0, "job_modeling": 0, "job_name": "kelp-shop-welcome", "money": 250, "region": "KelpStation", "scene_type": "station-interior", "science_level": 1, "science_points": 10, "site": "RS-Kelp", "task_list": [{"is_complete": false, "task_id": "getTagger"}, {"is_complete": false, "task_id": "getVisualModel"}, {"is_complete": false, "task_id": "returnShip"}], "time_since_launch": 582.27}	190
"26073113054722981"	"AQUALAB"	"2026-07-31T20:15:29.336000+00:00"	"script_line_displayed"	{"node_id": "interior.shop.kelp.openScience.b", "server_time": "2026-07-31T15:15:30+00:00", "speaker": "", "text_string": "Need any new experimentation tools?"}	"GAME"	"120"	"production"	"6"	"UTC-07:00"	"AbundantBank"	{}	{"job_argumentation": 0, "job_experimentation": 0, "job_modeling": 0, "job_name": "kelp-shop-welcome", "money": 250, "region": "KelpStation", "scene_type": "station-interior", "science_level": 1, "science_points": 10, "site": "RS-Kelp", "task_list": [{"is_complete": false, "task_id": "getTagger"}, {"is_complete": false, "task_id": "getVisualModel"}, {"is_complete": false, "task_id": "returnShip"}], "time_since_launch": 582.33}	191
"26073113054722981"	"AQUALAB"	"2026-07-31T20:15:32.047000+00:00"	"script_began"	{"node_id": "interior.shop.kelp.openExplore.b", "server_time": "2026-07-31T15:15:32+00:00"}	"GAME"	"120"	"production"	"6"	"UTC-07:00"	"AbundantBank"	{}	{"job_argumentation": 0, "job_experimentation": 0, "job_modeling": 0, "job_name": "kelp-shop-welcome", "money": 250, "region": "KelpStation", "scene_type": "station-interior", "science_level": 1, "science_points": 10, "site": "RS-Kelp", "task_list": [{"is_complete": false, "task_id": "getTagger"}, {"is_complete": false, "task_id": "getVisualModel"}, {"is_complete": false, "task_id": "returnShip"}], "time_since_launch": 585.04}	192
"26073113054722981"	"AQUALAB"	"2026-07-31T20:15:32.105000+00:00"	"script_line_displayed"	{"node_id": "interior.shop.kelp.openExplore.b", "server_time": "2026-07-31T15:15:32+00:00", "speaker": "", "text_string": "Any upgrades you want for your sub?"}	"GAME"	"120"	"production"	"6"	"UTC-07:00"	"AbundantBank"	{}	{"job_argumentation": 0, "job_experimentation": 0, "job_modeling": 0, "job_name": "kelp-shop-welcome", "money": 250, "region": "KelpStation", "scene_type": "station-interior", "science_level": 1, "science_points": 10, "site": "RS-Kelp", "task_list": [{"is_complete": false, "task_id": "getTagger"}, {"is_complete": false, "task_id": "getVisualModel"}, {"is_complete": false, "task_id": "returnShip"}], "time_since_launch": 585.1}	193
"26073113054722981"	"AQUALAB"	"2026-07-31T20:15:41.270000+00:00"	"script_began"	{"node_id": "interior.shop.kelp.item.ProbeHacker", "server_time": "2026-07-31T15:15:42+00:00"}	"GAME"	"120"	"production"	"6"	"UTC-07:00"	"AbundantBank"	{}	{"job_argumentation": 0, "job_experimentation": 0, "job_modeling": 0, "job_name": "kelp-shop-welcome", "money": 250, "region": "KelpStation", "scene_type": "station-interior", "science_level": 1, "science_points": 10, "site": "RS-Kelp", "task_list": [{"is_complete": false, "task_id": "getTagger"}, {"is_complete": false, "task_id": "getVisualModel"}, {"is_complete": false, "task_id": "returnShip"}], "time_since_launch": 594.26}	194
"26073113054722981"	"AQUALAB"	"2026-07-31T20:15:41.272000+00:00"	"insufficient_funds"	{"cost": 100, "item_id": "@D34A2A23", "item_name": "ProbeHacker", "server_time": "2026-07-31T15:15:42+00:00"}	"GAME"	"120"	"production"	"6"	"UTC-07:00"	"AbundantBank"	{}	{"job_argumentation": 0, "job_experimentation": 0, "job_modeling": 0, "job_name": "kelp-shop-welcome", "money": 250, "region": "KelpStation", "scene_type": "station-interior", "science_level": 1, "science_points": 10, "site": "RS-Kelp", "task_list": [{"is_complete": false, "task_id": "getTagger"}, {"is_complete": false, "task_id": "getVisualModel"}, {"is_complete": false, "task_id": "returnShip"}], "time_since_launch": 594.26}	195
"26073113054722981"	"AQUALAB"	"2026-07-31T20:15:41.331000+00:00"	"script_line_displayed"	{"node_id": "interior.shop.kelp.item.ProbeHacker", "server_time": "2026-07-31T15:15:42+00:00", "speaker": "", "text_string": "The Probe Decryptor! Your sister helped me develop this one, too."}	"GAME"	"120"	"production"	"6"	"UTC-07:00"	"AbundantBank"	{}	{"job_argumentation": 0, "job_experimentation": 0, "job_modeling": 0, "job_name": "kelp-shop-welcome", "money": 250, "region": "KelpStation", "scene_type": "station-interior", "science_level": 1, "science_points": 10, "site": "RS-Kelp", "task_list": [{"is_complete": false, "task_id": "getTagger"}, {"is_complete": false, "task_id": "getVisualModel"}, {"is_complete": false, "task_id": "returnShip"}], "time_since_launch": 594.32}	196
"26073113054722981"	"AQUALAB"	"2026-07-31T20:15:43.299000+00:00"	"script_line_displayed"	{"node_id": "interior.shop.kelp.item.ProbeHacker", "server_time": "2026-07-31T15:15:44+00:00", "speaker": "", "text_string": "Wow... for real??"}	"GAME"	"120"	"production"	"6"	"UTC-07:00"	"AbundantBank"	{}	{"job_argumentation": 0, "job_experimentation": 0, "job_modeling": 0, "job_name": "kelp-shop-welcome", "money": 250, "region": "KelpStation", "scene_type": "station-interior", "science_level": 1, "science_points": 10, "site": "RS-Kelp", "task_list": [{"is_complete": false, "task_id": "getTagger"}, {"is_complete": false, "task_id": "getVisualModel"}, {"is_complete": false, "task_id": "returnShip"}], "time_since_launch": 596.29}	197
"26073113054722981"	"AQUALAB"	"2026-07-31T20:15:44.731000+00:00"	"script_line_displayed"	{"node_id": "interior.shop.kelp.item.ProbeHacker", "server_time": "2026-07-31T15:15:45+00:00", "speaker": "", "text_string": "Claro que s\u00ed. You know how she was. A total tech geek."}	"GAME"	"120"	"production"	"6"	"UTC-07:00"	"AbundantBank"	{}	{"job_argumentation": 0, "job_experimentation": 0, "job_modeling": 0, "job_name": "kelp-shop-welcome", "money": 250, "region": "KelpStation", "scene_type": "station-interior", "science_level": 1, "science_points": 10, "site": "RS-Kelp", "task_list": [{"is_complete": false, "task_id": "getTagger"}, {"is_complete": false, "task_id": "getVisualModel"}, {"is_complete": false, "task_id": "returnShip"}], "time_since_launch": 597.72}	198
"26073113054722981"	"AQUALAB"	"2026-07-31T20:15:46.831000+00:00"	"script_line_displayed"	{"node_id": "interior.shop.kelp.item.ProbeHacker", "server_time": "2026-07-31T15:15:47+00:00", "speaker": "", "text_string": "The Probe Decryptor will allow you to obtain data from any probes you find."}	"GAME"	"120"	"production"	"6"	"UTC-07:00"	"AbundantBank"	{}	{"job_argumentation": 0, "job_experimentation": 0, "job_modeling": 0, "job_name": "kelp-shop-welcome", "money": 250, "region": "KelpStation", "scene_type": "station-interior", "science_level": 1, "science_points": 10, "site": "RS-Kelp", "task_list": [{"is_complete": false, "task_id": "getTagger"}, {"is_complete": false, "task_id": "getVisualModel"}, {"is_complete": false, "task_id": "returnShip"}], "time_since_launch": 599.82}	199
"26073113054722981"	"AQUALAB"	"2026-07-31T20:15:48.933000+00:00"	"script_line_displayed"	{"node_id": "interior.shop.kelp.item.ProbeHacker", "server_time": "2026-07-31T15:15:49+00:00", "speaker": "", "text_string": "Even Challenger Deep... if it wasn't lost at the bottom of the ocean."}	"GAME"	"120"	"production"	"6"	"UTC-07:00"	"AbundantBank"	{}	{"job_argumentation": 0, "job_experimentation": 0, "job_modeling": 0, "job_name": "kelp-shop-welcome", "money": 250, "region": "KelpStation", "scene_type": "station-interior", "science_level": 1, "science_points": 10, "site": "RS-Kelp", "task_list": [{"is_complete": false, "task_id": "getTagger"}, {"is_complete": false, "task_id": "getVisualModel"}, {"is_complete": false, "task_id": "returnShip"}], "time_since_launch": 601.93}	200
"26073113054722981"	"AQUALAB"	"2026-07-31T20:15:49.767000+00:00"	"script_line_displayed"	{"node_id": "interior.shop.kelp.lowExp", "server_time": "2026-07-31T15:15:50+00:00", "speaker": "", "text_string": "Oh, hang on... I can't let you have this just yet. You'll need Clearance Level 2 first."}	"GAME"	"120"	"production"	"6"	"UTC-07:00"	"AbundantBank"	{}	{"job_argumentation": 0, "job_experimentation": 0, "job_modeling": 0, "job_name": "kelp-shop-welcome", "money": 250, "region": "KelpStation", "scene_type": "station-interior", "science_level": 1, "science_points": 10, "site": "RS-Kelp", "task_list": [{"is_complete": false, "task_id": "getTagger"}, {"is_complete": false, "task_id": "getVisualModel"}, {"is_complete": false, "task_id": "returnShip"}], "time_since_launch": 602.76}	201
"26073113054722981"	"AQUALAB"	"2026-07-31T20:15:50.465000+00:00"	"script_began"	{"node_id": "interior.shop.kelp.openExplore.a", "server_time": "2026-07-31T15:15:51+00:00"}	"GAME"	"120"	"production"	"6"	"UTC-07:00"	"AbundantBank"	{}	{"job_argumentation": 0, "job_experimentation": 0, "job_modeling": 0, "job_name": "kelp-shop-welcome", "money": 250, "region": "KelpStation", "scene_type": "station-interior", "science_level": 1, "science_points": 10, "site": "RS-Kelp", "task_list": [{"is_complete": false, "task_id": "getTagger"}, {"is_complete": false, "task_id": "getVisualModel"}, {"is_complete": false, "task_id": "returnShip"}], "time_since_launch": 603.46}	202
"26073113054722981"	"AQUALAB"	"2026-07-31T20:15:50.532000+00:00"	"script_line_displayed"	{"node_id": "interior.shop.kelp.openExplore.a", "server_time": "2026-07-31T15:15:51+00:00", "speaker": "", "text_string": "Interested in any sub upgrades?"}	"GAME"	"120"	"production"	"6"	"UTC-07:00"	"AbundantBank"	{}	{"job_argumentation": 0, "job_experimentation": 0, "job_modeling": 0, "job_name": "kelp-shop-welcome", "money": 250, "region": "KelpStation", "scene_type": "station-interior", "science_level": 1, "science_points": 10, "site": "RS-Kelp", "task_list": [{"is_complete": false, "task_id": "getTagger"}, {"is_complete": false, "task_id": "getVisualModel"}, {"is_complete": false, "task_id": "returnShip"}], "time_since_launch": 603.52}	203
"26073113054722981"	"AQUALAB"	"2026-07-31T20:15:52.901000+00:00"	"script_began"	{"node_id": "interior.shop.kelp.item.ProbeHacker", "server_time": "2026-07-31T15:15:53+00:00"}	"GAME"	"120"	"production"	"6"	"UTC-07:00"	"AbundantBank"	{}	{"job_argumentation": 0, "job_experimentation": 0, "job_modeling": 0, "job_name": "kelp-shop-welcome", "money": 250, "region": "KelpStation", "scene_type": "station-interior", "science_level": 1, "science_points": 10, "site": "RS-Kelp", "task_list": [{"is_complete": false, "task_id": "getTagger"}, {"is_complete": false, "task_id": "getVisualModel"}, {"is_complete": false, "task_id": "returnShip"}], "time_since_launch": 605.89}	204
"26073113054722981"	"AQUALAB"	"2026-07-31T20:15:52.903000+00:00"	"insufficient_funds"	{"cost": 100, "item_id": "@D34A2A23", "item_name": "ProbeHacker", "server_time": "2026-07-31T15:15:53+00:00"}	"GAME"	"120"	"production"	"6"	"UTC-07:00"	"AbundantBank"	{}	{"job_argumentation": 0, "job_experimentation": 0, "job_modeling": 0, "job_name": "kelp-shop-welcome", "money": 250, "region": "KelpStation", "scene_type": "station-interior", "science_level": 1, "science_points": 10, "site": "RS-Kelp", "task_list": [{"is_complete": false, "task_id": "getTagger"}, {"is_complete": false, "task_id": "getVisualModel"}, {"is_complete": false, "task_id": "returnShip"}], "time_since_launch": 605.9}	205
"26073113054722981"	"AQUALAB"	"2026-07-31T20:15:52.960000+00:00"	"script_line_displayed"	{"node_id": "interior.shop.kelp.item.ProbeHacker", "server_time": "2026-07-31T15:15:53+00:00", "speaker": "", "text_string": "The Probe Decryptor! Your sister helped me develop this one, too."}	"GAME"	"120"	"production"	"6"	"UTC-07:00"	"AbundantBank"	{}	{"job_argumentation": 0, "job_experimentation": 0, "job_modeling": 0, "job_name": "kelp-shop-welcome", "money": 250, "region": "KelpStation", "scene_type": "station-interior", "science_level": 1, "science_points": 10, "site": "RS-Kelp", "task_list": [{"is_complete": false, "task_id": "getTagger"}, {"is_complete": false, "task_id": "getVisualModel"}, {"is_complete": false, "task_id": "returnShip"}], "time_since_launch": 605.95}	206
"26073113054722981"	"AQUALAB"	"2026-07-31T20:15:55.331000+00:00"	"script_line_displayed"	{"node_id": "interior.shop.kelp.item.ProbeHacker", "server_time": "2026-07-31T15:15:56+00:00", "speaker": "", "text_string": "Wow... for real??"}	"GAME"	"120"	"production"	"6"	"UTC-07:00"	"AbundantBank"	{}	{"job_argumentation": 0, "job_experimentation": 0, "job_modeling": 0, "job_name": "kelp-shop-welcome", "money": 250, "region": "KelpStation", "scene_type": "station-interior", "science_level": 1, "science_points": 10, "site": "RS-Kelp", "task_list": [{"is_complete": false, "task_id": "getTagger"}, {"is_complete": false, "task_id": "getVisualModel"}, {"is_complete": false, "task_id": "returnShip"}], "time_since_launch": 608.32}	207
"26073113054722981"	"AQUALAB"	"2026-07-31T20:15:56.565000+00:00"	"script_line_displayed"	{"node_id": "interior.shop.kelp.item.ProbeHacker", "server_time": "2026-07-31T15:15:57+00:00", "speaker": "", "text_string": "Claro que s\u00ed. You know how she was. A total tech geek."}	"GAME"	"120"	"production"	"6"	"UTC-07:00"	"AbundantBank"	{}	{"job_argumentation": 0, "job_experimentation": 0, "job_modeling": 0, "job_name": "kelp-shop-welcome", "money": 250, "region": "KelpStation", "scene_type": "station-interior", "science_level": 1, "science_points": 10, "site": "RS-Kelp", "task_list": [{"is_complete": false, "task_id": "getTagger"}, {"is_complete": false, "task_id": "getVisualModel"}, {"is_complete": false, "task_id": "returnShip"}], "time_since_launch": 609.56}	208
"26073113054722981"	"AQUALAB"	"2026-07-31T20:15:58.432000+00:00"	"script_line_displayed"	{"node_id": "interior.shop.kelp.item.ProbeHacker", "server_time": "2026-07-31T15:15:59+00:00", "speaker": "", "text_string": "The Probe Decryptor will allow you to obtain data from any probes you find."}	"GAME"	"120"	"production"	"6"	"UTC-07:00"	"AbundantBank"	{}	{"job_argumentation": 0, "job_experimentation": 0, "job_modeling": 0, "job_name": "kelp-shop-welcome", "money": 250, "region": "KelpStation", "scene_type": "station-interior", "science_level": 1, "science_points": 10, "site": "RS-Kelp", "task_list": [{"is_complete": false, "task_id": "getTagger"}, {"is_complete": false, "task_id": "getVisualModel"}, {"is_complete": false, "task_id": "returnShip"}], "time_since_launch": 611.42}	209
"26073113054722981"	"AQUALAB"	"2026-07-31T20:16:00.532000+00:00"	"script_line_displayed"	{"node_id": "interior.shop.kelp.item.ProbeHacker", "server_time": "2026-07-31T15:16:01+00:00", "speaker": "", "text_string": "Even Challenger Deep... if it wasn't lost at the bottom of the ocean."}	"GAME"	"120"	"production"	"6"	"UTC-07:00"	"AbundantBank"	{}	{"job_argumentation": 0, "job_experimentation": 0, "job_modeling": 0, "job_name": "kelp-shop-welcome", "money": 250, "region": "KelpStation", "scene_type": "station-interior", "science_level": 1, "science_points": 10, "site": "RS-Kelp", "task_list": [{"is_complete": false, "task_id": "getTagger"}, {"is_complete": false, "task_id": "getVisualModel"}, {"is_complete": false, "task_id": "returnShip"}], "time_since_launch": 613.52}	210
"26073113054722981"	"AQUALAB"	"2026-07-31T20:16:02.764000+00:00"	"script_line_displayed"	{"node_id": "interior.shop.kelp.lowExp", "server_time": "2026-07-31T15:16:03+00:00", "speaker": "", "text_string": "Oh, sorry, mijita... I can't let you have this just yet. You'll need Clearance Level 2 first."}	"GAME"	"120"	"production"	"6"	"UTC-07:00"	"AbundantBank"	{}	{"job_argumentation": 0, "job_experimentation": 0, "job_modeling": 0, "job_name": "kelp-shop-welcome", "money": 250, "region": "KelpStation", "scene_type": "station-interior", "science_level": 1, "science_points": 10, "site": "RS-Kelp", "task_list": [{"is_complete": false, "task_id": "getTagger"}, {"is_complete": false, "task_id": "getVisualModel"}, {"is_complete": false, "task_id": "returnShip"}], "time_since_launch": 615.76}	211
"26073113054722981"	"AQUALAB"	"2026-07-31T20:16:05.800000+00:00"	"script_began"	{"node_id": "interior.shop.kelp.openExplore.b", "server_time": "2026-07-31T15:16:06+00:00"}	"GAME"	"120"	"production"	"6"	"UTC-07:00"	"AbundantBank"	{}	{"job_argumentation": 0, "job_experimentation": 0, "job_modeling": 0, "job_name": "kelp-shop-welcome", "money": 250, "region": "KelpStation", "scene_type": "station-interior", "science_level": 1, "science_points": 10, "site": "RS-Kelp", "task_list": [{"is_complete": false, "task_id": "getTagger"}, {"is_complete": false, "task_id": "getVisualModel"}, {"is_complete": false, "task_id": "returnShip"}], "time_since_launch": 618.79}	212
"26073113054722981"	"AQUALAB"	"2026-07-31T20:16:05.866000+00:00"	"script_line_displayed"	{"node_id": "interior.shop.kelp.openExplore.b", "server_time": "2026-07-31T15:16:06+00:00", "speaker": "", "text_string": "Any upgrades you want for your sub?"}	"GAME"	"120"	"production"	"6"	"UTC-07:00"	"AbundantBank"	{}	{"job_argumentation": 0, "job_experimentation": 0, "job_modeling": 0, "job_name": "kelp-shop-welcome", "money": 250, "region": "KelpStation", "scene_type": "station-interior", "science_level": 1, "science_points": 10, "site": "RS-Kelp", "task_list": [{"is_complete": false, "task_id": "getTagger"}, {"is_complete": false, "task_id": "getVisualModel"}, {"is_complete": false, "task_id": "returnShip"}], "time_since_launch": 618.86}	213
"26073113054722981"	"AQUALAB"	"2026-07-31T20:16:11.535000+00:00"	"script_began"	{"node_id": "interior.shop.kelp.item.ROVTagger", "server_time": "2026-07-31T15:16:12+00:00"}	"GAME"	"120"	"production"	"6"	"UTC-07:00"	"AbundantBank"	{}	{"job_argumentation": 0, "job_experimentation": 0, "job_modeling": 0, "job_name": "kelp-shop-welcome", "money": 250, "region": "KelpStation", "scene_type": "station-interior", "science_level": 1, "science_points": 10, "site": "RS-Kelp", "task_list": [{"is_complete": false, "task_id": "getTagger"}, {"is_complete": false, "task_id": "getVisualModel"}, {"is_complete": false, "task_id": "returnShip"}], "time_since_launch": 624.53}	214
"26073113054722981"	"AQUALAB"	"2026-07-31T20:16:11.576000+00:00"	"script_line_displayed"	{"node_id": "interior.shop.kelp.item.ROVTagger", "server_time": "2026-07-31T15:16:12+00:00", "speaker": "", "text_string": "Population Count Mode! Simple, but really useful."}	"GAME"	"120"	"production"	"6"	"UTC-07:00"	"AbundantBank"	{}	{"job_argumentation": 0, "job_experimentation": 0, "job_modeling": 0, "job_name": "kelp-shop-welcome", "money": 250, "region": "KelpStation", "scene_type": "station-interior", "science_level": 1, "science_points": 10, "site": "RS-Kelp", "task_list": [{"is_complete": false, "task_id": "getTagger"}, {"is_complete": false, "task_id": "getVisualModel"}, {"is_complete": false, "task_id": "returnShip"}], "time_since_launch": 624.57}	215
"26073113054722981"	"AQUALAB"	"2026-07-31T20:16:14.130000+00:00"	"script_line_displayed"	{"node_id": "interior.shop.kelp.item.ROVTagger", "server_time": "2026-07-31T15:16:15+00:00", "speaker": "", "text_string": "You can switch on Population Count Mode when you're out in your sub."}	"GAME"	"120"	"production"	"6"	"UTC-07:00"	"AbundantBank"	{}	{"job_argumentation": 0, "job_experimentation": 0, "job_modeling": 0, "job_name": "kelp-shop-welcome", "money": 250, "region": "KelpStation", "scene_type": "station-interior", "science_level": 1, "science_points": 10, "site": "RS-Kelp", "task_list": [{"is_complete": false, "task_id": "getTagger"}, {"is_complete": false, "task_id": "getVisualModel"}, {"is_complete": false, "task_id": "returnShip"}], "time_since_launch": 627.12}	216
"26073113054722981"	"AQUALAB"	"2026-07-31T20:16:16.363000+00:00"	"script_line_displayed"	{"node_id": "interior.shop.kelp.item.ROVTagger", "server_time": "2026-07-31T15:16:17+00:00", "speaker": "", "text_string": "When you move close to a species you've already scanned, Population Count Mode will count them."}	"GAME"	"120"	"production"	"6"	"UTC-07:00"	"AbundantBank"	{}	{"job_argumentation": 0, "job_experimentation": 0, "job_modeling": 0, "job_name": "kelp-shop-welcome", "money": 250, "region": "KelpStation", "scene_type": "station-interior", "science_level": 1, "science_points": 10, "site": "RS-Kelp", "task_list": [{"is_complete": false, "task_id": "getTagger"}, {"is_complete": false, "task_id": "getVisualModel"}, {"is_complete": false, "task_id": "returnShip"}], "time_since_launch": 629.36}	217
"26073113054722981"	"AQUALAB"	"2026-07-31T20:16:18.934000+00:00"	"script_line_displayed"	{"node_id": "interior.shop.kelp.item.ROVTagger", "server_time": "2026-07-31T15:16:19+00:00", "speaker": "", "text_string": "Count enough organisms, and it'll give you a population estimate!"}	"GAME"	"120"	"production"	"6"	"UTC-07:00"	"AbundantBank"	{}	{"job_argumentation": 0, "job_experimentation": 0, "job_modeling": 0, "job_name": "kelp-shop-welcome", "money": 250, "region": "KelpStation", "scene_type": "station-interior", "science_level": 1, "science_points": 10, "site": "RS-Kelp", "task_list": [{"is_complete": false, "task_id": "getTagger"}, {"is_complete": false, "task_id": "getVisualModel"}, {"is_complete": false, "task_id": "returnShip"}], "time_since_launch": 631.93}	218
"26073113054722981"	"AQUALAB"	"2026-07-31T20:16:21.100000+00:00"	"script_line_displayed"	{"node_id": "interior.shop.kelp.item.ROVTagger", "server_time": "2026-07-31T15:16:22+00:00", "speaker": "", "text_string": "MUCH faster than counting each critter by hand."}	"GAME"	"120"	"production"	"6"	"UTC-07:00"	"AbundantBank"	{}	{"job_argumentation": 0, "job_experimentation": 0, "job_modeling": 0, "job_name": "kelp-shop-welcome", "money": 250, "region": "KelpStation", "scene_type": "station-interior", "science_level": 1, "science_points": 10, "site": "RS-Kelp", "task_list": [{"is_complete": false, "task_id": "getTagger"}, {"is_complete": false, "task_id": "getVisualModel"}, {"is_complete": false, "task_id": "returnShip"}], "time_since_launch": 634.09}	219
"26073113054722981"	"AQUALAB"	"2026-07-31T20:16:22.834000+00:00"	"script_line_displayed"	{"node_id": "interior.shop.kelp.item.ROVTagger", "server_time": "2026-07-31T15:16:23+00:00", "speaker": "", "text_string": "Wow. I could definitely use this!"}	"GAME"	"120"	"production"	"6"	"UTC-07:00"	"AbundantBank"	{}	{"job_argumentation": 0, "job_experimentation": 0, "job_modeling": 0, "job_name": "kelp-shop-welcome", "money": 250, "region": "KelpStation", "scene_type": "station-interior", "science_level": 1, "science_points": 10, "site": "RS-Kelp", "task_list": [{"is_complete": false, "task_id": "getTagger"}, {"is_complete": false, "task_id": "getVisualModel"}, {"is_complete": false, "task_id": "returnShip"}], "time_since_launch": 635.83}	220
"26073113054722981"	"AQUALAB"	"2026-07-31T20:16:24.464000+00:00"	"script_line_displayed"	{"node_id": "interior.shop.kelp.unlockHintSomewhere", "server_time": "2026-07-31T15:16:25+00:00", "speaker": "", "text_string": "This would unlock some jobs over at the Coral Reef Research Station!"}	"GAME"	"120"	"production"	"6"	"UTC-07:00"	"AbundantBank"	{}	{"job_argumentation": 0, "job_experimentation": 0, "job_modeling": 0, "job_name": "kelp-shop-welcome", "money": 250, "region": "KelpStation", "scene_type": "station-interior", "science_level": 1, "science_points": 10, "site": "RS-Kelp", "task_list": [{"is_complete": false, "task_id": "getTagger"}, {"is_complete": false, "task_id": "getVisualModel"}, {"is_complete": false, "task_id": "returnShip"}], "time_since_launch": 637.46}	221
"26073113054722981"	"AQUALAB"	"2026-07-31T20:16:31.064000+00:00"	"script_line_displayed"	{"node_id": "interior.shop.kelp.purchased", "server_time": "2026-07-31T15:16:31+00:00", "speaker": "", "text_string": "Alright, it's yours!"}	"GAME"	"120"	"production"	"6"	"UTC-07:00"	"AbundantBank"	{}	{"job_argumentation": 0, "job_experimentation": 0, "job_modeling": 0, "job_name": "kelp-shop-welcome", "money": 250, "region": "KelpStation", "scene_type": "station-interior", "science_level": 1, "science_points": 10, "site": "RS-Kelp", "task_list": [{"is_complete": false, "task_id": "getTagger"}, {"is_complete": false, "task_id": "getVisualModel"}, {"is_complete": false, "task_id": "returnShip"}], "time_since_launch": 644.06}	223
"26073113054722981"	"AQUALAB"	"2026-07-31T20:16:32.449000+00:00"	"complete_task"	{"server_time": "2026-07-31T15:16:33+00:00", "task_id": "getTagger"}	"GAME"	"120"	"production"	"6"	"UTC-07:00"	"AbundantBank"	{}	{"job_argumentation": 0, "job_experimentation": 0, "job_modeling": 0, "job_name": "kelp-shop-welcome", "money": 250, "region": "KelpStation", "scene_type": "station-interior", "science_level": 1, "science_points": 10, "site": "RS-Kelp", "task_list": [{"is_complete": false, "task_id": "getTagger"}, {"is_complete": false, "task_id": "getVisualModel"}, {"is_complete": false, "task_id": "returnShip"}], "time_since_launch": 645.44}	224
"26073113054722981"	"AQUALAB"	"2026-07-31T20:16:32.452000+00:00"	"purchase_upgrade"	{"cost": 10, "item_id": "@B7BD00DE", "item_name": "ROVTagger", "server_time": "2026-07-31T15:16:33+00:00"}	"GAME"	"120"	"production"	"6"	"UTC-07:00"	"AbundantBank"	{}	{"job_argumentation": 0, "job_experimentation": 0, "job_modeling": 0, "job_name": "kelp-shop-welcome", "money": 240, "region": "KelpStation", "scene_type": "station-interior", "science_level": 1, "science_points": 10, "site": "RS-Kelp", "task_list": [{"is_complete": true, "task_id": "getTagger"}, {"is_complete": false, "task_id": "getVisualModel"}, {"is_complete": false, "task_id": "returnShip"}], "time_since_launch": 645.44}	225
"26073113054722981"	"AQUALAB"	"2026-07-31T20:16:34.269000+00:00"	"script_began"	{"node_id": "interior.shop.kelp.openExplore.b", "server_time": "2026-07-31T15:16:35+00:00"}	"GAME"	"120"	"production"	"6"	"UTC-07:00"	"AbundantBank"	{}	{"job_argumentation": 0, "job_experimentation": 0, "job_modeling": 0, "job_name": "kelp-shop-welcome", "money": 240, "region": "KelpStation", "scene_type": "station-interior", "science_level": 1, "science_points": 10, "site": "RS-Kelp", "task_list": [{"is_complete": true, "task_id": "getTagger"}, {"is_complete": false, "task_id": "getVisualModel"}, {"is_complete": false, "task_id": "returnShip"}], "time_since_launch": 647.26}	226
"26073113054722981"	"AQUALAB"	"2026-07-31T20:16:34.335000+00:00"	"script_line_displayed"	{"node_id": "interior.shop.kelp.openExplore.b", "server_time": "2026-07-31T15:16:35+00:00", "speaker": "", "text_string": "Any upgrades you want for your sub?"}	"GAME"	"120"	"production"	"6"	"UTC-07:00"	"AbundantBank"	{}	{"job_argumentation": 0, "job_experimentation": 0, "job_modeling": 0, "job_name": "kelp-shop-welcome", "money": 240, "region": "KelpStation", "scene_type": "station-interior", "science_level": 1, "science_points": 10, "site": "RS-Kelp", "task_list": [{"is_complete": true, "task_id": "getTagger"}, {"is_complete": false, "task_id": "getVisualModel"}, {"is_complete": false, "task_id": "returnShip"}], "time_since_launch": 647.33}	227
"26073113054722981"	"AQUALAB"	"2026-07-31T20:16:40.050000+00:00"	"script_began"	{"node_id": "interior.shop.kelp.openScience.b", "server_time": "2026-07-31T15:16:41+00:00"}	"GAME"	"120"	"production"	"6"	"UTC-07:00"	"AbundantBank"	{}	{"job_argumentation": 0, "job_experimentation": 0, "job_modeling": 0, "job_name": "kelp-shop-welcome", "money": 240, "region": "KelpStation", "scene_type": "station-interior", "science_level": 1, "science_points": 10, "site": "RS-Kelp", "task_list": [{"is_complete": true, "task_id": "getTagger"}, {"is_complete": false, "task_id": "getVisualModel"}, {"is_complete": false, "task_id": "returnShip"}], "time_since_launch": 653.04}	228
"26073113054722981"	"AQUALAB"	"2026-07-31T20:16:40.106000+00:00"	"script_line_displayed"	{"node_id": "interior.shop.kelp.openScience.b", "server_time": "2026-07-31T15:16:41+00:00", "speaker": "", "text_string": "Need any new experimentation tools?"}	"GAME"	"120"	"production"	"6"	"UTC-07:00"	"AbundantBank"	{}	{"job_argumentation": 0, "job_experimentation": 0, "job_modeling": 0, "job_name": "kelp-shop-welcome", "money": 240, "region": "KelpStation", "scene_type": "station-interior", "science_level": 1, "science_points": 10, "site": "RS-Kelp", "task_list": [{"is_complete": true, "task_id": "getTagger"}, {"is_complete": false, "task_id": "getVisualModel"}, {"is_complete": false, "task_id": "returnShip"}], "time_since_launch": 653.1}	229
"26073113054722981"	"AQUALAB"	"2026-07-31T20:16:42.069000+00:00"	"script_began"	{"node_id": "interior.shop.kelp.item.VisualModel", "server_time": "2026-07-31T15:16:42+00:00"}	"GAME"	"120"	"production"	"6"	"UTC-07:00"	"AbundantBank"	{}	{"job_argumentation": 0, "job_experimentation": 0, "job_modeling": 0, "job_name": "kelp-shop-welcome", "money": 240, "region": "KelpStation", "scene_type": "station-interior", "science_level": 1, "science_points": 10, "site": "RS-Kelp", "task_list": [{"is_complete": true, "task_id": "getTagger"}, {"is_complete": false, "task_id": "getVisualModel"}, {"is_complete": false, "task_id": "returnShip"}], "time_since_launch": 655.06}	230
"26073113054722981"	"AQUALAB"	"2026-07-31T20:16:42.104000+00:00"	"script_line_displayed"	{"node_id": "interior.shop.kelp.item.VisualModel", "server_time": "2026-07-31T15:16:42+00:00", "speaker": "", "text_string": "The Visual Modeling! Every scientist needs one of these."}	"GAME"	"120"	"production"	"6"	"UTC-07:00"	"AbundantBank"	{}	{"job_argumentation": 0, "job_experimentation": 0, "job_modeling": 0, "job_name": "kelp-shop-welcome", "money": 240, "region": "KelpStation", "scene_type": "station-interior", "science_level": 1, "science_points": 10, "site": "RS-Kelp", "task_list": [{"is_complete": true, "task_id": "getTagger"}, {"is_complete": false, "task_id": "getVisualModel"}, {"is_complete": false, "task_id": "returnShip"}], "time_since_launch": 655.1}	231
"26073113054722981"	"AQUALAB"	"2026-07-31T20:16:44.032000+00:00"	"script_line_displayed"	{"node_id": "interior.shop.kelp.item.VisualModel", "server_time": "2026-07-31T15:16:44+00:00", "speaker": "", "text_string": "Perfect for your Modeling Lab!"}	"GAME"	"120"	"production"	"6"	"UTC-07:00"	"AbundantBank"	{}	{"job_argumentation": 0, "job_experimentation": 0, "job_modeling": 0, "job_name": "kelp-shop-welcome", "money": 240, "region": "KelpStation", "scene_type": "station-interior", "science_level": 1, "science_points": 10, "site": "RS-Kelp", "task_list": [{"is_complete": true, "task_id": "getTagger"}, {"is_complete": false, "task_id": "getVisualModel"}, {"is_complete": false, "task_id": "returnShip"}], "time_since_launch": 657.02}	232
"26073113054722981"	"AQUALAB"	"2026-07-31T20:16:45.333000+00:00"	"script_line_displayed"	{"node_id": "interior.shop.kelp.item.VisualModel", "server_time": "2026-07-31T15:16:46+00:00", "speaker": "", "text_string": "Use it to create visual models and understand the interactions between species."}	"GAME"	"120"	"production"	"6"	"UTC-07:00"	"AbundantBank"	{}	{"job_argumentation": 0, "job_experimentation": 0, "job_modeling": 0, "job_name": "kelp-shop-welcome", "money": 240, "region": "KelpStation", "scene_type": "station-interior", "science_level": 1, "science_points": 10, "site": "RS-Kelp", "task_list": [{"is_complete": true, "task_id": "getTagger"}, {"is_complete": false, "task_id": "getVisualModel"}, {"is_complete": false, "task_id": "returnShip"}], "time_since_launch": 658.33}	233
"26073113054722981"	"AQUALAB"	"2026-07-31T20:16:46.466000+00:00"	"script_line_displayed"	{"node_id": "interior.shop.kelp.item.VisualModel", "server_time": "2026-07-31T15:16:47+00:00", "speaker": "", "text_string": "Ooh, this definitely sounds useful."}	"GAME"	"120"	"production"	"6"	"UTC-07:00"	"AbundantBank"	{}	{"job_argumentation": 0, "job_experimentation": 0, "job_modeling": 0, "job_name": "kelp-shop-welcome", "money": 240, "region": "KelpStation", "scene_type": "station-interior", "science_level": 1, "science_points": 10, "site": "RS-Kelp", "task_list": [{"is_complete": true, "task_id": "getTagger"}, {"is_complete": false, "task_id": "getVisualModel"}, {"is_complete": false, "task_id": "returnShip"}], "time_since_launch": 659.46}	234
"26073113054722981"	"AQUALAB"	"2026-07-31T20:16:46.966000+00:00"	"script_line_displayed"	{"node_id": "interior.shop.kelp.unlockHintSomewhere", "server_time": "2026-07-31T15:16:47+00:00", "speaker": "", "text_string": "This would unlock some jobs over at the Coral Reef Research Station!"}	"GAME"	"120"	"production"	"6"	"UTC-07:00"	"AbundantBank"	{}	{"job_argumentation": 0, "job_experimentation": 0, "job_modeling": 0, "job_name": "kelp-shop-welcome", "money": 240, "region": "KelpStation", "scene_type": "station-interior", "science_level": 1, "science_points": 10, "site": "RS-Kelp", "task_list": [{"is_complete": true, "task_id": "getTagger"}, {"is_complete": false, "task_id": "getVisualModel"}, {"is_complete": false, "task_id": "returnShip"}], "time_since_launch": 659.96}	235
"26073113054722981"	"AQUALAB"	"2026-07-31T20:16:52.534000+00:00"	"script_line_displayed"	{"node_id": "interior.shop.kelp.purchased", "server_time": "2026-07-31T15:16:53+00:00", "speaker": "", "text_string": "Good choice!"}	"GAME"	"120"	"production"	"6"	"UTC-07:00"	"AbundantBank"	{}	{"job_argumentation": 0, "job_experimentation": 0, "job_modeling": 0, "job_name": "kelp-shop-welcome", "money": 240, "region": "KelpStation", "scene_type": "station-interior", "science_level": 1, "science_points": 10, "site": "RS-Kelp", "task_list": [{"is_complete": true, "task_id": "getTagger"}, {"is_complete": false, "task_id": "getVisualModel"}, {"is_complete": false, "task_id": "returnShip"}], "time_since_launch": 665.53}	237
"26073113054722981"	"AQUALAB"	"2026-07-31T20:16:53.476000+00:00"	"complete_task"	{"server_time": "2026-07-31T15:16:54+00:00", "task_id": "getVisualModel"}	"GAME"	"120"	"production"	"6"	"UTC-07:00"	"AbundantBank"	{}	{"job_argumentation": 0, "job_experimentation": 0, "job_modeling": 0, "job_name": "kelp-shop-welcome", "money": 240, "region": "KelpStation", "scene_type": "station-interior", "science_level": 1, "science_points": 10, "site": "RS-Kelp", "task_list": [{"is_complete": true, "task_id": "getTagger"}, {"is_complete": false, "task_id": "getVisualModel"}, {"is_complete": false, "task_id": "returnShip"}], "time_since_launch": 666.47}	238
"26073113054722981"	"AQUALAB"	"2026-07-31T20:16:53.482000+00:00"	"purchase_upgrade"	{"cost": 10, "item_id": "@47BA360E", "item_name": "VisualModel", "server_time": "2026-07-31T15:16:54+00:00"}	"GAME"	"120"	"production"	"6"	"UTC-07:00"	"AbundantBank"	{}	{"job_argumentation": 0, "job_experimentation": 0, "job_modeling": 0, "job_name": "kelp-shop-welcome", "money": 230, "region": "KelpStation", "scene_type": "station-interior", "science_level": 1, "science_points": 10, "site": "RS-Kelp", "task_list": [{"is_complete": true, "task_id": "getTagger"}, {"is_complete": true, "task_id": "getVisualModel"}, {"is_complete": false, "task_id": "returnShip"}], "time_since_launch": 666.47}	239
"26073113054722981"	"AQUALAB"	"2026-07-31T20:16:54.901000+00:00"	"script_began"	{"node_id": "interior.shop.kelp.openScience.b", "server_time": "2026-07-31T15:16:55+00:00"}	"GAME"	"120"	"production"	"6"	"UTC-07:00"	"AbundantBank"	{}	{"job_argumentation": 0, "job_experimentation": 0, "job_modeling": 0, "job_name": "kelp-shop-welcome", "money": 230, "region": "KelpStation", "scene_type": "station-interior", "science_level": 1, "science_points": 10, "site": "RS-Kelp", "task_list": [{"is_complete": true, "task_id": "getTagger"}, {"is_complete": true, "task_id": "getVisualModel"}, {"is_complete": false, "task_id": "returnShip"}], "time_since_launch": 667.89}	240
"26073113054722981"	"AQUALAB"	"2026-07-31T20:16:54.935000+00:00"	"script_began"	{"node_id": "job.kelp-shop-welcome.gotBothModels", "server_time": "2026-07-31T15:16:55+00:00"}	"GAME"	"120"	"production"	"6"	"UTC-07:00"	"AbundantBank"	{}	{"job_argumentation": 0, "job_experimentation": 0, "job_modeling": 0, "job_name": "kelp-shop-welcome", "money": 230, "region": "KelpStation", "scene_type": "station-interior", "science_level": 1, "science_points": 10, "site": "RS-Kelp", "task_list": [{"is_complete": true, "task_id": "getTagger"}, {"is_complete": true, "task_id": "getVisualModel"}, {"is_complete": false, "task_id": "returnShip"}], "time_since_launch": 667.93}	241
"26073113054722981"	"AQUALAB"	"2026-07-31T20:16:54.967000+00:00"	"script_line_displayed"	{"node_id": "job.kelp-shop-welcome.gotBothModels", "server_time": "2026-07-31T15:16:55+00:00", "speaker": "", "text_string": "Okay, got both of them!"}	"GAME"	"120"	"production"	"6"	"UTC-07:00"	"AbundantBank"	{}	{"job_argumentation": 0, "job_experimentation": 0, "job_modeling": 0, "job_name": "kelp-shop-welcome", "money": 230, "region": "KelpStation", "scene_type": "station-interior", "science_level": 1, "science_points": 10, "site": "RS-Kelp", "task_list": [{"is_complete": true, "task_id": "getTagger"}, {"is_complete": true, "task_id": "getVisualModel"}, {"is_complete": false, "task_id": "returnShip"}], "time_since_launch": 667.96}	242
"26073113054722981"	"AQUALAB"	"2026-07-31T20:16:56.367000+00:00"	"script_line_displayed"	{"node_id": "job.kelp-shop-welcome.gotBothModels", "server_time": "2026-07-31T15:16:57+00:00", "speaker": "", "text_string": "Nice! Let's head back to the Ship then."}	"GAME"	"120"	"production"	"6"	"UTC-07:00"	"AbundantBank"	{}	{"job_argumentation": 0, "job_experimentation": 0, "job_modeling": 0, "job_name": "kelp-shop-welcome", "money": 230, "region": "KelpStation", "scene_type": "station-interior", "science_level": 1, "science_points": 10, "site": "RS-Kelp", "task_list": [{"is_complete": true, "task_id": "getTagger"}, {"is_complete": true, "task_id": "getVisualModel"}, {"is_complete": false, "task_id": "returnShip"}], "time_since_launch": 669.36}	243
"26073113054722981"	"AQUALAB"	"2026-07-31T20:16:57.966000+00:00"	"script_began"	{"node_id": "job.kelp-shop-welcome.UnlockModeling", "server_time": "2026-07-31T15:16:58+00:00"}	"GAME"	"120"	"production"	"6"	"UTC-07:00"	"AbundantBank"	{}	{"job_argumentation": 0, "job_experimentation": 0, "job_modeling": 0, "job_name": "kelp-shop-welcome", "money": 230, "region": "KelpStation", "scene_type": "station-interior", "science_level": 1, "science_points": 10, "site": "RS-Kelp", "task_list": [{"is_complete": true, "task_id": "getTagger"}, {"is_complete": true, "task_id": "getVisualModel"}, {"is_complete": false, "task_id": "returnShip"}], "time_since_launch": 670.96}	244
"26073113054722981"	"AQUALAB"	"2026-07-31T20:17:02.933000+00:00"	"script_began"	{"node_id": "interior.shop.kelp.close.purchased", "server_time": "2026-07-31T15:17:03+00:00"}	"GAME"	"120"	"production"	"6"	"UTC-07:00"	"AbundantBank"	{}	{"job_argumentation": 0, "job_experimentation": 0, "job_modeling": 0, "job_name": "kelp-shop-welcome", "money": 230, "region": "KelpStation", "scene_type": "station-interior", "science_level": 1, "science_points": 10, "site": "RS-Kelp", "task_list": [{"is_complete": true, "task_id": "getTagger"}, {"is_complete": true, "task_id": "getVisualModel"}, {"is_complete": false, "task_id": "returnShip"}], "time_since_launch": 675.92}	245
"26073113054722981"	"AQUALAB"	"2026-07-31T20:17:02.937000+00:00"	"script_line_displayed"	{"node_id": "interior.shop.kelp.close.purchased", "server_time": "2026-07-31T15:17:03+00:00", "speaker": "", "text_string": "Come back anytime, mijita!"}	"GAME"	"120"	"production"	"6"	"UTC-07:00"	"AbundantBank"	{}	{"job_argumentation": 0, "job_experimentation": 0, "job_modeling": 0, "job_name": "kelp-shop-welcome", "money": 230, "region": "KelpStation", "scene_type": "station-interior", "science_level": 1, "science_points": 10, "site": "RS-Kelp", "task_list": [{"is_complete": true, "task_id": "getTagger"}, {"is_complete": true, "task_id": "getVisualModel"}, {"is_complete": false, "task_id": "returnShip"}], "time_since_launch": 675.93}	246
"26073113054722981"	"AQUALAB"	"2026-07-31T20:17:06.732000+00:00"	"room_changed"	{"room_name": "Station", "server_time": "2026-07-31T15:17:07+00:00"}	"GAME"	"120"	"production"	"6"	"UTC-07:00"	"AbundantBank"	{}	{"job_argumentation": 0, "job_experimentation": 0, "job_modeling": 0, "job_name": "kelp-shop-welcome", "money": 230, "region": "KelpStation", "scene_type": "station-interior", "science_level": 1, "science_points": 10, "site": "RS-Kelp", "task_list": [{"is_complete": true, "task_id": "getTagger"}, {"is_complete": true, "task_id": "getVisualModel"}, {"is_complete": false, "task_id": "returnShip"}], "time_since_launch": 675.93}	247
"26073113054722981"	"AQUALAB"	"2026-07-31T20:17:08.698000+00:00"	"script_began"	{"node_id": "job.kelp-shop-welcome.stopLeaveStation", "server_time": "2026-07-31T15:17:09+00:00"}	"GAME"	"120"	"production"	"6"	"UTC-07:00"	"AbundantBank"	{}	{"job_argumentation": 0, "job_experimentation": 0, "job_modeling": 0, "job_name": "kelp-shop-welcome", "money": 230, "region": "KelpStation", "scene_type": "station-interior", "science_level": 1, "science_points": 10, "site": "RS-Kelp", "task_list": [{"is_complete": true, "task_id": "getTagger"}, {"is_complete": true, "task_id": "getVisualModel"}, {"is_complete": false, "task_id": "returnShip"}], "time_since_launch": 681.69}	248
"26073113054722981"	"AQUALAB"	"2026-07-31T20:17:10.537000+00:00"	"scene_changed"	{"scene_name": "KelpStation", "server_time": "2026-07-31T15:17:11+00:00"}	"GAME"	"120"	"production"	"6"	"UTC-07:00"	"AbundantBank"	{}	{"job_argumentation": 0, "job_experimentation": 0, "job_modeling": 0, "job_name": "kelp-shop-welcome", "money": 230, "region": "KelpStation", "scene_type": "station-interior", "science_level": 1, "science_points": 10, "site": "RS-Kelp", "task_list": [{"is_complete": true, "task_id": "getTagger"}, {"is_complete": true, "task_id": "getVisualModel"}, {"is_complete": false, "task_id": "returnShip"}], "time_since_launch": 681.69}	249
"26073113054722981"	"AQUALAB"	"2026-07-31T20:17:14.142000+00:00"	"script_began"	{"node_id": "job.kelp-shop-welcome.helpReturnShip", "server_time": "2026-07-31T15:17:15+00:00"}	"GAME"	"120"	"production"	"6"	"UTC-07:00"	"AbundantBank"	{}	{"job_argumentation": 0, "job_experimentation": 0, "job_modeling": 0, "job_name": "kelp-shop-welcome", "money": 230, "region": "KelpStation", "scene_type": "surface", "science_level": 1, "science_points": 10, "site": "KelpStation", "task_list": [{"is_complete": true, "task_id": "getTagger"}, {"is_complete": true, "task_id": "getVisualModel"}, {"is_complete": false, "task_id": "returnShip"}], "time_since_launch": 687.13}	250
"26073113054722981"	"AQUALAB"	"2026-07-31T20:17:14.143000+00:00"	"ask_for_help"	{"node_id": "job.kelp-shop-welcome.helpReturnShip", "server_time": "2026-07-31T15:17:15+00:00"}	"GAME"	"120"	"production"	"6"	"UTC-07:00"	"AbundantBank"	{}	{"job_argumentation": 0, "job_experimentation": 0, "job_modeling": 0, "job_name": "kelp-shop-welcome", "money": 230, "region": "KelpStation", "scene_type": "surface", "science_level": 1, "science_points": 10, "site": "KelpStation", "task_list": [{"is_complete": true, "task_id": "getTagger"}, {"is_complete": true, "task_id": "getVisualModel"}, {"is_complete": false, "task_id": "returnShip"}], "time_since_launch": 687.14}	251
"26073113054722981"	"AQUALAB"	"2026-07-31T20:17:14.144000+00:00"	"script_line_displayed"	{"node_id": "job.kelp-shop-welcome.helpReturnShip", "server_time": "2026-07-31T15:17:15+00:00", "speaker": "", "text_string": "So... where do we head now?"}	"GAME"	"120"	"production"	"6"	"UTC-07:00"	"AbundantBank"	{}	{"job_argumentation": 0, "job_experimentation": 0, "job_modeling": 0, "job_name": "kelp-shop-welcome", "money": 230, "region": "KelpStation", "scene_type": "surface", "science_level": 1, "science_points": 10, "site": "KelpStation", "task_list": [{"is_complete": true, "task_id": "getTagger"}, {"is_complete": true, "task_id": "getVisualModel"}, {"is_complete": false, "task_id": "returnShip"}], "time_since_launch": 687.14}	252
"26073113054722981"	"AQUALAB"	"2026-07-31T20:17:15.308000+00:00"	"script_line_displayed"	{"node_id": "job.kelp-shop-welcome.helpReturnShip", "server_time": "2026-07-31T15:17:16+00:00", "speaker": "", "text_string": "We need to return to the Helm on the ship."}	"GAME"	"120"	"production"	"6"	"UTC-07:00"	"AbundantBank"	{}	{"job_argumentation": 0, "job_experimentation": 0, "job_modeling": 0, "job_name": "kelp-shop-welcome", "money": 230, "region": "KelpStation", "scene_type": "surface", "science_level": 1, "science_points": 10, "site": "KelpStation", "task_list": [{"is_complete": true, "task_id": "getTagger"}, {"is_complete": true, "task_id": "getVisualModel"}, {"is_complete": false, "task_id": "returnShip"}], "time_since_launch": 688.3}	253
"26073113054722981"	"AQUALAB"	"2026-07-31T20:17:22.976000+00:00"	"room_changed"	{"room_name": "Helm", "server_time": "2026-07-31T15:17:24+00:00"}	"GAME"	"120"	"production"	"6"	"UTC-07:00"	"AbundantBank"	{}	{"job_argumentation": 0, "job_experimentation": 0, "job_modeling": 0, "job_name": "kelp-shop-welcome", "money": 230, "region": "KelpStation", "scene_type": "surface", "science_level": 1, "science_points": 10, "site": "KelpStation", "task_list": [{"is_complete": true, "task_id": "getTagger"}, {"is_complete": true, "task_id": "getVisualModel"}, {"is_complete": false, "task_id": "returnShip"}], "time_since_launch": 688.3}	254
"26073113054722981"	"AQUALAB"	"2026-07-31T20:17:22.976000+00:00"	"scene_changed"	{"scene_name": "Helm", "server_time": "2026-07-31T15:17:24+00:00"}	"GAME"	"120"	"production"	"6"	"UTC-07:00"	"AbundantBank"	{}	{"job_argumentation": 0, "job_experimentation": 0, "job_modeling": 0, "job_name": "kelp-shop-welcome", "money": 230, "region": "KelpStation", "scene_type": "surface", "science_level": 1, "science_points": 10, "site": "KelpStation", "task_list": [{"is_complete": true, "task_id": "getTagger"}, {"is_complete": true, "task_id": "getVisualModel"}, {"is_complete": false, "task_id": "returnShip"}], "time_since_launch": 695.97}	255
"26073113054722981"	"AQUALAB"	"2026-07-31T20:17:22.976000+00:00"	"complete_task"	{"server_time": "2026-07-31T15:17:24+00:00", "task_id": "returnShip"}	"GAME"	"120"	"production"	"6"	"UTC-07:00"	"AbundantBank"	{}	{"job_argumentation": 0, "job_experimentation": 0, "job_modeling": 0, "job_name": "kelp-shop-welcome", "money": 230, "region": "KelpStation", "scene_type": "ship", "science_level": 1, "science_points": 10, "site": "Helm", "task_list": [{"is_complete": true, "task_id": "getTagger"}, {"is_complete": true, "task_id": "getVisualModel"}, {"is_complete": false, "task_id": "returnShip"}], "time_since_launch": 695.97}	256
"26073113054722981"	"AQUALAB"	"2026-07-31T20:17:22.978000+00:00"	"script_began"	{"node_id": "job.kelp-shop-welcome.end", "server_time": "2026-07-31T15:17:24+00:00"}	"GAME"	"120"	"production"	"6"	"UTC-07:00"	"AbundantBank"	{}	{"job_argumentation": 0, "job_experimentation": 0, "job_modeling": 0, "job_name": "kelp-shop-welcome", "money": 230, "region": "KelpStation", "scene_type": "ship", "science_level": 1, "science_points": 10, "site": "Helm", "task_list": [{"is_complete": true, "task_id": "getTagger"}, {"is_complete": true, "task_id": "getVisualModel"}, {"is_complete": true, "task_id": "returnShip"}], "time_since_launch": 695.97}	257
"26073113054722981"	"AQUALAB"	"2026-07-31T20:17:23.529000+00:00"	"script_line_displayed"	{"node_id": "job.kelp-shop-welcome.end", "server_time": "2026-07-31T15:17:24+00:00", "speaker": "", "text_string": "I can't believe Mom's letting me leave the Forested Lagoon... by myself!!"}	"GAME"	"120"	"production"	"6"	"UTC-07:00"	"AbundantBank"	{}	{"job_argumentation": 0, "job_experimentation": 0, "job_modeling": 0, "job_name": "kelp-shop-welcome", "money": 230, "region": "KelpStation", "scene_type": "ship", "science_level": 1, "science_points": 10, "site": "Helm", "task_list": [{"is_complete": true, "task_id": "getTagger"}, {"is_complete": true, "task_id": "getVisualModel"}, {"is_complete": true, "task_id": "returnShip"}], "time_since_launch": 696.52}	258
"26073113054722981"	"AQUALAB"	"2026-07-31T20:17:26.795000+00:00"	"script_line_displayed"	{"node_id": "job.kelp-shop-welcome.end", "server_time": "2026-07-31T15:17:27+00:00", "speaker": "", "text_string": "What are the odds??"}	"GAME"	"120"	"production"	"6"	"UTC-07:00"	"AbundantBank"	{}	{"job_argumentation": 0, "job_experimentation": 0, "job_modeling": 0, "job_name": "kelp-shop-welcome", "money": 230, "region": "KelpStation", "scene_type": "ship", "science_level": 1, "science_points": 10, "site": "Helm", "task_list": [{"is_complete": true, "task_id": "getTagger"}, {"is_complete": true, "task_id": "getVisualModel"}, {"is_complete": true, "task_id": "returnShip"}], "time_since_launch": 699.79}	259
"26073113054722981"	"AQUALAB"	"2026-07-31T20:17:28.528000+00:00"	"script_line_displayed"	{"node_id": "job.kelp-shop-welcome.end", "server_time": "2026-07-31T15:17:29+00:00", "speaker": "", "text_string": "Processing... processing..."}	"GAME"	"120"	"production"	"6"	"UTC-07:00"	"AbundantBank"	{}	{"job_argumentation": 0, "job_experimentation": 0, "job_modeling": 0, "job_name": "kelp-shop-welcome", "money": 230, "region": "KelpStation", "scene_type": "ship", "science_level": 1, "science_points": 10, "site": "Helm", "task_list": [{"is_complete": true, "task_id": "getTagger"}, {"is_complete": true, "task_id": "getVisualModel"}, {"is_complete": true, "task_id": "returnShip"}], "time_since_launch": 701.52}	260
"26073113054722981"	"AQUALAB"	"2026-07-31T20:17:29.864000+00:00"	"script_line_displayed"	{"node_id": "job.kelp-shop-welcome.end", "server_time": "2026-07-31T15:17:30+00:00", "speaker": "", "text_string": "Your odds of surviving a journey to another research station are 97.2%!"}	"GAME"	"120"	"production"	"6"	"UTC-07:00"	"AbundantBank"	{}	{"job_argumentation": 0, "job_experimentation": 0, "job_modeling": 0, "job_name": "kelp-shop-welcome", "money": 230, "region": "KelpStation", "scene_type": "ship", "science_level": 1, "science_points": 10, "site": "Helm", "task_list": [{"is_complete": true, "task_id": "getTagger"}, {"is_complete": true, "task_id": "getVisualModel"}, {"is_complete": true, "task_id": "returnShip"}], "time_since_launch": 702.86}	261
"26073113054722981"	"AQUALAB"	"2026-07-31T20:17:31.729000+00:00"	"script_line_displayed"	{"node_id": "job.kelp-shop-welcome.end", "server_time": "2026-07-31T15:17:32+00:00", "speaker": "", "text_string": "Um. Okay, cool. That was a rhetorical question, but I like the optimism."}	"GAME"	"120"	"production"	"6"	"UTC-07:00"	"AbundantBank"	{}	{"job_argumentation": 0, "job_experimentation": 0, "job_modeling": 0, "job_name": "kelp-shop-welcome", "money": 230, "region": "KelpStation", "scene_type": "ship", "science_level": 1, "science_points": 10, "site": "Helm", "task_list": [{"is_complete": true, "task_id": "getTagger"}, {"is_complete": true, "task_id": "getVisualModel"}, {"is_complete": true, "task_id": "returnShip"}], "time_since_launch": 704.72}	262
"26073113054722981"	"AQUALAB"	"2026-07-31T20:17:34.364000+00:00"	"script_line_displayed"	{"node_id": "job.kelp-shop-welcome.end", "server_time": "2026-07-31T15:17:35+00:00", "speaker": "", "text_string": "So, what now, V1ct0r?"}	"GAME"	"120"	"production"	"6"	"UTC-07:00"	"AbundantBank"	{}	{"job_argumentation": 0, "job_experimentation": 0, "job_modeling": 0, "job_name": "kelp-shop-welcome", "money": 230, "region": "KelpStation", "scene_type": "ship", "science_level": 1, "science_points": 10, "site": "Helm", "task_list": [{"is_complete": true, "task_id": "getTagger"}, {"is_complete": true, "task_id": "getVisualModel"}, {"is_complete": true, "task_id": "returnShip"}], "time_since_launch": 707.36}	263
"26073113054722981"	"AQUALAB"	"2026-07-31T20:17:36.528000+00:00"	"script_line_displayed"	{"node_id": "job.kelp-shop-welcome.end", "server_time": "2026-07-31T15:17:37+00:00", "speaker": "", "text_string": "Your map has nearly finished updating! Any second now..."}	"GAME"	"120"	"production"	"6"	"UTC-07:00"	"AbundantBank"	{}	{"job_argumentation": 0, "job_experimentation": 0, "job_modeling": 0, "job_name": "kelp-shop-welcome", "money": 230, "region": "KelpStation", "scene_type": "ship", "science_level": 1, "science_points": 10, "site": "Helm", "task_list": [{"is_complete": true, "task_id": "getTagger"}, {"is_complete": true, "task_id": "getVisualModel"}, {"is_complete": true, "task_id": "returnShip"}], "time_since_launch": 709.52}	264
"26073113054722981"	"AQUALAB"	"2026-07-31T20:17:45.058000+00:00"	"script_line_displayed"	{"node_id": "job.kelp-shop-welcome.end", "server_time": "2026-07-31T15:17:46+00:00", "speaker": "", "text_string": "Your map is ready!"}	"GAME"	"120"	"production"	"6"	"UTC-07:00"	"AbundantBank"	{}	{"job_argumentation": 0, "job_experimentation": 0, "job_modeling": 0, "job_name": "kelp-shop-welcome", "money": 230, "region": "KelpStation", "scene_type": "ship", "science_level": 1, "science_points": 10, "site": "Helm", "task_list": [{"is_complete": true, "task_id": "getTagger"}, {"is_complete": true, "task_id": "getVisualModel"}, {"is_complete": true, "task_id": "returnShip"}], "time_since_launch": 718.05}	265
"26073113054722981"	"AQUALAB"	"2026-07-31T20:17:47.825000+00:00"	"script_line_displayed"	{"node_id": "job.kelp-shop-welcome.end", "server_time": "2026-07-31T15:17:48+00:00", "speaker": "", "text_string": "Use the map to view available jobs and travel to different ecosystems."}	"GAME"	"120"	"production"	"6"	"UTC-07:00"	"AbundantBank"	{}	{"job_argumentation": 0, "job_experimentation": 0, "job_modeling": 0, "job_name": "kelp-shop-welcome", "money": 230, "region": "KelpStation", "scene_type": "ship", "science_level": 1, "science_points": 10, "site": "Helm", "task_list": [{"is_complete": true, "task_id": "getTagger"}, {"is_complete": true, "task_id": "getVisualModel"}, {"is_complete": true, "task_id": "returnShip"}], "time_since_launch": 720.82}	266
"26073113054722981"	"AQUALAB"	"2026-07-31T20:17:50.527000+00:00"	"complete_job"	{"job_name": "kelp-shop-welcome", "server_time": "2026-07-31T15:17:51+00:00"}	"GAME"	"120"	"production"	"6"	"UTC-07:00"	"AbundantBank"	{}	{"job_argumentation": 0, "job_experimentation": 0, "job_modeling": 0, "job_name": "kelp-shop-welcome", "money": 230, "region": "KelpStation", "scene_type": "ship", "science_level": 1, "science_points": 10, "site": "Helm", "task_list": [{"is_complete": true, "task_id": "getTagger"}, {"is_complete": true, "task_id": "getVisualModel"}, {"is_complete": true, "task_id": "returnShip"}], "time_since_launch": 723.52}	267
"26073113054722981"	"AQUALAB"	"2026-07-31T20:17:50.527000+00:00"	"switch_job"	{"prev_job_name": "kelp-shop-welcome", "server_time": "2026-07-31T15:17:51+00:00"}	"GAME"	"120"	"production"	"6"	"UTC-07:00"	"AbundantBank"	{}	{"job_argumentation": -1, "job_experimentation": 0, "job_modeling": -1, "job_name": "no-active-job", "money": 230, "region": "KelpStation", "scene_type": "ship", "science_level": 1, "science_points": 10, "site": "Helm", "task_list": [], "time_since_launch": 723.52}	268
"26073113054722981"	"AQUALAB"	"2026-07-31T20:18:11.765000+00:00"	"survey_submitted"	{"display_event_id": "demographics", "package_config_id": "winter2025_v1", "responses": [{"prompt": "Are you playing Wake at home or school?", "response": "Home"}, {"prompt": "Is this game connected to a larger educational unit or lesson?", "response": "No"}, {"prompt": "How old are you?", "response": "10-11"}, {"prompt": "Do you speak Spanish at home with your family?", "response": "No"}], "server_time": "2026-07-31T15:18:12+00:00"}	"GAME"	"120"	"production"	"6"	"UTC-07:00"	"AbundantBank"	{}	{"job_argumentation": -1, "job_experimentation": 0, "job_modeling": -1, "job_name": "no-active-job", "money": 230, "region": "KelpStation", "scene_type": "ship", "science_level": 1, "science_points": 10, "site": "Helm", "task_list": [], "time_since_launch": 723.52}	269
"26073113054722981"	"AQUALAB"	"2026-07-31T20:18:15.368000+00:00"	"scene_changed"	{"scene_name": "KelpStation", "server_time": "2026-07-31T15:18:16+00:00"}	"GAME"	"120"	"production"	"6"	"UTC-07:00"	"AbundantBank"	{}	{"job_argumentation": -1, "job_experimentation": 0, "job_modeling": -1, "job_name": "no-active-job", "money": 230, "region": "KelpStation", "scene_type": "ship", "science_level": 1, "science_points": 10, "site": "Helm", "task_list": [], "time_since_launch": 723.52}	270
"26073113054722981"	"AQUALAB"	"2026-07-31T20:18:18.136000+00:00"	"script_began"	{"node_id": "partner.talk.help.noJob.notAtHelm", "server_time": "2026-07-31T15:18:19+00:00"}	"GAME"	"120"	"production"	"6"	"UTC-07:00"	"AbundantBank"	{}	{"job_argumentation": -1, "job_experimentation": 0, "job_modeling": -1, "job_name": "no-active-job", "money": 230, "region": "KelpStation", "scene_type": "surface", "science_level": 1, "science_points": 10, "site": "KelpStation", "task_list": [], "time_since_launch": 751.13}	271
"26073113054722981"	"AQUALAB"	"2026-07-31T20:18:18.138000+00:00"	"ask_for_help"	{"node_id": "partner.talk.help.noJob.notAtHelm", "server_time": "2026-07-31T15:18:19+00:00"}	"GAME"	"120"	"production"	"6"	"UTC-07:00"	"AbundantBank"	{}	{"job_argumentation": -1, "job_experimentation": 0, "job_modeling": -1, "job_name": "no-active-job", "money": 230, "region": "KelpStation", "scene_type": "surface", "science_level": 1, "science_points": 10, "site": "KelpStation", "task_list": [], "time_since_launch": 751.13}	272
"26073113054722981"	"AQUALAB"	"2026-07-31T20:18:18.139000+00:00"	"script_line_displayed"	{"node_id": "partner.talk.help.noJob.notAtHelm", "server_time": "2026-07-31T15:18:19+00:00", "speaker": "", "text_string": "So.... What should we do now?"}	"GAME"	"120"	"production"	"6"	"UTC-07:00"	"AbundantBank"	{}	{"job_argumentation": -1, "job_experimentation": 0, "job_modeling": -1, "job_name": "no-active-job", "money": 230, "region": "KelpStation", "scene_type": "surface", "science_level": 1, "science_points": 10, "site": "KelpStation", "task_list": [], "time_since_launch": 751.13}	273
"26073113054722981"	"AQUALAB"	"2026-07-31T20:18:19.402000+00:00"	"script_line_displayed"	{"node_id": "partner.talk.help.noJob.notAtHelm", "server_time": "2026-07-31T15:18:20+00:00", "speaker": "", "text_string": "We need to head to a research station and take a job!"}	"GAME"	"120"	"production"	"6"	"UTC-07:00"	"AbundantBank"	{}	{"job_argumentation": -1, "job_experimentation": 0, "job_modeling": -1, "job_name": "no-active-job", "money": 230, "region": "KelpStation", "scene_type": "surface", "science_level": 1, "science_points": 10, "site": "KelpStation", "task_list": [], "time_since_launch": 752.39}	274
"26073113054722981"	"AQUALAB"	"2026-07-31T20:18:29.840000+00:00"	"room_changed"	{"room_name": "Station", "server_time": "2026-07-31T15:18:30+00:00"}	"GAME"	"120"	"production"	"6"	"UTC-07:00"	"AbundantBank"	{}	{"job_argumentation": -1, "job_experimentation": 0, "job_modeling": -1, "job_name": "no-active-job", "money": 230, "region": "KelpStation", "scene_type": "surface", "science_level": 1, "science_points": 10, "site": "KelpStation", "task_list": [], "time_since_launch": 752.39}	275
"26073113054722981"	"AQUALAB"	"2026-07-31T20:18:29.842000+00:00"	"scene_changed"	{"scene_name": "RS-1C-StationInterior", "server_time": "2026-07-31T15:18:30+00:00"}	"GAME"	"120"	"production"	"6"	"UTC-07:00"	"AbundantBank"	{}	{"job_argumentation": -1, "job_experimentation": 0, "job_modeling": -1, "job_name": "no-active-job", "money": 230, "region": "KelpStation", "scene_type": "surface", "science_level": 1, "science_points": 10, "site": "KelpStation", "task_list": [], "time_since_launch": 762.83}	276
"26073113054722981"	"AQUALAB"	"2026-07-31T20:18:31.879000+00:00"	"room_changed"	{"room_name": "JobGiver", "server_time": "2026-07-31T15:18:32+00:00"}	"GAME"	"120"	"production"	"6"	"UTC-07:00"	"AbundantBank"	{}	{"job_argumentation": -1, "job_experimentation": 0, "job_modeling": -1, "job_name": "no-active-job", "money": 230, "region": "KelpStation", "scene_type": "station-interior", "science_level": 1, "science_points": 10, "site": "RS-Kelp", "task_list": [], "time_since_launch": 762.83}	277
"26073113054722981"	"AQUALAB"	"2026-07-31T20:18:32.943000+00:00"	"script_began"	{"node_id": "interior.job.kelp.jobGiver.noJob.a", "server_time": "2026-07-31T15:18:33+00:00"}	"GAME"	"120"	"production"	"6"	"UTC-07:00"	"AbundantBank"	{}	{"job_argumentation": -1, "job_experimentation": 0, "job_modeling": -1, "job_name": "no-active-job", "money": 230, "region": "KelpStation", "scene_type": "station-interior", "science_level": 1, "science_points": 10, "site": "RS-Kelp", "task_list": [], "time_since_launch": 765.94}	278
"26073113054722981"	"AQUALAB"	"2026-07-31T20:18:32.949000+00:00"	"script_line_displayed"	{"node_id": "interior.job.kelp.jobGiver.noJob.a", "server_time": "2026-07-31T15:18:33+00:00", "speaker": "", "text_string": "Would you like to see the Job Board, Mija?"}	"GAME"	"120"	"production"	"6"	"UTC-07:00"	"AbundantBank"	{}	{"job_argumentation": -1, "job_experimentation": 0, "job_modeling": -1, "job_name": "no-active-job", "money": 230, "region": "KelpStation", "scene_type": "station-interior", "science_level": 1, "science_points": 10, "site": "RS-Kelp", "task_list": [], "time_since_launch": 765.94}	279
"26073113054722981"	"AQUALAB"	"2026-07-31T20:18:42.653000+00:00"	"accept_job"	{"server_time": "2026-07-31T15:18:43+00:00"}	"GAME"	"120"	"production"	"6"	"UTC-07:00"	"AbundantBank"	{}	{"job_argumentation": -1, "job_experimentation": 0, "job_modeling": -1, "job_name": "no-active-job", "money": 230, "region": "KelpStation", "scene_type": "station-interior", "science_level": 1, "science_points": 10, "site": "RS-Kelp", "task_list": [], "time_since_launch": 775.65}	280
"26073113054722981"	"AQUALAB"	"2026-07-31T20:18:42.654000+00:00"	"switch_job"	{"prev_job_name": "no-active-job", "server_time": "2026-07-31T15:18:43+00:00"}	"GAME"	"120"	"production"	"6"	"UTC-07:00"	"AbundantBank"	{}	{"job_argumentation": 1, "job_experimentation": 0, "job_modeling": 1, "job_name": "kelp-energy", "money": 230, "region": "KelpStation", "scene_type": "station-interior", "science_level": 1, "science_points": 10, "site": "RS-Kelp", "task_list": [{"is_complete": false, "task_id": "foodweb"}, {"is_complete": false, "task_id": "reportBack"}], "time_since_launch": 775.65}	281
"26073113054722981"	"AQUALAB"	"2026-07-31T20:18:43.747000+00:00"	"script_began"	{"node_id": "job.kelp-energy.start", "server_time": "2026-07-31T15:18:44+00:00"}	"GAME"	"120"	"production"	"6"	"UTC-07:00"	"AbundantBank"	{}	{"job_argumentation": 1, "job_experimentation": 0, "job_modeling": 1, "job_name": "kelp-energy", "money": 230, "region": "KelpStation", "scene_type": "station-interior", "science_level": 1, "science_points": 10, "site": "RS-Kelp", "task_list": [{"is_complete": false, "task_id": "foodweb"}, {"is_complete": false, "task_id": "reportBack"}], "time_since_launch": 776.74}	282
"26073113054722981"	"AQUALAB"	"2026-07-31T20:18:43.778000+00:00"	"script_line_displayed"	{"node_id": "job.kelp-energy.start", "server_time": "2026-07-31T15:18:44+00:00", "speaker": "", "text_string": "Okay, Olivia, I've got something a little different for you this time."}	"GAME"	"120"	"production"	"6"	"UTC-07:00"	"AbundantBank"	{}	{"job_argumentation": 1, "job_experimentation": 0, "job_modeling": 1, "job_name": "kelp-energy", "money": 230, "region": "KelpStation", "scene_type": "station-interior", "science_level": 1, "science_points": 10, "site": "RS-Kelp", "task_list": [{"is_complete": false, "task_id": "foodweb"}, {"is_complete": false, "task_id": "reportBack"}], "time_since_launch": 776.77}	283
"26073113054722981"	"AQUALAB"	"2026-07-31T20:18:46.513000+00:00"	"script_line_displayed"	{"node_id": "job.kelp-energy.start", "server_time": "2026-07-31T15:18:47+00:00", "speaker": "", "text_string": "I need you to create a model of Site C's food web."}	"GAME"	"120"	"production"	"6"	"UTC-07:00"	"AbundantBank"	{}	{"job_argumentation": 1, "job_experimentation": 0, "job_modeling": 1, "job_name": "kelp-energy", "money": 230, "region": "KelpStation", "scene_type": "station-interior", "science_level": 1, "science_points": 10, "site": "RS-Kelp", "task_list": [{"is_complete": false, "task_id": "foodweb"}, {"is_complete": false, "task_id": "reportBack"}], "time_since_launch": 779.5}	284
"26073113054722981"	"AQUALAB"	"2026-07-31T20:18:48.043000+00:00"	"script_line_displayed"	{"node_id": "job.kelp-energy.start", "server_time": "2026-07-31T15:18:48+00:00", "speaker": "", "text_string": "Use the Modeling Lab on your ship to create a food web model for the Forested Lagoon."}	"GAME"	"120"	"production"	"6"	"UTC-07:00"	"AbundantBank"	{}	{"job_argumentation": 1, "job_experimentation": 0, "job_modeling": 1, "job_name": "kelp-energy", "money": 230, "region": "KelpStation", "scene_type": "station-interior", "science_level": 1, "science_points": 10, "site": "RS-Kelp", "task_list": [{"is_complete": false, "task_id": "foodweb"}, {"is_complete": false, "task_id": "reportBack"}], "time_since_launch": 781.04}	285
"26073113054722981"	"AQUALAB"	"2026-07-31T20:18:49.113000+00:00"	"script_line_displayed"	{"node_id": "job.kelp-energy.start", "server_time": "2026-07-31T15:18:50+00:00", "speaker": "", "text_string": "I would do it myself, but our funders have been calling me all day."}	"GAME"	"120"	"production"	"6"	"UTC-07:00"	"AbundantBank"	{}	{"job_argumentation": 1, "job_experimentation": 0, "job_modeling": 1, "job_name": "kelp-energy", "money": 230, "region": "KelpStation", "scene_type": "station-interior", "science_level": 1, "science_points": 10, "site": "RS-Kelp", "task_list": [{"is_complete": false, "task_id": "foodweb"}, {"is_complete": false, "task_id": "reportBack"}], "time_since_launch": 782.11}	286
"26073113054722981"	"AQUALAB"	"2026-07-31T20:18:50.212000+00:00"	"script_line_displayed"	{"node_id": "job.kelp-energy.start", "server_time": "2026-07-31T15:18:51+00:00", "speaker": "", "text_string": "And I should probably check on Osa the Otter... he was looking a little ragged."}	"GAME"	"120"	"production"	"6"	"UTC-07:00"	"AbundantBank"	{}	{"job_argumentation": 1, "job_experimentation": 0, "job_modeling": 1, "job_name": "kelp-energy", "money": 230, "region": "KelpStation", "scene_type": "station-interior", "science_level": 1, "science_points": 10, "site": "RS-Kelp", "task_list": [{"is_complete": false, "task_id": "foodweb"}, {"is_complete": false, "task_id": "reportBack"}], "time_since_launch": 783.2}	287
"26073113054722981"	"AQUALAB"	"2026-07-31T20:18:52.648000+00:00"	"script_line_displayed"	{"node_id": "job.kelp-energy.start", "server_time": "2026-07-31T15:18:53+00:00", "speaker": "", "text_string": "Oh no, not Osa! Poor thing."}	"GAME"	"120"	"production"	"6"	"UTC-07:00"	"AbundantBank"	{}	{"job_argumentation": 1, "job_experimentation": 0, "job_modeling": 1, "job_name": "kelp-energy", "money": 230, "region": "KelpStation", "scene_type": "station-interior", "science_level": 1, "science_points": 10, "site": "RS-Kelp", "task_list": [{"is_complete": false, "task_id": "foodweb"}, {"is_complete": false, "task_id": "reportBack"}], "time_since_launch": 785.64}	288
"26073113054722981"	"AQUALAB"	"2026-07-31T20:18:53.549000+00:00"	"script_line_displayed"	{"node_id": "job.kelp-energy.start", "server_time": "2026-07-31T15:18:54+00:00", "speaker": "", "text_string": "Are you doing okay, Mom? You sound a little--"}	"GAME"	"120"	"production"	"6"	"UTC-07:00"	"AbundantBank"	{}	{"job_argumentation": 1, "job_experimentation": 0, "job_modeling": 1, "job_name": "kelp-energy", "money": 230, "region": "KelpStation", "scene_type": "station-interior", "science_level": 1, "science_points": 10, "site": "RS-Kelp", "task_list": [{"is_complete": false, "task_id": "foodweb"}, {"is_complete": false, "task_id": "reportBack"}], "time_since_launch": 786.54}	289
"26073113054722981"	"AQUALAB"	"2026-07-31T20:18:54.814000+00:00"	"script_line_displayed"	{"node_id": "job.kelp-energy.start", "server_time": "2026-07-31T15:18:55+00:00", "speaker": "", "text_string": "Me? Oh, I'm fine, Mija."}	"GAME"	"120"	"production"	"6"	"UTC-07:00"	"AbundantBank"	{}	{"job_argumentation": 1, "job_experimentation": 0, "job_modeling": 1, "job_name": "kelp-energy", "money": 230, "region": "KelpStation", "scene_type": "station-interior", "science_level": 1, "science_points": 10, "site": "RS-Kelp", "task_list": [{"is_complete": false, "task_id": "foodweb"}, {"is_complete": false, "task_id": "reportBack"}], "time_since_launch": 787.81}	290
"26073113054722981"	"AQUALAB"	"2026-07-31T20:18:55.849000+00:00"	"script_line_displayed"	{"node_id": "job.kelp-energy.start", "server_time": "2026-07-31T15:18:56+00:00", "speaker": "", "text_string": "You just focus on your work. Leave all the stressful stuff to me."}	"GAME"	"120"	"production"	"6"	"UTC-07:00"	"AbundantBank"	{}	{"job_argumentation": 1, "job_experimentation": 0, "job_modeling": 1, "job_name": "kelp-energy", "money": 230, "region": "KelpStation", "scene_type": "station-interior", "science_level": 1, "science_points": 10, "site": "RS-Kelp", "task_list": [{"is_complete": false, "task_id": "foodweb"}, {"is_complete": false, "task_id": "reportBack"}], "time_since_launch": 788.84}	291
"26073113054722981"	"AQUALAB"	"2026-07-31T20:18:59.746000+00:00"	"open_status"	{"server_time": "2026-07-31T15:19:00+00:00"}	"GAME"	"120"	"production"	"6"	"UTC-07:00"	"AbundantBank"	{}	{"job_argumentation": 1, "job_experimentation": 0, "job_modeling": 1, "job_name": "kelp-energy", "money": 230, "region": "KelpStation", "scene_type": "station-interior", "science_level": 1, "science_points": 10, "site": "RS-Kelp", "task_list": [{"is_complete": false, "task_id": "foodweb"}, {"is_complete": false, "task_id": "reportBack"}], "time_since_launch": 792.74}	292
"26073113054722981"	"AQUALAB"	"2026-07-31T20:18:59.746000+00:00"	"status_open_job_tab"	{"server_time": "2026-07-31T15:19:00+00:00"}	"GAME"	"120"	"production"	"6"	"UTC-07:00"	"AbundantBank"	{}	{"job_argumentation": 1, "job_experimentation": 0, "job_modeling": 1, "job_name": "kelp-energy", "money": 230, "region": "KelpStation", "scene_type": "station-interior", "science_level": 1, "science_points": 10, "site": "RS-Kelp", "task_list": [{"is_complete": false, "task_id": "foodweb"}, {"is_complete": false, "task_id": "reportBack"}], "time_since_launch": 792.74}	293
"26073113054722981"	"AQUALAB"	"2026-07-31T20:18:59.746000+00:00"	"status_open_job_tab"	{"server_time": "2026-07-31T15:19:00+00:00"}	"GAME"	"120"	"production"	"6"	"UTC-07:00"	"AbundantBank"	{}	{"job_argumentation": 1, "job_experimentation": 0, "job_modeling": 1, "job_name": "kelp-energy", "money": 230, "region": "KelpStation", "scene_type": "station-interior", "science_level": 1, "science_points": 10, "site": "RS-Kelp", "task_list": [{"is_complete": false, "task_id": "foodweb"}, {"is_complete": false, "task_id": "reportBack"}], "time_since_launch": 792.74}	294
"26073113054722981"	"AQUALAB"	"2026-07-31T20:19:02.080000+00:00"	"close_status"	{"server_time": "2026-07-31T15:19:02+00:00"}	"GAME"	"120"	"production"	"6"	"UTC-07:00"	"AbundantBank"	{}	{"job_argumentation": 1, "job_experimentation": 0, "job_modeling": 1, "job_name": "kelp-energy", "money": 230, "region": "KelpStation", "scene_type": "station-interior", "science_level": 1, "science_points": 10, "site": "RS-Kelp", "task_list": [{"is_complete": false, "task_id": "foodweb"}, {"is_complete": false, "task_id": "reportBack"}], "time_since_launch": 795.07}	295
"26073113054722981"	"AQUALAB"	"2026-07-31T20:19:03.776000+00:00"	"room_changed"	{"room_name": "Station", "server_time": "2026-07-31T15:19:04+00:00"}	"GAME"	"120"	"production"	"6"	"UTC-07:00"	"AbundantBank"	{}	{"job_argumentation": 1, "job_experimentation": 0, "job_modeling": 1, "job_name": "kelp-energy", "money": 230, "region": "KelpStation", "scene_type": "station-interior", "science_level": 1, "science_points": 10, "site": "RS-Kelp", "task_list": [{"is_complete": false, "task_id": "foodweb"}, {"is_complete": false, "task_id": "reportBack"}], "time_since_launch": 795.07}	296
"26073113054722981"	"AQUALAB"	"2026-07-31T20:19:07.658000+00:00"	"scene_changed"	{"scene_name": "KelpStation", "server_time": "2026-07-31T15:19:08+00:00"}	"GAME"	"120"	"production"	"6"	"UTC-07:00"	"AbundantBank"	{}	{"job_argumentation": 1, "job_experimentation": 0, "job_modeling": 1, "job_name": "kelp-energy", "money": 230, "region": "KelpStation", "scene_type": "station-interior", "science_level": 1, "science_points": 10, "site": "RS-Kelp", "task_list": [{"is_complete": false, "task_id": "foodweb"}, {"is_complete": false, "task_id": "reportBack"}], "time_since_launch": 796.77}	297
"26073113054722981"	"AQUALAB"	"2026-07-31T20:19:56.125000+00:00"	"scene_changed"	{"scene_name": "ModelingFoyer", "server_time": "2026-07-31T15:19:57+00:00"}	"GAME"	"120"	"production"	"6"	"UTC-07:00"	"AbundantBank"	{}	{"job_argumentation": 1, "job_experimentation": 0, "job_modeling": 1, "job_name": "kelp-energy", "money": 230, "region": "KelpStation", "scene_type": "surface", "science_level": 1, "science_points": 10, "site": "KelpStation", "task_list": [{"is_complete": false, "task_id": "foodweb"}, {"is_complete": false, "task_id": "reportBack"}], "time_since_launch": 800.65}	298
"26073113054722981"	"AQUALAB"	"2026-07-31T20:19:59.885000+00:00"	"script_began"	{"node_id": "job.kelp-energy.catchFoodWeb", "server_time": "2026-07-31T15:20:01+00:00"}	"GAME"	"120"	"production"	"6"	"UTC-07:00"	"AbundantBank"	{}	{"job_argumentation": 1, "job_experimentation": 0, "job_modeling": 1, "job_name": "kelp-energy", "money": 230, "region": "KelpStation", "scene_type": "ship", "science_level": 1, "science_points": 10, "site": "ModelingFoyer", "task_list": [{"is_complete": false, "task_id": "foodweb"}, {"is_complete": false, "task_id": "reportBack"}], "time_since_launch": 824.32}	299
"26073113054722981"	"AQUALAB"	"2026-07-31T20:19:59.886000+00:00"	"ask_for_help"	{"node_id": "job.kelp-energy.catchFoodWeb", "server_time": "2026-07-31T15:20:01+00:00"}	"GAME"	"120"	"production"	"6"	"UTC-07:00"	"AbundantBank"	{}	{"job_argumentation": 1, "job_experimentation": 0, "job_modeling": 1, "job_name": "kelp-energy", "money": 230, "region": "KelpStation", "scene_type": "ship", "science_level": 1, "science_points": 10, "site": "ModelingFoyer", "task_list": [{"is_complete": false, "task_id": "foodweb"}, {"is_complete": false, "task_id": "reportBack"}], "time_since_launch": 824.32}	300
"26073113054722981"	"AQUALAB"	"2026-07-31T20:19:59.888000+00:00"	"script_line_displayed"	{"node_id": "job.kelp-energy.catchFoodWeb", "server_time": "2026-07-31T15:20:01+00:00", "speaker": "", "text_string": "We need to create a Visual Model of the Forested Lagoon."}	"GAME"	"120"	"production"	"6"	"UTC-07:00"	"AbundantBank"	{}	{"job_argumentation": 1, "job_experimentation": 0, "job_modeling": 1, "job_name": "kelp-energy", "money": 230, "region": "KelpStation", "scene_type": "ship", "science_level": 1, "science_points": 10, "site": "ModelingFoyer", "task_list": [{"is_complete": false, "task_id": "foodweb"}, {"is_complete": false, "task_id": "reportBack"}], "time_since_launch": 824.32}	301
"26073113054722981"	"AQUALAB"	"2026-07-31T20:20:04.604000+00:00"	"begin_model"	{"server_time": "2026-07-31T15:20:05+00:00"}	"GAME"	"120"	"production"	"6"	"UTC-07:00"	"AbundantBank"	{}	{"job_argumentation": 1, "job_experimentation": 0, "job_modeling": 1, "job_name": "kelp-energy", "money": 230, "region": "KelpStation", "scene_type": "ship", "science_level": 1, "science_points": 10, "site": "ModelingFoyer", "task_list": [{"is_complete": false, "task_id": "foodweb"}, {"is_complete": false, "task_id": "reportBack"}], "time_since_launch": 829.04}	302
"26073113054722981"	"AQUALAB"	"2026-07-31T20:20:05.633000+00:00"	"model_phase_changed"	{"phase": "Ecosystem", "server_time": "2026-07-31T15:20:06+00:00"}	"GAME"	"120"	"production"	"6"	"UTC-07:00"	"AbundantBank"	{}	{"job_argumentation": 1, "job_experimentation": 0, "job_modeling": 1, "job_name": "kelp-energy", "money": 230, "region": "KelpStation", "scene_type": "ship", "science_level": 1, "science_points": 10, "site": "ModelingFoyer", "task_list": [{"is_complete": false, "task_id": "foodweb"}, {"is_complete": false, "task_id": "reportBack"}], "time_since_launch": 830.06}	303
"26073113054722981"	"AQUALAB"	"2026-07-31T20:20:05.634000+00:00"	"scene_changed"	{"scene_name": "Modeling", "server_time": "2026-07-31T15:20:06+00:00"}	"GAME"	"120"	"production"	"6"	"UTC-07:00"	"AbundantBank"	{}	{"job_argumentation": 1, "job_experimentation": 0, "job_modeling": 1, "job_name": "kelp-energy", "money": 230, "region": "KelpStation", "scene_type": "ship", "science_level": 1, "science_points": 10, "site": "ModelingFoyer", "task_list": [{"is_complete": false, "task_id": "foodweb"}, {"is_complete": false, "task_id": "reportBack"}], "time_since_launch": 830.06}	304
"26073113054722981"	"AQUALAB"	"2026-07-31T20:20:05.634000+00:00"	"script_began"	{"node_id": "modeling.generic.visual-model.intro", "server_time": "2026-07-31T15:20:06+00:00"}	"GAME"	"120"	"production"	"6"	"UTC-07:00"	"AbundantBank"	{}	{"job_argumentation": 1, "job_experimentation": 0, "job_modeling": 1, "job_name": "kelp-energy", "money": 230, "region": "KelpStation", "scene_type": "ship", "science_level": 1, "science_points": 10, "site": "Modeling", "task_list": [{"is_complete": false, "task_id": "foodweb"}, {"is_complete": false, "task_id": "reportBack"}], "time_since_launch": 830.07}	305
"26073113054722981"	"AQUALAB"	"2026-07-31T20:20:06.182000+00:00"	"script_line_displayed"	{"node_id": "modeling.generic.visual-model.intro", "server_time": "2026-07-31T15:20:07+00:00", "speaker": "", "text_string": "Okay, this is the Modeling tool."}	"GAME"	"120"	"production"	"6"	"UTC-07:00"	"AbundantBank"	{}	{"job_argumentation": 1, "job_experimentation": 0, "job_modeling": 1, "job_name": "kelp-energy", "money": 230, "region": "KelpStation", "scene_type": "ship", "science_level": 1, "science_points": 10, "site": "Modeling", "task_list": [{"is_complete": false, "task_id": "foodweb"}, {"is_complete": false, "task_id": "reportBack"}], "time_since_launch": 830.61}	306
"26073113054722981"	"AQUALAB"	"2026-07-31T20:20:08.516000+00:00"	"script_line_displayed"	{"node_id": "modeling.generic.visual-model.intro", "server_time": "2026-07-31T15:20:09+00:00", "speaker": "", "text_string": "We've gathered a bunch of facts about what eats what in the ecosystem."}	"GAME"	"120"	"production"	"6"	"UTC-07:00"	"AbundantBank"	{}	{"job_argumentation": 1, "job_experimentation": 0, "job_modeling": 1, "job_name": "kelp-energy", "money": 230, "region": "KelpStation", "scene_type": "ship", "science_level": 1, "science_points": 10, "site": "Modeling", "task_list": [{"is_complete": false, "task_id": "foodweb"}, {"is_complete": false, "task_id": "reportBack"}], "time_since_launch": 832.95}	307
"26073113054722981"	"AQUALAB"	"2026-07-31T20:20:10.683000+00:00"	"script_line_displayed"	{"node_id": "modeling.generic.visual-model.intro", "server_time": "2026-07-31T15:20:11+00:00", "speaker": "", "text_string": "We can combine those facts into a Visual Model. That can help us see how they fit together."}	"GAME"	"120"	"production"	"6"	"UTC-07:00"	"AbundantBank"	{}	{"job_argumentation": 1, "job_experimentation": 0, "job_modeling": 1, "job_name": "kelp-energy", "money": 230, "region": "KelpStation", "scene_type": "ship", "science_level": 1, "science_points": 10, "site": "Modeling", "task_list": [{"is_complete": false, "task_id": "foodweb"}, {"is_complete": false, "task_id": "reportBack"}], "time_since_launch": 835.11}	308
"26073113054722981"	"AQUALAB"	"2026-07-31T20:20:13.283000+00:00"	"script_line_displayed"	{"node_id": "modeling.generic.visual-model.intro", "server_time": "2026-07-31T15:20:14+00:00", "speaker": "", "text_string": "Make sure to select the ecosystem that matches the current job and click on the Visualize tab to get started."}	"GAME"	"120"	"production"	"6"	"UTC-07:00"	"AbundantBank"	{}	{"job_argumentation": 1, "job_experimentation": 0, "job_modeling": 1, "job_name": "kelp-energy", "money": 230, "region": "KelpStation", "scene_type": "ship", "science_level": 1, "science_points": 10, "site": "Modeling", "task_list": [{"is_complete": false, "task_id": "foodweb"}, {"is_complete": false, "task_id": "reportBack"}], "time_since_launch": 837.71}	309
"26073113054722981"	"AQUALAB"	"2026-07-31T20:20:17.970000+00:00"	"model_ecosystem_selected"	{"ecosystem": "WarmKelpForest", "server_time": "2026-07-31T15:20:19+00:00"}	"GAME"	"120"	"production"	"6"	"UTC-07:00"	"AbundantBank"	{}	{"job_argumentation": 1, "job_experimentation": 0, "job_modeling": 1, "job_name": "kelp-energy", "money": 230, "region": "KelpStation", "scene_type": "ship", "science_level": 1, "science_points": 10, "site": "Modeling", "task_list": [{"is_complete": false, "task_id": "foodweb"}, {"is_complete": false, "task_id": "reportBack"}], "time_since_launch": 842.4}	310
"26073113054722981"	"AQUALAB"	"2026-07-31T20:20:25.183000+00:00"	"model_ecosystem_selected"	{"ecosystem": "WarmKelpForest", "server_time": "2026-07-31T15:20:26+00:00"}	"GAME"	"120"	"production"	"6"	"UTC-07:00"	"AbundantBank"	{}	{"job_argumentation": 1, "job_experimentation": 0, "job_modeling": 1, "job_name": "kelp-energy", "money": 230, "region": "KelpStation", "scene_type": "ship", "science_level": 1, "science_points": 10, "site": "Modeling", "task_list": [{"is_complete": false, "task_id": "foodweb"}, {"is_complete": false, "task_id": "reportBack"}], "time_since_launch": 849.61}	311
"26073113054722981"	"AQUALAB"	"2026-07-31T20:20:26.285000+00:00"	"model_phase_changed"	{"phase": "Concept", "server_time": "2026-07-31T15:20:27+00:00"}	"GAME"	"120"	"production"	"6"	"UTC-07:00"	"AbundantBank"	{}	{"job_argumentation": 1, "job_experimentation": 0, "job_modeling": 1, "job_name": "kelp-energy", "money": 230, "region": "KelpStation", "scene_type": "ship", "science_level": 1, "science_points": 10, "site": "Modeling", "task_list": [{"is_complete": false, "task_id": "foodweb"}, {"is_complete": false, "task_id": "reportBack"}], "time_since_launch": 850.72}	312
"26073113054722981"	"AQUALAB"	"2026-07-31T20:20:26.293000+00:00"	"script_began"	{"node_id": "job.kelp-energy.generic.visual-model.opened", "server_time": "2026-07-31T15:20:27+00:00"}	"GAME"	"120"	"production"	"6"	"UTC-07:00"	"AbundantBank"	{}	{"job_argumentation": 1, "job_experimentation": 0, "job_modeling": 1, "job_name": "kelp-energy", "money": 230, "region": "KelpStation", "scene_type": "ship", "science_level": 1, "science_points": 10, "site": "Modeling", "task_list": [{"is_complete": false, "task_id": "foodweb"}, {"is_complete": false, "task_id": "reportBack"}], "time_since_launch": 850.72}	313
"26073113054722981"	"AQUALAB"	"2026-07-31T20:20:26.297000+00:00"	"model_concept_started"	{"ecosystem": "WarmKelpForest", "server_time": "2026-07-31T15:20:27+00:00"}	"GAME"	"120"	"production"	"6"	"UTC-07:00"	"AbundantBank"	{}	{"job_argumentation": 1, "job_experimentation": 0, "job_modeling": 1, "job_name": "kelp-energy", "money": 230, "region": "KelpStation", "scene_type": "ship", "science_level": 1, "science_points": 10, "site": "Modeling", "task_list": [{"is_complete": false, "task_id": "foodweb"}, {"is_complete": false, "task_id": "reportBack"}], "time_since_launch": 850.73}	314
"26073113054722981"	"AQUALAB"	"2026-07-31T20:20:26.298000+00:00"	"script_line_displayed"	{"node_id": "job.kelp-energy.generic.visual-model.opened", "server_time": "2026-07-31T15:20:27+00:00", "speaker": "", "text_string": "Click the Import New Facts button to bring all of your facts about this ecosystem into the model."}	"GAME"	"120"	"production"	"6"	"UTC-07:00"	"AbundantBank"	{}	{"job_argumentation": 1, "job_experimentation": 0, "job_modeling": 1, "job_name": "kelp-energy", "money": 230, "region": "KelpStation", "scene_type": "ship", "science_level": 1, "science_points": 10, "site": "Modeling", "task_list": [{"is_complete": false, "task_id": "foodweb"}, {"is_complete": false, "task_id": "reportBack"}], "time_since_launch": 850.73}	315
"26073113054722981"	"AQUALAB"	"2026-07-31T20:20:36.553000+00:00"	"model_concept_updated"	{"ecosystem": "WarmKelpForest", "server_time": "2026-07-31T15:20:37+00:00", "status": "ExportReady"}	"GAME"	"120"	"production"	"6"	"UTC-07:00"	"AbundantBank"	{}	{"job_argumentation": 1, "job_experimentation": 0, "job_modeling": 1, "job_name": "kelp-energy", "money": 230, "region": "KelpStation", "scene_type": "ship", "science_level": 1, "science_points": 10, "site": "Modeling", "task_list": [{"is_complete": false, "task_id": "foodweb"}, {"is_complete": false, "task_id": "reportBack"}], "time_since_launch": 860.98}	316
"26073113054722981"	"AQUALAB"	"2026-07-31T20:20:36.554000+00:00"	"script_began"	{"node_id": "job.kelp-energy.generic.visual-model.imported", "server_time": "2026-07-31T15:20:37+00:00"}	"GAME"	"120"	"production"	"6"	"UTC-07:00"	"AbundantBank"	{}	{"job_argumentation": 1, "job_experimentation": 0, "job_modeling": 1, "job_name": "kelp-energy", "money": 230, "region": "KelpStation", "scene_type": "ship", "science_level": 1, "science_points": 10, "site": "Modeling", "task_list": [{"is_complete": false, "task_id": "foodweb"}, {"is_complete": false, "task_id": "reportBack"}], "time_since_launch": 860.99}	317
"26073113054722981"	"AQUALAB"	"2026-07-31T20:20:36.586000+00:00"	"script_line_displayed"	{"node_id": "job.kelp-energy.generic.visual-model.imported", "server_time": "2026-07-31T15:20:37+00:00", "speaker": "", "text_string": "This is a visual model of all the species at the Forested Lagoon."}	"GAME"	"120"	"production"	"6"	"UTC-07:00"	"AbundantBank"	{}	{"job_argumentation": 1, "job_experimentation": 0, "job_modeling": 1, "job_name": "kelp-energy", "money": 230, "region": "KelpStation", "scene_type": "ship", "science_level": 1, "science_points": 10, "site": "Modeling", "task_list": [{"is_complete": false, "task_id": "foodweb"}, {"is_complete": false, "task_id": "reportBack"}], "time_since_launch": 861.02}	318
"26073113054722981"	"AQUALAB"	"2026-07-31T20:20:44.948000+00:00"	"script_line_displayed"	{"node_id": "job.kelp-energy.generic.visual-model.imported", "server_time": "2026-07-31T15:20:46+00:00", "speaker": "", "text_string": "The arrows show relationships that your experiments have uncovered."}	"GAME"	"120"	"production"	"6"	"UTC-07:00"	"AbundantBank"	{}	{"job_argumentation": 1, "job_experimentation": 0, "job_modeling": 1, "job_name": "kelp-energy", "money": 230, "region": "KelpStation", "scene_type": "ship", "science_level": 1, "science_points": 10, "site": "Modeling", "task_list": [{"is_complete": false, "task_id": "foodweb"}, {"is_complete": false, "task_id": "reportBack"}], "time_since_launch": 869.38}	319
"26073113054722981"	"AQUALAB"	"2026-07-31T20:20:47.115000+00:00"	"script_line_displayed"	{"node_id": "job.kelp-energy.generic.visual-model.imported", "server_time": "2026-07-31T15:20:48+00:00", "speaker": "", "text_string": "In a Food Web, arrows point toward the species doing the consuming."}	"GAME"	"120"	"production"	"6"	"UTC-07:00"	"AbundantBank"	{}	{"job_argumentation": 1, "job_experimentation": 0, "job_modeling": 1, "job_name": "kelp-energy", "money": 230, "region": "KelpStation", "scene_type": "ship", "science_level": 1, "science_points": 10, "site": "Modeling", "task_list": [{"is_complete": false, "task_id": "foodweb"}, {"is_complete": false, "task_id": "reportBack"}], "time_since_launch": 871.55}	320
"26073113054722981"	"AQUALAB"	"2026-07-31T20:20:48.982000+00:00"	"script_line_displayed"	{"node_id": "job.kelp-energy.generic.visual-model.imported", "server_time": "2026-07-31T15:20:50+00:00", "speaker": "", "text_string": "If your Visual Model meets all the requirements of your job, you will be able to save it to AQOS."}	"GAME"	"120"	"production"	"6"	"UTC-07:00"	"AbundantBank"	{}	{"job_argumentation": 1, "job_experimentation": 0, "job_modeling": 1, "job_name": "kelp-energy", "money": 230, "region": "KelpStation", "scene_type": "ship", "science_level": 1, "science_points": 10, "site": "Modeling", "task_list": [{"is_complete": false, "task_id": "foodweb"}, {"is_complete": false, "task_id": "reportBack"}], "time_since_launch": 873.41}	321
"26073113054722981"	"AQUALAB"	"2026-07-31T20:20:53.761000+00:00"	"complete_task"	{"server_time": "2026-07-31T15:20:54+00:00", "task_id": "foodweb"}	"GAME"	"120"	"production"	"6"	"UTC-07:00"	"AbundantBank"	{}	{"job_argumentation": 1, "job_experimentation": 0, "job_modeling": 1, "job_name": "kelp-energy", "money": 230, "region": "KelpStation", "scene_type": "ship", "science_level": 1, "science_points": 10, "site": "Modeling", "task_list": [{"is_complete": false, "task_id": "foodweb"}, {"is_complete": false, "task_id": "reportBack"}], "time_since_launch": 878.19}	322
"26073113054722981"	"AQUALAB"	"2026-07-31T20:20:53.762000+00:00"	"receive_fact"	{"fact_entity": "WarmKelpForest", "fact_id": "WarmKelpForest.Model.Conceptual", "fact_rate": false, "fact_stressed": false, "fact_type": "Model", "has_rate": false, "server_time": "2026-07-31T15:20:54+00:00"}	"GAME"	"120"	"production"	"6"	"UTC-07:00"	"AbundantBank"	{}	{"job_argumentation": 1, "job_experimentation": 0, "job_modeling": 1, "job_name": "kelp-energy", "money": 230, "region": "KelpStation", "scene_type": "ship", "science_level": 1, "science_points": 10, "site": "Modeling", "task_list": [{"is_complete": true, "task_id": "foodweb"}, {"is_complete": false, "task_id": "reportBack"}], "time_since_launch": 878.19}	323
"26073113054722981"	"AQUALAB"	"2026-07-31T20:20:55.683000+00:00"	"script_began"	{"node_id": "modeling.generic.visual-model.saved", "server_time": "2026-07-31T15:20:56+00:00"}	"GAME"	"120"	"production"	"6"	"UTC-07:00"	"AbundantBank"	{}	{"job_argumentation": 1, "job_experimentation": 0, "job_modeling": 1, "job_name": "kelp-energy", "money": 230, "region": "KelpStation", "scene_type": "ship", "science_level": 1, "science_points": 10, "site": "Modeling", "task_list": [{"is_complete": true, "task_id": "foodweb"}, {"is_complete": false, "task_id": "reportBack"}], "time_since_launch": 880.11}	324
"26073113054722981"	"AQUALAB"	"2026-07-31T20:20:55.684000+00:00"	"model_concept_exported"	{"ecosystem": "WarmKelpForest", "server_time": "2026-07-31T15:20:56+00:00"}	"GAME"	"120"	"production"	"6"	"UTC-07:00"	"AbundantBank"	{}	{"job_argumentation": 1, "job_experimentation": 0, "job_modeling": 1, "job_name": "kelp-energy", "money": 230, "region": "KelpStation", "scene_type": "ship", "science_level": 1, "science_points": 10, "site": "Modeling", "task_list": [{"is_complete": true, "task_id": "foodweb"}, {"is_complete": false, "task_id": "reportBack"}], "time_since_launch": 880.12}	325
"26073113054722981"	"AQUALAB"	"2026-07-31T20:20:55.816000+00:00"	"script_began"	{"node_id": "job.kelp-energy.modelingComplete", "server_time": "2026-07-31T15:20:56+00:00"}	"GAME"	"120"	"production"	"6"	"UTC-07:00"	"AbundantBank"	{}	{"job_argumentation": 1, "job_experimentation": 0, "job_modeling": 1, "job_name": "kelp-energy", "money": 230, "region": "KelpStation", "scene_type": "ship", "science_level": 1, "science_points": 10, "site": "Modeling", "task_list": [{"is_complete": true, "task_id": "foodweb"}, {"is_complete": false, "task_id": "reportBack"}], "time_since_launch": 880.25}	326
"26073113054722981"	"AQUALAB"	"2026-07-31T20:20:55.848000+00:00"	"script_line_displayed"	{"node_id": "job.kelp-energy.modelingComplete", "server_time": "2026-07-31T15:20:56+00:00", "speaker": "", "text_string": "You've created a Visual Model! Your work is acceptable!"}	"GAME"	"120"	"production"	"6"	"UTC-07:00"	"AbundantBank"	{}	{"job_argumentation": 1, "job_experimentation": 0, "job_modeling": 1, "job_name": "kelp-energy", "money": 230, "region": "KelpStation", "scene_type": "ship", "science_level": 1, "science_points": 10, "site": "Modeling", "task_list": [{"is_complete": true, "task_id": "foodweb"}, {"is_complete": false, "task_id": "reportBack"}], "time_since_launch": 880.28}	327
"26073113054722981"	"AQUALAB"	"2026-07-31T20:20:58.184000+00:00"	"script_line_displayed"	{"node_id": "job.kelp-energy.modelingComplete", "server_time": "2026-07-31T15:20:59+00:00", "speaker": "", "text_string": "You know, V1ct0r... I mean this in the nicest possible way, but not all humans think of \"acceptable\" as a compliment."}	"GAME"	"120"	"production"	"6"	"UTC-07:00"	"AbundantBank"	{}	{"job_argumentation": 1, "job_experimentation": 0, "job_modeling": 1, "job_name": "kelp-energy", "money": 230, "region": "KelpStation", "scene_type": "ship", "science_level": 1, "science_points": 10, "site": "Modeling", "task_list": [{"is_complete": true, "task_id": "foodweb"}, {"is_complete": false, "task_id": "reportBack"}], "time_since_launch": 882.62}	328
"26073113054722981"	"AQUALAB"	"2026-07-31T20:21:02.281000+00:00"	"script_line_displayed"	{"node_id": "job.kelp-energy.modelingComplete", "server_time": "2026-07-31T15:21:03+00:00", "speaker": "", "text_string": "My apologies, O."}	"GAME"	"120"	"production"	"6"	"UTC-07:00"	"AbundantBank"	{}	{"job_argumentation": 1, "job_experimentation": 0, "job_modeling": 1, "job_name": "kelp-energy", "money": 230, "region": "KelpStation", "scene_type": "ship", "science_level": 1, "science_points": 10, "site": "Modeling", "task_list": [{"is_complete": true, "task_id": "foodweb"}, {"is_complete": false, "task_id": "reportBack"}], "time_since_launch": 886.71}	329
"26073113054722981"	"AQUALAB"	"2026-07-31T20:21:05.848000+00:00"	"script_line_displayed"	{"node_id": "job.kelp-energy.modelingComplete", "server_time": "2026-07-31T15:21:07+00:00", "speaker": "", "text_string": "I have an onboard Thesaurus, if you'd like me to improvise."}	"GAME"	"120"	"production"	"6"	"UTC-07:00"	"AbundantBank"	{}	{"job_argumentation": 1, "job_experimentation": 0, "job_modeling": 1, "job_name": "kelp-energy", "money": 230, "region": "KelpStation", "scene_type": "ship", "science_level": 1, "science_points": 10, "site": "Modeling", "task_list": [{"is_complete": true, "task_id": "foodweb"}, {"is_complete": false, "task_id": "reportBack"}], "time_since_launch": 890.28}	330
"26073113054722981"	"AQUALAB"	"2026-07-31T20:21:09.182000+00:00"	"script_line_displayed"	{"node_id": "job.kelp-energy.modelingComplete", "server_time": "2026-07-31T15:21:10+00:00", "speaker": "", "text_string": "Processing... processing..."}	"GAME"	"120"	"production"	"6"	"UTC-07:00"	"AbundantBank"	{}	{"job_argumentation": 1, "job_experimentation": 0, "job_modeling": 1, "job_name": "kelp-energy", "money": 230, "region": "KelpStation", "scene_type": "ship", "science_level": 1, "science_points": 10, "site": "Modeling", "task_list": [{"is_complete": true, "task_id": "foodweb"}, {"is_complete": false, "task_id": "reportBack"}], "time_since_launch": 893.61}	331
"26073113054722981"	"AQUALAB"	"2026-07-31T20:21:09.981000+00:00"	"script_line_displayed"	{"node_id": "job.kelp-energy.modelingComplete", "server_time": "2026-07-31T15:21:11+00:00", "speaker": "", "text_string": "Tolerable job, O!"}	"GAME"	"120"	"production"	"6"	"UTC-07:00"	"AbundantBank"	{}	{"job_argumentation": 1, "job_experimentation": 0, "job_modeling": 1, "job_name": "kelp-energy", "money": 230, "region": "KelpStation", "scene_type": "ship", "science_level": 1, "science_points": 10, "site": "Modeling", "task_list": [{"is_complete": true, "task_id": "foodweb"}, {"is_complete": false, "task_id": "reportBack"}], "time_since_launch": 894.41}	332
"26073113054722981"	"AQUALAB"	"2026-07-31T20:21:11.181000+00:00"	"script_line_displayed"	{"node_id": "job.kelp-energy.modelingComplete", "server_time": "2026-07-31T15:21:12+00:00", "speaker": "", "text_string": "Oh. Um...."}	"GAME"	"120"	"production"	"6"	"UTC-07:00"	"AbundantBank"	{}	{"job_argumentation": 1, "job_experimentation": 0, "job_modeling": 1, "job_name": "kelp-energy", "money": 230, "region": "KelpStation", "scene_type": "ship", "science_level": 1, "science_points": 10, "site": "Modeling", "task_list": [{"is_complete": true, "task_id": "foodweb"}, {"is_complete": false, "task_id": "reportBack"}], "time_since_launch": 895.61}	333
"26073113054722981"	"AQUALAB"	"2026-07-31T20:21:11.914000+00:00"	"script_line_displayed"	{"node_id": "job.kelp-energy.modelingComplete", "server_time": "2026-07-31T15:21:13+00:00", "speaker": "", "text_string": "Your work is sufficient!"}	"GAME"	"120"	"production"	"6"	"UTC-07:00"	"AbundantBank"	{}	{"job_argumentation": 1, "job_experimentation": 0, "job_modeling": 1, "job_name": "kelp-energy", "money": 230, "region": "KelpStation", "scene_type": "ship", "science_level": 1, "science_points": 10, "site": "Modeling", "task_list": [{"is_complete": true, "task_id": "foodweb"}, {"is_complete": false, "task_id": "reportBack"}], "time_since_launch": 896.35}	334
"26073113054722981"	"AQUALAB"	"2026-07-31T20:21:12.681000+00:00"	"script_line_displayed"	{"node_id": "job.kelp-energy.modelingComplete", "server_time": "2026-07-31T15:21:13+00:00", "speaker": "", "text_string": "Never mind, V1ct0r. You're perfect. You do you."}	"GAME"	"120"	"production"	"6"	"UTC-07:00"	"AbundantBank"	{}	{"job_argumentation": 1, "job_experimentation": 0, "job_modeling": 1, "job_name": "kelp-energy", "money": 230, "region": "KelpStation", "scene_type": "ship", "science_level": 1, "science_points": 10, "site": "Modeling", "task_list": [{"is_complete": true, "task_id": "foodweb"}, {"is_complete": false, "task_id": "reportBack"}], "time_since_launch": 897.11}	335
"26073113054722981"	"AQUALAB"	"2026-07-31T20:21:14.281000+00:00"	"script_line_displayed"	{"node_id": "job.kelp-energy.modelingComplete", "server_time": "2026-07-31T15:21:15+00:00", "speaker": "", "text_string": "Let's head to the station. I need to report back to Mom."}	"GAME"	"120"	"production"	"6"	"UTC-07:00"	"AbundantBank"	{}	{"job_argumentation": 1, "job_experimentation": 0, "job_modeling": 1, "job_name": "kelp-energy", "money": 230, "region": "KelpStation", "scene_type": "ship", "science_level": 1, "science_points": 10, "site": "Modeling", "task_list": [{"is_complete": true, "task_id": "foodweb"}, {"is_complete": false, "task_id": "reportBack"}], "time_since_launch": 898.71}	336
"26073113054722981"	"AQUALAB"	"2026-07-31T20:21:21.189000+00:00"	"model_end"	{"ecosystem": "WarmKelpForest", "phase": "Concept", "server_time": "2026-07-31T15:21:22+00:00"}	"GAME"	"120"	"production"	"6"	"UTC-07:00"	"AbundantBank"	{}	{"job_argumentation": 1, "job_experimentation": 0, "job_modeling": 1, "job_name": "kelp-energy", "money": 230, "region": "KelpStation", "scene_type": "ship", "science_level": 1, "science_points": 10, "site": "Modeling", "task_list": [{"is_complete": true, "task_id": "foodweb"}, {"is_complete": false, "task_id": "reportBack"}], "time_since_launch": 905.62}	337
"26073113054722981"	"AQUALAB"	"2026-07-31T20:21:22.286000+00:00"	"scene_changed"	{"scene_name": "ModelingFoyer", "server_time": "2026-07-31T15:21:23+00:00"}	"GAME"	"120"	"production"	"6"	"UTC-07:00"	"AbundantBank"	{}	{"job_argumentation": 1, "job_experimentation": 0, "job_modeling": 1, "job_name": "kelp-energy", "money": 230, "region": "KelpStation", "scene_type": "ship", "science_level": 1, "science_points": 10, "site": "Modeling", "task_list": [{"is_complete": true, "task_id": "foodweb"}, {"is_complete": false, "task_id": "reportBack"}], "time_since_launch": 905.62}	338
"26073113054722981"	"AQUALAB"	"2026-07-31T20:21:28.849000+00:00"	"room_changed"	{"room_name": "Station", "server_time": "2026-07-31T15:21:30+00:00"}	"GAME"	"120"	"production"	"6"	"UTC-07:00"	"AbundantBank"	{}	{"job_argumentation": 1, "job_experimentation": 0, "job_modeling": 1, "job_name": "kelp-energy", "money": 230, "region": "KelpStation", "scene_type": "ship", "science_level": 1, "science_points": 10, "site": "ModelingFoyer", "task_list": [{"is_complete": true, "task_id": "foodweb"}, {"is_complete": false, "task_id": "reportBack"}], "time_since_launch": 906.72}	339
"26073113054722981"	"AQUALAB"	"2026-07-31T20:21:28.850000+00:00"	"scene_changed"	{"scene_name": "RS-1C-StationInterior", "server_time": "2026-07-31T15:21:30+00:00"}	"GAME"	"120"	"production"	"6"	"UTC-07:00"	"AbundantBank"	{}	{"job_argumentation": 1, "job_experimentation": 0, "job_modeling": 1, "job_name": "kelp-energy", "money": 230, "region": "KelpStation", "scene_type": "ship", "science_level": 1, "science_points": 10, "site": "ModelingFoyer", "task_list": [{"is_complete": true, "task_id": "foodweb"}, {"is_complete": false, "task_id": "reportBack"}], "time_since_launch": 913.28}	340
"26073113054722981"	"AQUALAB"	"2026-07-31T20:21:33.387000+00:00"	"room_changed"	{"room_name": "JobGiver", "server_time": "2026-07-31T15:21:34+00:00"}	"GAME"	"120"	"production"	"6"	"UTC-07:00"	"AbundantBank"	{}	{"job_argumentation": 1, "job_experimentation": 0, "job_modeling": 1, "job_name": "kelp-energy", "money": 230, "region": "KelpStation", "scene_type": "station-interior", "science_level": 1, "science_points": 10, "site": "RS-Kelp", "task_list": [{"is_complete": true, "task_id": "foodweb"}, {"is_complete": false, "task_id": "reportBack"}], "time_since_launch": 913.28}	341
"26073113054722981"	"AQUALAB"	"2026-07-31T20:21:34.851000+00:00"	"script_began"	{"node_id": "interior.job.kelp.jobGiver.hasJob.a", "server_time": "2026-07-31T15:21:35+00:00"}	"GAME"	"120"	"production"	"6"	"UTC-07:00"	"AbundantBank"	{}	{"job_argumentation": 1, "job_experimentation": 0, "job_modeling": 1, "job_name": "kelp-energy", "money": 230, "region": "KelpStation", "scene_type": "station-interior", "science_level": 1, "science_points": 10, "site": "RS-Kelp", "task_list": [{"is_complete": true, "task_id": "foodweb"}, {"is_complete": false, "task_id": "reportBack"}], "time_since_launch": 919.28}	342
"26073113054722981"	"AQUALAB"	"2026-07-31T20:21:34.855000+00:00"	"script_line_displayed"	{"node_id": "interior.job.kelp.jobGiver.hasJob.a", "server_time": "2026-07-31T15:21:35+00:00", "speaker": "", "text_string": "Welcome back, Sweetie! \u00bfQu\u00e9 pasa?"}	"GAME"	"120"	"production"	"6"	"UTC-07:00"	"AbundantBank"	{}	{"job_argumentation": 1, "job_experimentation": 0, "job_modeling": 1, "job_name": "kelp-energy", "money": 230, "region": "KelpStation", "scene_type": "station-interior", "science_level": 1, "science_points": 10, "site": "RS-Kelp", "task_list": [{"is_complete": true, "task_id": "foodweb"}, {"is_complete": false, "task_id": "reportBack"}], "time_since_launch": 919.29}	343
"26073113054722981"	"AQUALAB"	"2026-07-31T20:21:41.155000+00:00"	"script_began"	{"node_id": "job.kelp-energy.argue.intro", "server_time": "2026-07-31T15:21:42+00:00"}	"GAME"	"120"	"production"	"6"	"UTC-07:00"	"AbundantBank"	{}	{"job_argumentation": 1, "job_experimentation": 0, "job_modeling": 1, "job_name": "kelp-energy", "money": 230, "region": "KelpStation", "scene_type": "station-interior", "science_level": 1, "science_points": 10, "site": "RS-Kelp", "task_list": [{"is_complete": true, "task_id": "foodweb"}, {"is_complete": false, "task_id": "reportBack"}], "time_since_launch": 925.59}	344
"26073113054722981"	"AQUALAB"	"2026-07-31T20:21:41.189000+00:00"	"begin_argument"	{"server_time": "2026-07-31T15:21:42+00:00"}	"GAME"	"120"	"production"	"6"	"UTC-07:00"	"AbundantBank"	{}	{"job_argumentation": 1, "job_experimentation": 0, "job_modeling": 1, "job_name": "kelp-energy", "money": 230, "region": "KelpStation", "scene_type": "station-interior", "science_level": 1, "science_points": 10, "site": "RS-Kelp", "task_list": [{"is_complete": true, "task_id": "foodweb"}, {"is_complete": false, "task_id": "reportBack"}], "time_since_launch": 925.62}	345
"26073113054722981"	"AQUALAB"	"2026-07-31T20:21:41.189000+00:00"	"script_line_displayed"	{"node_id": "job.kelp-energy.argue.hello", "server_time": "2026-07-31T15:21:42+00:00", "speaker": "", "text_string": "How's Osa doing, Mom?"}	"GAME"	"120"	"production"	"6"	"UTC-07:00"	"AbundantBank"	{}	{"job_argumentation": 1, "job_experimentation": 0, "job_modeling": 1, "job_name": "kelp-energy", "money": 230, "region": "KelpStation", "scene_type": "station-interior", "science_level": 1, "science_points": 10, "site": "RS-Kelp", "task_list": [{"is_complete": true, "task_id": "foodweb"}, {"is_complete": false, "task_id": "reportBack"}], "time_since_launch": 925.62}	346
"26073113054722981"	"AQUALAB"	"2026-07-31T20:21:43.551000+00:00"	"script_line_displayed"	{"node_id": "job.kelp-energy.argue.hello", "server_time": "2026-07-31T15:21:44+00:00", "speaker": "", "text_string": "Oh, don't worry, Sweetie. I'm sure she'll be okay."}	"GAME"	"120"	"production"	"6"	"UTC-07:00"	"AbundantBank"	{}	{"job_argumentation": 1, "job_experimentation": 0, "job_modeling": 1, "job_name": "kelp-energy", "money": 230, "region": "KelpStation", "scene_type": "station-interior", "science_level": 1, "science_points": 10, "site": "RS-Kelp", "task_list": [{"is_complete": true, "task_id": "foodweb"}, {"is_complete": false, "task_id": "reportBack"}], "time_since_launch": 927.98}	347
"26073113054722981"	"AQUALAB"	"2026-07-31T20:21:45.219000+00:00"	"script_line_displayed"	{"node_id": "job.kelp-energy.argue.hello", "server_time": "2026-07-31T15:21:46+00:00", "speaker": "", "text_string": "That didn't answer my question, Mom--"}	"GAME"	"120"	"production"	"6"	"UTC-07:00"	"AbundantBank"	{}	{"job_argumentation": 1, "job_experimentation": 0, "job_modeling": 1, "job_name": "kelp-energy", "money": 230, "region": "KelpStation", "scene_type": "station-interior", "science_level": 1, "science_points": 10, "site": "RS-Kelp", "task_list": [{"is_complete": true, "task_id": "foodweb"}, {"is_complete": false, "task_id": "reportBack"}], "time_since_launch": 929.65}	348
"26073113054722981"	"AQUALAB"	"2026-07-31T20:21:46.619000+00:00"	"script_line_displayed"	{"node_id": "job.kelp-energy.argue.hello", "server_time": "2026-07-31T15:21:47+00:00", "speaker": "", "text_string": "Let me worry about all that. I want to hear about your job!"}	"GAME"	"120"	"production"	"6"	"UTC-07:00"	"AbundantBank"	{}	{"job_argumentation": 1, "job_experimentation": 0, "job_modeling": 1, "job_name": "kelp-energy", "money": 230, "region": "KelpStation", "scene_type": "station-interior", "science_level": 1, "science_points": 10, "site": "RS-Kelp", "task_list": [{"is_complete": true, "task_id": "foodweb"}, {"is_complete": false, "task_id": "reportBack"}], "time_since_launch": 931.05}	349
"26073113054722981"	"AQUALAB"	"2026-07-31T20:21:49.418000+00:00"	"script_line_displayed"	{"node_id": "job.kelp-energy.argue.chooseEnergy", "server_time": "2026-07-31T15:21:50+00:00", "speaker": "", "text_string": "According to your Food Web, what is the source of energy in the Forested Lagoon?"}	"GAME"	"120"	"production"	"6"	"UTC-07:00"	"AbundantBank"	{}	{"job_argumentation": 1, "job_experimentation": 0, "job_modeling": 1, "job_name": "kelp-energy", "money": 230, "region": "KelpStation", "scene_type": "station-interior", "science_level": 1, "science_points": 10, "site": "RS-Kelp", "task_list": [{"is_complete": true, "task_id": "foodweb"}, {"is_complete": false, "task_id": "reportBack"}], "time_since_launch": 933.85}	350
"26073113054722981"	"AQUALAB"	"2026-07-31T20:21:50.120000+00:00"	"script_line_displayed"	{"node_id": "job.kelp-energy.argue.chooseEnergy", "server_time": "2026-07-31T15:21:51+00:00", "speaker": "", "text_string": "What is the thing that is consumed, but doesn't consume anything else?"}	"GAME"	"120"	"production"	"6"	"UTC-07:00"	"AbundantBank"	{}	{"job_argumentation": 1, "job_experimentation": 0, "job_modeling": 1, "job_name": "kelp-energy", "money": 230, "region": "KelpStation", "scene_type": "station-interior", "science_level": 1, "science_points": 10, "site": "RS-Kelp", "task_list": [{"is_complete": true, "task_id": "foodweb"}, {"is_complete": false, "task_id": "reportBack"}], "time_since_launch": 934.55}	351
"26073113054722981"	"AQUALAB"	"2026-07-31T20:21:57.320000+00:00"	"script_line_displayed"	{"node_id": "job.kelp-energy.argue.giantKelp", "server_time": "2026-07-31T15:21:58+00:00", "speaker": "", "text_string": "Can I see your Forested Lagoon model? (It should be in the Sites tab of AQOS.)"}	"GAME"	"120"	"production"	"6"	"UTC-07:00"	"AbundantBank"	{}	{"job_argumentation": 1, "job_experimentation": 0, "job_modeling": 1, "job_name": "kelp-energy", "money": 230, "region": "KelpStation", "scene_type": "station-interior", "science_level": 1, "science_points": 10, "site": "RS-Kelp", "task_list": [{"is_complete": true, "task_id": "foodweb"}, {"is_complete": false, "task_id": "reportBack"}], "time_since_launch": 941.75}	352
"26073113054722981"	"AQUALAB"	"2026-07-31T20:22:02.656000+00:00"	"open_bestiary"	{"server_time": "2026-07-31T15:22:03+00:00"}	"GAME"	"120"	"production"	"6"	"UTC-07:00"	"AbundantBank"	{}	{"job_argumentation": 1, "job_experimentation": 0, "job_modeling": 1, "job_name": "kelp-energy", "money": 230, "region": "KelpStation", "scene_type": "station-interior", "science_level": 1, "science_points": 10, "site": "RS-Kelp", "task_list": [{"is_complete": true, "task_id": "foodweb"}, {"is_complete": false, "task_id": "reportBack"}], "time_since_launch": 947.09}	353
"26073113054722981"	"AQUALAB"	"2026-07-31T20:22:02.656000+00:00"	"bestiary_open_environments_tab"	{"server_time": "2026-07-31T15:22:03+00:00"}	"GAME"	"120"	"production"	"6"	"UTC-07:00"	"AbundantBank"	{}	{"job_argumentation": 1, "job_experimentation": 0, "job_modeling": 1, "job_name": "kelp-energy", "money": 230, "region": "KelpStation", "scene_type": "station-interior", "science_level": 1, "science_points": 10, "site": "RS-Kelp", "task_list": [{"is_complete": true, "task_id": "foodweb"}, {"is_complete": false, "task_id": "reportBack"}], "time_since_launch": 947.09}	354
"26073113054722981"	"AQUALAB"	"2026-07-31T20:22:11.943000+00:00"	"close_bestiary"	{"server_time": "2026-07-31T15:22:13+00:00"}	"GAME"	"120"	"production"	"6"	"UTC-07:00"	"AbundantBank"	{}	{"job_argumentation": 1, "job_experimentation": 0, "job_modeling": 1, "job_name": "kelp-energy", "money": 230, "region": "KelpStation", "scene_type": "station-interior", "science_level": 1, "science_points": 10, "site": "RS-Kelp", "task_list": [{"is_complete": true, "task_id": "foodweb"}, {"is_complete": false, "task_id": "reportBack"}], "time_since_launch": 956.37}	355
"26073113054722981"	"AQUALAB"	"2026-07-31T20:22:11.945000+00:00"	"open_status"	{"server_time": "2026-07-31T15:22:13+00:00"}	"GAME"	"120"	"production"	"6"	"UTC-07:00"	"AbundantBank"	{}	{"job_argumentation": 1, "job_experimentation": 0, "job_modeling": 1, "job_name": "kelp-energy", "money": 230, "region": "KelpStation", "scene_type": "station-interior", "science_level": 1, "science_points": 10, "site": "RS-Kelp", "task_list": [{"is_complete": true, "task_id": "foodweb"}, {"is_complete": false, "task_id": "reportBack"}], "time_since_launch": 956.38}	356
"26073113054722981"	"AQUALAB"	"2026-07-31T20:22:11.946000+00:00"	"status_open_job_tab"	{"server_time": "2026-07-31T15:22:13+00:00"}	"GAME"	"120"	"production"	"6"	"UTC-07:00"	"AbundantBank"	{}	{"job_argumentation": 1, "job_experimentation": 0, "job_modeling": 1, "job_name": "kelp-energy", "money": 230, "region": "KelpStation", "scene_type": "station-interior", "science_level": 1, "science_points": 10, "site": "RS-Kelp", "task_list": [{"is_complete": true, "task_id": "foodweb"}, {"is_complete": false, "task_id": "reportBack"}], "time_since_launch": 956.38}	357
"26073113054722981"	"AQUALAB"	"2026-07-31T20:22:11.946000+00:00"	"status_open_job_tab"	{"server_time": "2026-07-31T15:22:13+00:00"}	"GAME"	"120"	"production"	"6"	"UTC-07:00"	"AbundantBank"	{}	{"job_argumentation": 1, "job_experimentation": 0, "job_modeling": 1, "job_name": "kelp-energy", "money": 230, "region": "KelpStation", "scene_type": "station-interior", "science_level": 1, "science_points": 10, "site": "RS-Kelp", "task_list": [{"is_complete": true, "task_id": "foodweb"}, {"is_complete": false, "task_id": "reportBack"}], "time_since_launch": 956.38}	358
"26073113054722981"	"AQUALAB"	"2026-07-31T20:22:13.754000+00:00"	"close_status"	{"server_time": "2026-07-31T15:22:14+00:00"}	"GAME"	"120"	"production"	"6"	"UTC-07:00"	"AbundantBank"	{}	{"job_argumentation": 1, "job_experimentation": 0, "job_modeling": 1, "job_name": "kelp-energy", "money": 230, "region": "KelpStation", "scene_type": "station-interior", "science_level": 1, "science_points": 10, "site": "RS-Kelp", "task_list": [{"is_complete": true, "task_id": "foodweb"}, {"is_complete": false, "task_id": "reportBack"}], "time_since_launch": 958.19}	359
"26073113054722981"	"AQUALAB"	"2026-07-31T20:22:13.758000+00:00"	"open_bestiary"	{"server_time": "2026-07-31T15:22:14+00:00"}	"GAME"	"120"	"production"	"6"	"UTC-07:00"	"AbundantBank"	{}	{"job_argumentation": 1, "job_experimentation": 0, "job_modeling": 1, "job_name": "kelp-energy", "money": 230, "region": "KelpStation", "scene_type": "station-interior", "science_level": 1, "science_points": 10, "site": "RS-Kelp", "task_list": [{"is_complete": true, "task_id": "foodweb"}, {"is_complete": false, "task_id": "reportBack"}], "time_since_launch": 958.19}	360
"26073113054722981"	"AQUALAB"	"2026-07-31T20:22:13.759000+00:00"	"bestiary_open_species_tab"	{"server_time": "2026-07-31T15:22:14+00:00"}	"GAME"	"120"	"production"	"6"	"UTC-07:00"	"AbundantBank"	{}	{"job_argumentation": 1, "job_experimentation": 0, "job_modeling": 1, "job_name": "kelp-energy", "money": 230, "region": "KelpStation", "scene_type": "station-interior", "science_level": 1, "science_points": 10, "site": "RS-Kelp", "task_list": [{"is_complete": true, "task_id": "foodweb"}, {"is_complete": false, "task_id": "reportBack"}], "time_since_launch": 958.19}	361
"26073113054722981"	"AQUALAB"	"2026-07-31T20:22:17.017000+00:00"	"close_bestiary"	{"server_time": "2026-07-31T15:22:18+00:00"}	"GAME"	"120"	"production"	"6"	"UTC-07:00"	"AbundantBank"	{}	{"job_argumentation": 1, "job_experimentation": 0, "job_modeling": 1, "job_name": "kelp-energy", "money": 230, "region": "KelpStation", "scene_type": "station-interior", "science_level": 1, "science_points": 10, "site": "RS-Kelp", "task_list": [{"is_complete": true, "task_id": "foodweb"}, {"is_complete": false, "task_id": "reportBack"}], "time_since_launch": 961.45}	362
"26073113054722981"	"AQUALAB"	"2026-07-31T20:22:17.018000+00:00"	"open_bestiary"	{"server_time": "2026-07-31T15:22:18+00:00"}	"GAME"	"120"	"production"	"6"	"UTC-07:00"	"AbundantBank"	{}	{"job_argumentation": 1, "job_experimentation": 0, "job_modeling": 1, "job_name": "kelp-energy", "money": 230, "region": "KelpStation", "scene_type": "station-interior", "science_level": 1, "science_points": 10, "site": "RS-Kelp", "task_list": [{"is_complete": true, "task_id": "foodweb"}, {"is_complete": false, "task_id": "reportBack"}], "time_since_launch": 961.45}	363
"26073113054722981"	"AQUALAB"	"2026-07-31T20:22:17.018000+00:00"	"bestiary_open_environments_tab"	{"server_time": "2026-07-31T15:22:18+00:00"}	"GAME"	"120"	"production"	"6"	"UTC-07:00"	"AbundantBank"	{}	{"job_argumentation": 1, "job_experimentation": 0, "job_modeling": 1, "job_name": "kelp-energy", "money": 230, "region": "KelpStation", "scene_type": "station-interior", "science_level": 1, "science_points": 10, "site": "RS-Kelp", "task_list": [{"is_complete": true, "task_id": "foodweb"}, {"is_complete": false, "task_id": "reportBack"}], "time_since_launch": 961.45}	364
"26073113054722981"	"AQUALAB"	"2026-07-31T20:22:17.744000+00:00"	"close_bestiary"	{"server_time": "2026-07-31T15:22:18+00:00"}	"GAME"	"120"	"production"	"6"	"UTC-07:00"	"AbundantBank"	{}	{"job_argumentation": 1, "job_experimentation": 0, "job_modeling": 1, "job_name": "kelp-energy", "money": 230, "region": "KelpStation", "scene_type": "station-interior", "science_level": 1, "science_points": 10, "site": "RS-Kelp", "task_list": [{"is_complete": true, "task_id": "foodweb"}, {"is_complete": false, "task_id": "reportBack"}], "time_since_launch": 962.18}	365
"26073113054722981"	"AQUALAB"	"2026-07-31T20:22:17.746000+00:00"	"open_bestiary"	{"server_time": "2026-07-31T15:22:18+00:00"}	"GAME"	"120"	"production"	"6"	"UTC-07:00"	"AbundantBank"	{}	{"job_argumentation": 1, "job_experimentation": 0, "job_modeling": 1, "job_name": "kelp-energy", "money": 230, "region": "KelpStation", "scene_type": "station-interior", "science_level": 1, "science_points": 10, "site": "RS-Kelp", "task_list": [{"is_complete": true, "task_id": "foodweb"}, {"is_complete": false, "task_id": "reportBack"}], "time_since_launch": 962.18}	366
"26073113054722981"	"AQUALAB"	"2026-07-31T20:22:17.746000+00:00"	"bestiary_open_species_tab"	{"server_time": "2026-07-31T15:22:18+00:00"}	"GAME"	"120"	"production"	"6"	"UTC-07:00"	"AbundantBank"	{}	{"job_argumentation": 1, "job_experimentation": 0, "job_modeling": 1, "job_name": "kelp-energy", "money": 230, "region": "KelpStation", "scene_type": "station-interior", "science_level": 1, "science_points": 10, "site": "RS-Kelp", "task_list": [{"is_complete": true, "task_id": "foodweb"}, {"is_complete": false, "task_id": "reportBack"}], "time_since_launch": 962.18}	367
"26073113054722981"	"AQUALAB"	"2026-07-31T20:22:17.768000+00:00"	"open_bestiary"	{"server_time": "2026-07-31T15:22:18+00:00"}	"GAME"	"120"	"production"	"6"	"UTC-07:00"	"AbundantBank"	{}	{"job_argumentation": 1, "job_experimentation": 0, "job_modeling": 1, "job_name": "kelp-energy", "money": 230, "region": "KelpStation", "scene_type": "station-interior", "science_level": 1, "science_points": 10, "site": "RS-Kelp", "task_list": [{"is_complete": true, "task_id": "foodweb"}, {"is_complete": false, "task_id": "reportBack"}], "time_since_launch": 962.2}	368
"26073113054722981"	"AQUALAB"	"2026-07-31T20:22:17.768000+00:00"	"bestiary_open_species_tab"	{"server_time": "2026-07-31T15:22:18+00:00"}	"GAME"	"120"	"production"	"6"	"UTC-07:00"	"AbundantBank"	{}	{"job_argumentation": 1, "job_experimentation": 0, "job_modeling": 1, "job_name": "kelp-energy", "money": 230, "region": "KelpStation", "scene_type": "station-interior", "science_level": 1, "science_points": 10, "site": "RS-Kelp", "task_list": [{"is_complete": true, "task_id": "foodweb"}, {"is_complete": false, "task_id": "reportBack"}], "time_since_launch": 962.2}	369
"26073113054722981"	"AQUALAB"	"2026-07-31T20:22:19.081000+00:00"	"close_bestiary"	{"server_time": "2026-07-31T15:22:20+00:00"}	"GAME"	"120"	"production"	"6"	"UTC-07:00"	"AbundantBank"	{}	{"job_argumentation": 1, "job_experimentation": 0, "job_modeling": 1, "job_name": "kelp-energy", "money": 230, "region": "KelpStation", "scene_type": "station-interior", "science_level": 1, "science_points": 10, "site": "RS-Kelp", "task_list": [{"is_complete": true, "task_id": "foodweb"}, {"is_complete": false, "task_id": "reportBack"}], "time_since_launch": 963.51}	370
